[2026-05-17T19:10:27+0800] 🚀 MYCHEF Control Tower STARTED (PID 49783)
[2026-05-17T19:10:27+0800] Watching: /Users/openclaw/Downloads/MYCHEF . MASTER/control-tower/inbox
[2026-05-17T19:10:27+0800] ────────────────────────────────────────
[2026-05-17T19:11:02+0800] 💓 Heartbeat — 19:11 — Watching for updates…
[2026-05-17T19:12:02+0800] 💓 Heartbeat — 19:12 — Watching for updates…
[2026-05-17T19:13:02+0800] 💓 Heartbeat — 19:13 — Watching for updates…
[2026-05-17T19:14:02+0800] 💓 Heartbeat — 19:14 — Watching for updates…
[2026-05-17T19:15:03+0800] 💓 Heartbeat — 19:15 — Watching for updates…
/Users/openclaw/Downloads/MYCHEF . MASTER/control-tower/watcher.sh: line 77: ((: 08: value too great for base (error token is "08")
[2026-05-17T19:16:03+0800] 💓 Heartbeat — 19:16 — Watching for updates…
/Users/openclaw/Downloads/MYCHEF . MASTER/control-tower/watcher.sh: line 77: ((: 08: value too great for base (error token is "08")
[2026-05-17T19:17:03+0800] 💓 Heartbeat — 19:17 — Watching for updates…
/Users/openclaw/Downloads/MYCHEF . MASTER/control-tower/watcher.sh: line 77: ((: 08: value too great for base (error token is "08")
[2026-05-17T19:18:03+0800] 💓 Heartbeat — 19:18 — Watching for updates…
/Users/openclaw/Downloads/MYCHEF . MASTER/control-tower/watcher.sh: line 77: ((: 08: value too great for base (error token is "08")
[2026-05-17T19:19:04+0800] 💓 Heartbeat — 19:19 — Watching for updates…
/Users/openclaw/Downloads/MYCHEF . MASTER/control-tower/watcher.sh: line 77: ((: 09: value too great for base (error token is "09")
[2026-05-17T19:20:04+0800] 💓 Heartbeat — 19:20 — Watching for updates…
/Users/openclaw/Downloads/MYCHEF . MASTER/control-tower/watcher.sh: line 77: ((: 09: value too great for base (error token is "09")
[2026-05-17T19:21:04+0800] 💓 Heartbeat — 19:21 — Watching for updates…
/Users/openclaw/Downloads/MYCHEF . MASTER/control-tower/watcher.sh: line 77: ((: 09: value too great for base (error token is "09")
[2026-05-17T19:22:04+0800] 💓 Heartbeat — 19:22 — Watching for updates…
/Users/openclaw/Downloads/MYCHEF . MASTER/control-tower/watcher.sh: line 77: ((: 09: value too great for base (error token is "09")
[2026-05-17T19:23:04+0800] 💓 Heartbeat — 19:23 — Watching for updates…
/Users/openclaw/Downloads/MYCHEF . MASTER/control-tower/watcher.sh: line 77: ((: 09: value too great for base (error token is "09")
[2026-05-17T19:24:00+0800] 💓 Heartbeat — 19:24 — Watching for updates…
[2026-05-17T19:25:00+0800] 💓 Heartbeat — 19:25 — Watching for updates…
[2026-05-17T19:26:00+0800] 💓 Heartbeat — 19:26 — Watching for updates…
[2026-05-17T19:27:00+0800] 💓 Heartbeat — 19:27 — Watching for updates…
[2026-05-17T19:28:00+0800] 💓 Heartbeat — 19:28 — Watching for updates…
[2026-05-17T19:29:01+0800] 💓 Heartbeat — 19:29 — Watching for updates…
[2026-05-17T19:30:01+0800] 💓 Heartbeat — 19:30 — Watching for updates…
[2026-05-17T19:31:01+0800] 💓 Heartbeat — 19:31 — Watching for updates…
[2026-05-17T19:32:01+0800] 💓 Heartbeat — 19:32 — Watching for updates…
[2026-05-17T19:33:02+0800] 💓 Heartbeat — 19:33 — Watching for updates…
[2026-05-17T19:34:02+0800] 💓 Heartbeat — 19:34 — Watching for updates…
[2026-05-17T19:35:02+0800] 💓 Heartbeat — 19:35 — Watching for updates…
[2026-05-17T19:36:02+0800] 💓 Heartbeat — 19:36 — Watching for updates…
[2026-05-17T19:37:03+0800] 💓 Heartbeat — 19:37 — Watching for updates…
/Users/openclaw/Downloads/MYCHEF . MASTER/control-tower/watcher.sh: line 77: ((: 08: value too great for base (error token is "08")
[2026-05-17T19:38:03+0800] 💓 Heartbeat — 19:38 — Watching for updates…
/Users/openclaw/Downloads/MYCHEF . MASTER/control-tower/watcher.sh: line 77: ((: 08: value too great for base (error token is "08")
[2026-05-17T19:39:03+0800] 💓 Heartbeat — 19:39 — Watching for updates…
/Users/openclaw/Downloads/MYCHEF . MASTER/control-tower/watcher.sh: line 77: ((: 08: value too great for base (error token is "08")
[2026-05-17T19:40:03+0800] 💓 Heartbeat — 19:40 — Watching for updates…
/Users/openclaw/Downloads/MYCHEF . MASTER/control-tower/watcher.sh: line 77: ((: 08: value too great for base (error token is "08")
[2026-05-17T19:41:03+0800] 💓 Heartbeat — 19:41 — Watching for updates…
/Users/openclaw/Downloads/MYCHEF . MASTER/control-tower/watcher.sh: line 77: ((: 08: value too great for base (error token is "08")
[2026-05-17T19:42:04+0800] 💓 Heartbeat — 19:42 — Watching for updates…
/Users/openclaw/Downloads/MYCHEF . MASTER/control-tower/watcher.sh: line 77: ((: 09: value too great for base (error token is "09")
[2026-05-17T19:43:04+0800] 💓 Heartbeat — 19:43 — Watching for updates…
/Users/openclaw/Downloads/MYCHEF . MASTER/control-tower/watcher.sh: line 77: ((: 09: value too great for base (error token is "09")
[2026-05-17T19:44:04+0800] 💓 Heartbeat — 19:44 — Watching for updates…
/Users/openclaw/Downloads/MYCHEF . MASTER/control-tower/watcher.sh: line 77: ((: 09: value too great for base (error token is "09")
[2026-05-17T19:45:04+0800] 💓 Heartbeat — 19:45 — Watching for updates…
/Users/openclaw/Downloads/MYCHEF . MASTER/control-tower/watcher.sh: line 77: ((: 09: value too great for base (error token is "09")
[2026-05-17T19:46:00+0800] 💓 Heartbeat — 19:46 — Watching for updates…
[2026-05-17T19:47:00+0800] 💓 Heartbeat — 19:47 — Watching for updates…
[2026-05-17T19:48:00+0800] 💓 Heartbeat — 19:48 — Watching for updates…
[2026-05-17T19:49:00+0800] 💓 Heartbeat — 19:49 — Watching for updates…
[2026-05-17T19:50:01+0800] 💓 Heartbeat — 19:50 — Watching for updates…
[2026-05-17T19:51:01+0800] 💓 Heartbeat — 19:51 — Watching for updates…
[2026-05-17T19:52:01+0800] 💓 Heartbeat — 19:52 — Watching for updates…
[2026-05-17T19:53:01+0800] 💓 Heartbeat — 19:53 — Watching for updates…
[2026-05-17T19:54:02+0800] 💓 Heartbeat — 19:54 — Watching for updates…
[2026-05-17T19:55:02+0800] 💓 Heartbeat — 19:55 — Watching for updates…
[2026-05-17T19:56:02+0800] 💓 Heartbeat — 19:56 — Watching for updates…
[2026-05-17T19:57:02+0800] 💓 Heartbeat — 19:57 — Watching for updates…
[2026-05-17T19:58:02+0800] 💓 Heartbeat — 19:58 — Watching for updates…
[2026-05-17T19:59:03+0800] 💓 Heartbeat — 19:59 — Watching for updates…
/Users/openclaw/Downloads/MYCHEF . MASTER/control-tower/watcher.sh: line 77: ((: 08: value too great for base (error token is "08")
[2026-05-17T20:00:03+0800] 💓 Heartbeat — 20:00 — Watching for updates…
/Users/openclaw/Downloads/MYCHEF . MASTER/control-tower/watcher.sh: line 77: ((: 08: value too great for base (error token is "08")
[2026-05-17T20:01:03+0800] 💓 Heartbeat — 20:01 — Watching for updates…
/Users/openclaw/Downloads/MYCHEF . MASTER/control-tower/watcher.sh: line 77: ((: 08: value too great for base (error token is "08")
[2026-05-17T20:02:03+0800] 💓 Heartbeat — 20:02 — Watching for updates…
/Users/openclaw/Downloads/MYCHEF . MASTER/control-tower/watcher.sh: line 77: ((: 08: value too great for base (error token is "08")
[2026-05-17T20:03:04+0800] 💓 Heartbeat — 20:03 — Watching for updates…
/Users/openclaw/Downloads/MYCHEF . MASTER/control-tower/watcher.sh: line 77: ((: 09: value too great for base (error token is "09")
[2026-05-17T20:04:04+0800] 💓 Heartbeat — 20:04 — Watching for updates…
/Users/openclaw/Downloads/MYCHEF . MASTER/control-tower/watcher.sh: line 77: ((: 09: value too great for base (error token is "09")
[2026-05-17T20:05:04+0800] 💓 Heartbeat — 20:05 — Watching for updates…
/Users/openclaw/Downloads/MYCHEF . MASTER/control-tower/watcher.sh: line 77: ((: 09: value too great for base (error token is "09")
[2026-05-17T20:06:04+0800] 💓 Heartbeat — 20:06 — Watching for updates…
/Users/openclaw/Downloads/MYCHEF . MASTER/control-tower/watcher.sh: line 77: ((: 09: value too great for base (error token is "09")
[2026-05-17T20:07:04+0800] 💓 Heartbeat — 20:07 — Watching for updates…
/Users/openclaw/Downloads/MYCHEF . MASTER/control-tower/watcher.sh: line 77: ((: 09: value too great for base (error token is "09")
[2026-05-17T20:08:00+0800] 💓 Heartbeat — 20:08 — Watching for updates…
[2026-05-17T20:09:00+0800] 💓 Heartbeat — 20:09 — Watching for updates…
[2026-05-17T20:10:00+0800] 💓 Heartbeat — 20:10 — Watching for updates…
[2026-05-17T20:11:00+0800] 💓 Heartbeat — 20:11 — Watching for updates…
[2026-05-17T20:12:01+0800] 💓 Heartbeat — 20:12 — Watching for updates…
[2026-05-17T20:13:01+0800] 💓 Heartbeat — 20:13 — Watching for updates…
[2026-05-17T20:14:01+0800] 💓 Heartbeat — 20:14 — Watching for updates…
[2026-05-17T20:15:01+0800] 💓 Heartbeat — 20:15 — Watching for updates…
[2026-05-17T20:16:02+0800] 💓 Heartbeat — 20:16 — Watching for updates…
[2026-05-17T20:17:02+0800] 💓 Heartbeat — 20:17 — Watching for updates…
[2026-05-17T20:18:02+0800] 💓 Heartbeat — 20:18 — Watching for updates…
[2026-05-17T20:19:02+0800] 💓 Heartbeat — 20:19 — Watching for updates…
[2026-05-17T20:20:02+0800] 💓 Heartbeat — 20:20 — Watching for updates…
[2026-05-17T20:21:03+0800] 💓 Heartbeat — 20:21 — Watching for updates…
/Users/openclaw/Downloads/MYCHEF . MASTER/control-tower/watcher.sh: line 77: ((: 08: value too great for base (error token is "08")
[2026-05-17T20:22:03+0800] 💓 Heartbeat — 20:22 — Watching for updates…
/Users/openclaw/Downloads/MYCHEF . MASTER/control-tower/watcher.sh: line 77: ((: 08: value too great for base (error token is "08")
[2026-05-17T20:23:03+0800] 💓 Heartbeat — 20:23 — Watching for updates…
/Users/openclaw/Downloads/MYCHEF . MASTER/control-tower/watcher.sh: line 77: ((: 08: value too great for base (error token is "08")
[2026-05-17T20:24:03+0800] 💓 Heartbeat — 20:24 — Watching for updates…
/Users/openclaw/Downloads/MYCHEF . MASTER/control-tower/watcher.sh: line 77: ((: 08: value too great for base (error token is "08")
[2026-05-17T20:25:04+0800] 💓 Heartbeat — 20:25 — Watching for updates…
/Users/openclaw/Downloads/MYCHEF . MASTER/control-tower/watcher.sh: line 77: ((: 09: value too great for base (error token is "09")
[2026-05-17T20:26:04+0800] 💓 Heartbeat — 20:26 — Watching for updates…
/Users/openclaw/Downloads/MYCHEF . MASTER/control-tower/watcher.sh: line 77: ((: 09: value too great for base (error token is "09")
[2026-05-17T20:27:04+0800] 💓 Heartbeat — 20:27 — Watching for updates…
/Users/openclaw/Downloads/MYCHEF . MASTER/control-tower/watcher.sh: line 77: ((: 09: value too great for base (error token is "09")
[2026-05-17T20:28:04+0800] 💓 Heartbeat — 20:28 — Watching for updates…
/Users/openclaw/Downloads/MYCHEF . MASTER/control-tower/watcher.sh: line 77: ((: 09: value too great for base (error token is "09")
[2026-05-17T20:29:00+0800] 💓 Heartbeat — 20:29 — Watching for updates…
[2026-05-17T20:30:00+0800] 💓 Heartbeat — 20:30 — Watching for updates…
[2026-05-17T20:31:00+0800] 💓 Heartbeat — 20:31 — Watching for updates…
[2026-05-17T20:32:00+0800] 💓 Heartbeat — 20:32 — Watching for updates…
[2026-05-17T20:33:01+0800] 💓 Heartbeat — 20:33 — Watching for updates…
[2026-05-17T20:34:01+0800] 💓 Heartbeat — 20:34 — Watching for updates…
[2026-05-17T20:35:01+0800] 💓 Heartbeat — 20:35 — Watching for updates…
[2026-05-17T20:36:01+0800] 💓 Heartbeat — 20:36 — Watching for updates…
[2026-05-17T20:37:01+0800] 💓 Heartbeat — 20:37 — Watching for updates…
[2026-05-17T20:38:02+0800] 💓 Heartbeat — 20:38 — Watching for updates…
[2026-05-17T20:39:02+0800] 💓 Heartbeat — 20:39 — Watching for updates…
[2026-05-17T20:40:02+0800] 💓 Heartbeat — 20:40 — Watching for updates…
[2026-05-17T20:41:02+0800] 💓 Heartbeat — 20:41 — Watching for updates…
[2026-05-17T20:42:03+0800] 💓 Heartbeat — 20:42 — Watching for updates…
/Users/openclaw/Downloads/MYCHEF . MASTER/control-tower/watcher.sh: line 77: ((: 08: value too great for base (error token is "08")
[2026-05-17T20:43:03+0800] 💓 Heartbeat — 20:43 — Watching for updates…
/Users/openclaw/Downloads/MYCHEF . MASTER/control-tower/watcher.sh: line 77: ((: 08: value too great for base (error token is "08")
[2026-05-17T20:44:03+0800] 💓 Heartbeat — 20:44 — Watching for updates…
/Users/openclaw/Downloads/MYCHEF . MASTER/control-tower/watcher.sh: line 77: ((: 08: value too great for base (error token is "08")
[2026-05-17T20:45:03+0800] 💓 Heartbeat — 20:45 — Watching for updates…
/Users/openclaw/Downloads/MYCHEF . MASTER/control-tower/watcher.sh: line 77: ((: 08: value too great for base (error token is "08")
[2026-05-17T20:46:03+0800] 💓 Heartbeat — 20:46 — Watching for updates…
/Users/openclaw/Downloads/MYCHEF . MASTER/control-tower/watcher.sh: line 77: ((: 08: value too great for base (error token is "08")
[2026-05-17T20:47:04+0800] 💓 Heartbeat — 20:47 — Watching for updates…
/Users/openclaw/Downloads/MYCHEF . MASTER/control-tower/watcher.sh: line 77: ((: 09: value too great for base (error token is "09")
[2026-05-17T20:48:04+0800] 💓 Heartbeat — 20:48 — Watching for updates…
/Users/openclaw/Downloads/MYCHEF . MASTER/control-tower/watcher.sh: line 77: ((: 09: value too great for base (error token is "09")
[2026-05-17T20:49:04+0800] 💓 Heartbeat — 20:49 — Watching for updates…
/Users/openclaw/Downloads/MYCHEF . MASTER/control-tower/watcher.sh: line 77: ((: 09: value too great for base (error token is "09")
[2026-05-17T20:50:04+0800] 💓 Heartbeat — 20:50 — Watching for updates…
/Users/openclaw/Downloads/MYCHEF . MASTER/control-tower/watcher.sh: line 77: ((: 09: value too great for base (error token is "09")
[2026-05-17T20:51:00+0800] 💓 Heartbeat — 20:51 — Watching for updates…
[2026-05-17T20:52:00+0800] 💓 Heartbeat — 20:52 — Watching for updates…
[2026-05-17T20:53:00+0800] 💓 Heartbeat — 20:53 — Watching for updates…
[2026-05-17T20:54:00+0800] 💓 Heartbeat — 20:54 — Watching for updates…
[2026-05-17T20:55:00+0800] 💓 Heartbeat — 20:55 — Watching for updates…
[2026-05-17T20:56:01+0800] 💓 Heartbeat — 20:56 — Watching for updates…
[2026-05-17T20:57:01+0800] 💓 Heartbeat — 20:57 — Watching for updates…
[2026-05-17T20:58:01+0800] 💓 Heartbeat — 20:58 — Watching for updates…
[2026-05-17T20:59:01+0800] 💓 Heartbeat — 20:59 — Watching for updates…
[2026-05-17T21:00:02+0800] 💓 Heartbeat — 21:00 — Watching for updates…
[2026-05-17T21:01:02+0800] 💓 Heartbeat — 21:01 — Watching for updates…
[2026-05-17T21:02:02+0800] 💓 Heartbeat — 21:02 — Watching for updates…
[2026-05-17T21:03:02+0800] 💓 Heartbeat — 21:03 — Watching for updates…
[2026-05-17T21:04:02+0800] 💓 Heartbeat — 21:04 — Watching for updates…
[2026-05-17T21:05:03+0800] 💓 Heartbeat — 21:05 — Watching for updates…
/Users/openclaw/Downloads/MYCHEF . MASTER/control-tower/watcher.sh: line 77: ((: 08: value too great for base (error token is "08")
[2026-05-17T21:06:03+0800] 💓 Heartbeat — 21:06 — Watching for updates…
/Users/openclaw/Downloads/MYCHEF . MASTER/control-tower/watcher.sh: line 77: ((: 08: value too great for base (error token is "08")
[2026-05-17T21:07:03+0800] 💓 Heartbeat — 21:07 — Watching for updates…
/Users/openclaw/Downloads/MYCHEF . MASTER/control-tower/watcher.sh: line 77: ((: 08: value too great for base (error token is "08")
[2026-05-17T21:08:03+0800] 💓 Heartbeat — 21:08 — Watching for updates…
/Users/openclaw/Downloads/MYCHEF . MASTER/control-tower/watcher.sh: line 77: ((: 08: value too great for base (error token is "08")
[2026-05-17T21:09:03+0800] 💓 Heartbeat — 21:09 — Watching for updates…
/Users/openclaw/Downloads/MYCHEF . MASTER/control-tower/watcher.sh: line 77: ((: 08: value too great for base (error token is "08")
[2026-05-17T21:10:03+0800] 💓 Heartbeat — 21:10 — Watching for updates…
/Users/openclaw/Downloads/MYCHEF . MASTER/control-tower/watcher.sh: line 77: ((: 08: value too great for base (error token is "08")
[2026-05-17T21:11:04+0800] 💓 Heartbeat — 21:11 — Watching for updates…
/Users/openclaw/Downloads/MYCHEF . MASTER/control-tower/watcher.sh: line 77: ((: 09: value too great for base (error token is "09")
[2026-05-17T21:12:04+0800] 💓 Heartbeat — 21:12 — Watching for updates…
/Users/openclaw/Downloads/MYCHEF . MASTER/control-tower/watcher.sh: line 77: ((: 09: value too great for base (error token is "09")
[2026-05-17T21:13:04+0800] 💓 Heartbeat — 21:13 — Watching for updates…
/Users/openclaw/Downloads/MYCHEF . MASTER/control-tower/watcher.sh: line 77: ((: 09: value too great for base (error token is "09")
[2026-05-17T21:14:04+0800] 💓 Heartbeat — 21:14 — Watching for updates…
/Users/openclaw/Downloads/MYCHEF . MASTER/control-tower/watcher.sh: line 77: ((: 09: value too great for base (error token is "09")
[2026-05-17T21:15:04+0800] 💓 Heartbeat — 21:15 — Watching for updates…
/Users/openclaw/Downloads/MYCHEF . MASTER/control-tower/watcher.sh: line 77: ((: 09: value too great for base (error token is "09")
[2026-05-17T21:16:04+0800] 💓 Heartbeat — 21:16 — Watching for updates…
[2026-05-17T21:17:00+0800] 💓 Heartbeat — 21:17 — Watching for updates…
[2026-05-17T21:18:00+0800] 💓 Heartbeat — 21:18 — Watching for updates…
[2026-05-17T21:19:00+0800] 💓 Heartbeat — 21:19 — Watching for updates…
[2026-05-17T21:20:00+0800] 💓 Heartbeat — 21:20 — Watching for updates…
[2026-05-17T21:21:00+0800] 💓 Heartbeat — 21:21 — Watching for updates…
[2026-05-17T21:22:01+0800] 💓 Heartbeat — 21:22 — Watching for updates…
[2026-05-17T21:23:01+0800] 💓 Heartbeat — 21:23 — Watching for updates…
[2026-05-17T21:24:01+0800] 💓 Heartbeat — 21:24 — Watching for updates…
[2026-05-17T21:25:01+0800] 💓 Heartbeat — 21:25 — Watching for updates…
[2026-05-17T21:26:01+0800] 💓 Heartbeat — 21:26 — Watching for updates…
[2026-05-17T21:27:02+0800] 💓 Heartbeat — 21:27 — Watching for updates…
[2026-05-17T21:28:02+0800] 💓 Heartbeat — 21:28 — Watching for updates…
[2026-05-17T21:29:02+0800] 💓 Heartbeat — 21:29 — Watching for updates…
[2026-05-17T21:30:02+0800] 💓 Heartbeat — 21:30 — Watching for updates…
[2026-05-17T21:31:03+0800] 💓 Heartbeat — 21:31 — Watching for updates…
/Users/openclaw/Downloads/MYCHEF . MASTER/control-tower/watcher.sh: line 77: ((: 08: value too great for base (error token is "08")
[2026-05-17T21:32:03+0800] 💓 Heartbeat — 21:32 — Watching for updates…
/Users/openclaw/Downloads/MYCHEF . MASTER/control-tower/watcher.sh: line 77: ((: 08: value too great for base (error token is "08")
[2026-05-17T21:33:03+0800] 💓 Heartbeat — 21:33 — Watching for updates…
/Users/openclaw/Downloads/MYCHEF . MASTER/control-tower/watcher.sh: line 77: ((: 08: value too great for base (error token is "08")
[2026-05-17T21:34:03+0800] 💓 Heartbeat — 21:34 — Watching for updates…
/Users/openclaw/Downloads/MYCHEF . MASTER/control-tower/watcher.sh: line 77: ((: 08: value too great for base (error token is "08")
[2026-05-17T21:35:03+0800] 💓 Heartbeat — 21:35 — Watching for updates…
/Users/openclaw/Downloads/MYCHEF . MASTER/control-tower/watcher.sh: line 77: ((: 08: value too great for base (error token is "08")
[2026-05-17T21:36:04+0800] 💓 Heartbeat — 21:36 — Watching for updates…
/Users/openclaw/Downloads/MYCHEF . MASTER/control-tower/watcher.sh: line 77: ((: 09: value too great for base (error token is "09")
[2026-05-17T21:37:04+0800] 💓 Heartbeat — 21:37 — Watching for updates…
/Users/openclaw/Downloads/MYCHEF . MASTER/control-tower/watcher.sh: line 77: ((: 09: value too great for base (error token is "09")
[2026-05-17T21:38:04+0800] 💓 Heartbeat — 21:38 — Watching for updates…
/Users/openclaw/Downloads/MYCHEF . MASTER/control-tower/watcher.sh: line 77: ((: 09: value too great for base (error token is "09")
[2026-05-17T21:39:04+0800] 💓 Heartbeat — 21:39 — Watching for updates…
/Users/openclaw/Downloads/MYCHEF . MASTER/control-tower/watcher.sh: line 77: ((: 09: value too great for base (error token is "09")
[2026-05-17T21:40:00+0800] 💓 Heartbeat — 21:40 — Watching for updates…
[2026-05-17T21:41:00+0800] 💓 Heartbeat — 21:41 — Watching for updates…
[2026-05-17T21:42:00+0800] 💓 Heartbeat — 21:42 — Watching for updates…
[2026-05-17T21:43:00+0800] 💓 Heartbeat — 21:43 — Watching for updates…
[2026-05-17T21:44:01+0800] 💓 Heartbeat — 21:44 — Watching for updates…
[2026-05-17T21:45:01+0800] 💓 Heartbeat — 21:45 — Watching for updates…
[2026-05-17T21:46:01+0800] 💓 Heartbeat — 21:46 — Watching for updates…
[2026-05-17T21:47:01+0800] 💓 Heartbeat — 21:47 — Watching for updates…
[2026-05-17T21:48:01+0800] 💓 Heartbeat — 21:48 — Watching for updates…
[2026-05-17T21:49:02+0800] 💓 Heartbeat — 21:49 — Watching for updates…
[2026-05-17T21:50:02+0800] 💓 Heartbeat — 21:50 — Watching for updates…
[2026-05-17T21:51:02+0800] 💓 Heartbeat — 21:51 — Watching for updates…
[2026-05-17T21:52:02+0800] 💓 Heartbeat — 21:52 — Watching for updates…
[2026-05-17T21:53:02+0800] 💓 Heartbeat — 21:53 — Watching for updates…
[2026-05-17T21:54:03+0800] 💓 Heartbeat — 21:54 — Watching for updates…
/Users/openclaw/Downloads/MYCHEF . MASTER/control-tower/watcher.sh: line 77: ((: 08: value too great for base (error token is "08")
[2026-05-17T21:55:03+0800] 💓 Heartbeat — 21:55 — Watching for updates…
/Users/openclaw/Downloads/MYCHEF . MASTER/control-tower/watcher.sh: line 77: ((: 08: value too great for base (error token is "08")
[2026-05-17T21:56:03+0800] 💓 Heartbeat — 21:56 — Watching for updates…
/Users/openclaw/Downloads/MYCHEF . MASTER/control-tower/watcher.sh: line 77: ((: 08: value too great for base (error token is "08")
[2026-05-17T21:57:03+0800] 💓 Heartbeat — 21:57 — Watching for updates…
/Users/openclaw/Downloads/MYCHEF . MASTER/control-tower/watcher.sh: line 77: ((: 08: value too great for base (error token is "08")
[2026-05-17T21:58:03+0800] 💓 Heartbeat — 21:58 — Watching for updates…
/Users/openclaw/Downloads/MYCHEF . MASTER/control-tower/watcher.sh: line 77: ((: 08: value too great for base (error token is "08")
[2026-05-17T21:59:04+0800] 💓 Heartbeat — 21:59 — Watching for updates…
/Users/openclaw/Downloads/MYCHEF . MASTER/control-tower/watcher.sh: line 77: ((: 09: value too great for base (error token is "09")
[2026-05-17T22:00:04+0800] 💓 Heartbeat — 22:00 — Watching for updates…
/Users/openclaw/Downloads/MYCHEF . MASTER/control-tower/watcher.sh: line 77: ((: 09: value too great for base (error token is "09")
[2026-05-17T22:01:04+0800] 💓 Heartbeat — 22:01 — Watching for updates…
/Users/openclaw/Downloads/MYCHEF . MASTER/control-tower/watcher.sh: line 77: ((: 09: value too great for base (error token is "09")
[2026-05-17T22:02:04+0800] 💓 Heartbeat — 22:02 — Watching for updates…
/Users/openclaw/Downloads/MYCHEF . MASTER/control-tower/watcher.sh: line 77: ((: 09: value too great for base (error token is "09")
[2026-05-17T22:03:00+0800] 💓 Heartbeat — 22:03 — Watching for updates…
[2026-05-17T22:04:00+0800] 💓 Heartbeat — 22:04 — Watching for updates…
[2026-05-17T22:05:00+0800] 💓 Heartbeat — 22:05 — Watching for updates…
[2026-05-17T22:06:00+0800] 💓 Heartbeat — 22:06 — Watching for updates…
[2026-05-17T22:07:01+0800] 💓 Heartbeat — 22:07 — Watching for updates…
[2026-05-17T22:08:01+0800] 💓 Heartbeat — 22:08 — Watching for updates…
[2026-05-17T22:09:01+0800] 💓 Heartbeat — 22:09 — Watching for updates…
[2026-05-17T22:10:02+0800] 💓 Heartbeat — 22:10 — Watching for updates…
[2026-05-17T22:11:02+0800] 💓 Heartbeat — 22:11 — Watching for updates…
[2026-05-17T22:12:02+0800] 💓 Heartbeat — 22:12 — Watching for updates…
[2026-05-17T22:13:02+0800] 💓 Heartbeat — 22:13 — Watching for updates…
[2026-05-17T22:14:03+0800] 💓 Heartbeat — 22:14 — Watching for updates…
/Users/openclaw/Downloads/MYCHEF . MASTER/control-tower/watcher.sh: line 77: ((: 08: value too great for base (error token is "08")
[2026-05-17T22:15:03+0800] 💓 Heartbeat — 22:15 — Watching for updates…
/Users/openclaw/Downloads/MYCHEF . MASTER/control-tower/watcher.sh: line 77: ((: 08: value too great for base (error token is "08")
[2026-05-17T22:16:03+0800] 💓 Heartbeat — 22:16 — Watching for updates…
/Users/openclaw/Downloads/MYCHEF . MASTER/control-tower/watcher.sh: line 77: ((: 08: value too great for base (error token is "08")
[2026-05-17T22:17:03+0800] 💓 Heartbeat — 22:17 — Watching for updates…
/Users/openclaw/Downloads/MYCHEF . MASTER/control-tower/watcher.sh: line 77: ((: 08: value too great for base (error token is "08")
[2026-05-17T22:18:04+0800] 💓 Heartbeat — 22:18 — Watching for updates…
/Users/openclaw/Downloads/MYCHEF . MASTER/control-tower/watcher.sh: line 77: ((: 09: value too great for base (error token is "09")
[2026-05-17T22:19:04+0800] 💓 Heartbeat — 22:19 — Watching for updates…
/Users/openclaw/Downloads/MYCHEF . MASTER/control-tower/watcher.sh: line 77: ((: 09: value too great for base (error token is "09")
[2026-05-17T22:20:04+0800] 💓 Heartbeat — 22:20 — Watching for updates…
/Users/openclaw/Downloads/MYCHEF . MASTER/control-tower/watcher.sh: line 77: ((: 09: value too great for base (error token is "09")
[2026-05-17T22:21:04+0800] 💓 Heartbeat — 22:21 — Watching for updates…
/Users/openclaw/Downloads/MYCHEF . MASTER/control-tower/watcher.sh: line 77: ((: 09: value too great for base (error token is "09")
[2026-05-17T22:22:04+0800] 💓 Heartbeat — 22:22 — Watching for updates…
/Users/openclaw/Downloads/MYCHEF . MASTER/control-tower/watcher.sh: line 77: ((: 09: value too great for base (error token is "09")
[2026-05-17T22:24:00+0800] 💓 Heartbeat — 22:24 — Watching for updates…
[2026-05-17T22:25:00+0800] 💓 Heartbeat — 22:25 — Watching for updates…
[2026-05-17T22:26:00+0800] 💓 Heartbeat — 22:26 — Watching for updates…
[2026-05-17T22:27:00+0800] 💓 Heartbeat — 22:27 — Watching for updates…
[2026-05-17T22:28:01+0800] 💓 Heartbeat — 22:28 — Watching for updates…
[2026-05-17T22:29:01+0800] 💓 Heartbeat — 22:29 — Watching for updates…
[2026-05-17T22:30:01+0800] 💓 Heartbeat — 22:30 — Watching for updates…
[2026-05-17T22:31:01+0800] 💓 Heartbeat — 22:31 — Watching for updates…
[2026-05-17T22:32:01+0800] 💓 Heartbeat — 22:32 — Watching for updates…
[2026-05-17T22:33:02+0800] 💓 Heartbeat — 22:33 — Watching for updates…
[2026-05-17T22:34:02+0800] 💓 Heartbeat — 22:34 — Watching for updates…
[2026-05-17T22:35:02+0800] 💓 Heartbeat — 22:35 — Watching for updates…
[2026-05-17T22:36:02+0800] 💓 Heartbeat — 22:36 — Watching for updates…
[2026-05-17T22:37:02+0800] 💓 Heartbeat — 22:37 — Watching for updates…
[2026-05-17T22:38:03+0800] 💓 Heartbeat — 22:38 — Watching for updates…
/Users/openclaw/Downloads/MYCHEF . MASTER/control-tower/watcher.sh: line 77: ((: 08: value too great for base (error token is "08")
[2026-05-17T22:39:03+0800] 💓 Heartbeat — 22:39 — Watching for updates…
/Users/openclaw/Downloads/MYCHEF . MASTER/control-tower/watcher.sh: line 77: ((: 08: value too great for base (error token is "08")
[2026-05-17T22:40:03+0800] 💓 Heartbeat — 22:40 — Watching for updates…
/Users/openclaw/Downloads/MYCHEF . MASTER/control-tower/watcher.sh: line 77: ((: 08: value too great for base (error token is "08")
[2026-05-17T22:41:03+0800] 💓 Heartbeat — 22:41 — Watching for updates…
/Users/openclaw/Downloads/MYCHEF . MASTER/control-tower/watcher.sh: line 77: ((: 08: value too great for base (error token is "08")
[2026-05-17T22:42:04+0800] 💓 Heartbeat — 22:42 — Watching for updates…
/Users/openclaw/Downloads/MYCHEF . MASTER/control-tower/watcher.sh: line 77: ((: 09: value too great for base (error token is "09")
[2026-05-17T22:43:04+0800] 💓 Heartbeat — 22:43 — Watching for updates…
/Users/openclaw/Downloads/MYCHEF . MASTER/control-tower/watcher.sh: line 77: ((: 09: value too great for base (error token is "09")
[2026-05-17T22:44:04+0800] 💓 Heartbeat — 22:44 — Watching for updates…
/Users/openclaw/Downloads/MYCHEF . MASTER/control-tower/watcher.sh: line 77: ((: 09: value too great for base (error token is "09")
[2026-05-17T22:45:04+0800] 💓 Heartbeat — 22:45 — Watching for updates…
/Users/openclaw/Downloads/MYCHEF . MASTER/control-tower/watcher.sh: line 77: ((: 09: value too great for base (error token is "09")
[2026-05-17T22:46:04+0800] 💓 Heartbeat — 22:46 — Watching for updates…
/Users/openclaw/Downloads/MYCHEF . MASTER/control-tower/watcher.sh: line 77: ((: 09: value too great for base (error token is "09")
[2026-05-17T22:47:04+0800] 💓 Heartbeat — 22:47 — Watching for updates…
[2026-05-17T22:48:00+0800] 💓 Heartbeat — 22:48 — Watching for updates…
[2026-05-17T22:49:00+0800] 💓 Heartbeat — 22:49 — Watching for updates…
[2026-05-17T22:50:00+0800] 💓 Heartbeat — 22:50 — Watching for updates…
[2026-05-17T22:51:00+0800] 💓 Heartbeat — 22:51 — Watching for updates…
[2026-05-17T22:52:00+0800] 💓 Heartbeat — 22:52 — Watching for updates…
[2026-05-17T22:53:01+0800] 💓 Heartbeat — 22:53 — Watching for updates…
[2026-05-17T22:54:01+0800] 💓 Heartbeat — 22:54 — Watching for updates…
[2026-05-17T22:55:01+0800] 💓 Heartbeat — 22:55 — Watching for updates…
[2026-05-17T22:56:01+0800] 💓 Heartbeat — 22:56 — Watching for updates…
[2026-05-17T22:57:01+0800] 💓 Heartbeat — 22:57 — Watching for updates…
[2026-05-17T22:58:02+0800] 💓 Heartbeat — 22:58 — Watching for updates…
[2026-05-17T22:59:02+0800] 💓 Heartbeat — 22:59 — Watching for updates…
[2026-05-17T23:00:02+0800] 💓 Heartbeat — 23:00 — Watching for updates…
[2026-05-17T23:01:02+0800] 💓 Heartbeat — 23:01 — Watching for updates…
[2026-05-17T23:02:02+0800] 💓 Heartbeat — 23:02 — Watching for updates…
[2026-05-17T23:03:03+0800] 💓 Heartbeat — 23:03 — Watching for updates…
/Users/openclaw/Downloads/MYCHEF . MASTER/control-tower/watcher.sh: line 77: ((: 08: value too great for base (error token is "08")
[2026-05-17T23:04:03+0800] 💓 Heartbeat — 23:04 — Watching for updates…
/Users/openclaw/Downloads/MYCHEF . MASTER/control-tower/watcher.sh: line 77: ((: 08: value too great for base (error token is "08")
[2026-05-17T23:05:03+0800] 💓 Heartbeat — 23:05 — Watching for updates…
/Users/openclaw/Downloads/MYCHEF . MASTER/control-tower/watcher.sh: line 77: ((: 08: value too great for base (error token is "08")
[2026-05-17T23:06:03+0800] 💓 Heartbeat — 23:06 — Watching for updates…
/Users/openclaw/Downloads/MYCHEF . MASTER/control-tower/watcher.sh: line 77: ((: 08: value too great for base (error token is "08")
[2026-05-17T23:07:03+0800] 💓 Heartbeat — 23:07 — Watching for updates…
/Users/openclaw/Downloads/MYCHEF . MASTER/control-tower/watcher.sh: line 77: ((: 08: value too great for base (error token is "08")
[2026-05-17T23:08:04+0800] 💓 Heartbeat — 23:08 — Watching for updates…
/Users/openclaw/Downloads/MYCHEF . MASTER/control-tower/watcher.sh: line 77: ((: 09: value too great for base (error token is "09")
[2026-05-17T23:09:04+0800] 💓 Heartbeat — 23:09 — Watching for updates…
/Users/openclaw/Downloads/MYCHEF . MASTER/control-tower/watcher.sh: line 77: ((: 09: value too great for base (error token is "09")
[2026-05-17T23:10:04+0800] 💓 Heartbeat — 23:10 — Watching for updates…
/Users/openclaw/Downloads/MYCHEF . MASTER/control-tower/watcher.sh: line 77: ((: 09: value too great for base (error token is "09")
[2026-05-17T23:11:00+0800] 💓 Heartbeat — 23:11 — Watching for updates…
[2026-05-17T23:12:00+0800] 💓 Heartbeat — 23:12 — Watching for updates…
[2026-05-17T23:13:00+0800] 💓 Heartbeat — 23:13 — Watching for updates…
[2026-05-17T23:14:01+0800] 💓 Heartbeat — 23:14 — Watching for updates…
[2026-05-17T23:15:01+0800] 💓 Heartbeat — 23:15 — Watching for updates…
[2026-05-17T23:16:01+0800] 💓 Heartbeat — 23:16 — Watching for updates…
[2026-05-17T23:17:01+0800] 💓 Heartbeat — 23:17 — Watching for updates…
[2026-05-17T23:18:02+0800] 💓 Heartbeat — 23:18 — Watching for updates…
[2026-05-17T23:19:02+0800] 💓 Heartbeat — 23:19 — Watching for updates…
[2026-05-17T23:20:02+0800] 💓 Heartbeat — 23:20 — Watching for updates…
[2026-05-17T23:21:02+0800] 💓 Heartbeat — 23:21 — Watching for updates…
[2026-05-17T23:22:03+0800] 💓 Heartbeat — 23:22 — Watching for updates…
/Users/openclaw/Downloads/MYCHEF . MASTER/control-tower/watcher.sh: line 77: ((: 08: value too great for base (error token is "08")
[2026-05-17T23:23:03+0800] 💓 Heartbeat — 23:23 — Watching for updates…
/Users/openclaw/Downloads/MYCHEF . MASTER/control-tower/watcher.sh: line 77: ((: 08: value too great for base (error token is "08")
[2026-05-17T23:24:03+0800] 💓 Heartbeat — 23:24 — Watching for updates…
/Users/openclaw/Downloads/MYCHEF . MASTER/control-tower/watcher.sh: line 77: ((: 08: value too great for base (error token is "08")
[2026-05-17T23:25:03+0800] 💓 Heartbeat — 23:25 — Watching for updates…
/Users/openclaw/Downloads/MYCHEF . MASTER/control-tower/watcher.sh: line 77: ((: 08: value too great for base (error token is "08")
[2026-05-17T23:26:04+0800] 💓 Heartbeat — 23:26 — Watching for updates…
/Users/openclaw/Downloads/MYCHEF . MASTER/control-tower/watcher.sh: line 77: ((: 09: value too great for base (error token is "09")
[2026-05-17T23:27:04+0800] 💓 Heartbeat — 23:27 — Watching for updates…
/Users/openclaw/Downloads/MYCHEF . MASTER/control-tower/watcher.sh: line 77: ((: 09: value too great for base (error token is "09")
[2026-05-17T23:28:04+0800] 💓 Heartbeat — 23:28 — Watching for updates…
/Users/openclaw/Downloads/MYCHEF . MASTER/control-tower/watcher.sh: line 77: ((: 09: value too great for base (error token is "09")
[2026-05-17T23:29:04+0800] 💓 Heartbeat — 23:29 — Watching for updates…
/Users/openclaw/Downloads/MYCHEF . MASTER/control-tower/watcher.sh: line 77: ((: 09: value too great for base (error token is "09")
[2026-05-17T23:30:04+0800] 💓 Heartbeat — 23:30 — Watching for updates…
/Users/openclaw/Downloads/MYCHEF . MASTER/control-tower/watcher.sh: line 77: ((: 09: value too great for base (error token is "09")
[2026-05-17T23:31:00+0800] 💓 Heartbeat — 23:31 — Watching for updates…
[2026-05-17T23:32:00+0800] 💓 Heartbeat — 23:32 — Watching for updates…
[2026-05-17T23:33:00+0800] 💓 Heartbeat — 23:33 — Watching for updates…
[2026-05-17T23:34:00+0800] 💓 Heartbeat — 23:34 — Watching for updates…
[2026-05-17T23:35:01+0800] 💓 Heartbeat — 23:35 — Watching for updates…
[2026-05-17T23:36:01+0800] 💓 Heartbeat — 23:36 — Watching for updates…
[2026-05-17T23:37:01+0800] 💓 Heartbeat — 23:37 — Watching for updates…
[2026-05-17T23:38:01+0800] 💓 Heartbeat — 23:38 — Watching for updates…
[2026-05-17T23:39:02+0800] 💓 Heartbeat — 23:39 — Watching for updates…
[2026-05-17T23:40:02+0800] 💓 Heartbeat — 23:40 — Watching for updates…
[2026-05-17T23:41:02+0800] 💓 Heartbeat — 23:41 — Watching for updates…
[2026-05-17T23:42:02+0800] 💓 Heartbeat — 23:42 — Watching for updates…
[2026-05-17T23:43:02+0800] 💓 Heartbeat — 23:43 — Watching for updates…
[2026-05-17T23:44:03+0800] 💓 Heartbeat — 23:44 — Watching for updates…
/Users/openclaw/Downloads/MYCHEF . MASTER/control-tower/watcher.sh: line 77: ((: 08: value too great for base (error token is "08")
[2026-05-17T23:45:03+0800] 💓 Heartbeat — 23:45 — Watching for updates…
/Users/openclaw/Downloads/MYCHEF . MASTER/control-tower/watcher.sh: line 77: ((: 08: value too great for base (error token is "08")
[2026-05-17T23:46:03+0800] 💓 Heartbeat — 23:46 — Watching for updates…
/Users/openclaw/Downloads/MYCHEF . MASTER/control-tower/watcher.sh: line 77: ((: 08: value too great for base (error token is "08")
[2026-05-17T23:47:03+0800] 💓 Heartbeat — 23:47 — Watching for updates…
/Users/openclaw/Downloads/MYCHEF . MASTER/control-tower/watcher.sh: line 77: ((: 08: value too great for base (error token is "08")
[2026-05-17T23:48:04+0800] 💓 Heartbeat — 23:48 — Watching for updates…
/Users/openclaw/Downloads/MYCHEF . MASTER/control-tower/watcher.sh: line 77: ((: 09: value too great for base (error token is "09")
[2026-05-17T23:49:04+0800] 💓 Heartbeat — 23:49 — Watching for updates…
/Users/openclaw/Downloads/MYCHEF . MASTER/control-tower/watcher.sh: line 77: ((: 09: value too great for base (error token is "09")
[2026-05-17T23:50:04+0800] 💓 Heartbeat — 23:50 — Watching for updates…
/Users/openclaw/Downloads/MYCHEF . MASTER/control-tower/watcher.sh: line 77: ((: 09: value too great for base (error token is "09")
[2026-05-17T23:51:04+0800] 💓 Heartbeat — 23:51 — Watching for updates…
/Users/openclaw/Downloads/MYCHEF . MASTER/control-tower/watcher.sh: line 77: ((: 09: value too great for base (error token is "09")
[2026-05-17T23:52:04+0800] 💓 Heartbeat — 23:52 — Watching for updates…
/Users/openclaw/Downloads/MYCHEF . MASTER/control-tower/watcher.sh: line 77: ((: 09: value too great for base (error token is "09")
[2026-05-17T23:53:00+0800] 💓 Heartbeat — 23:53 — Watching for updates…
[2026-05-17T23:54:00+0800] 💓 Heartbeat — 23:54 — Watching for updates…
[2026-05-17T23:55:00+0800] 💓 Heartbeat — 23:55 — Watching for updates…
[2026-05-17T23:56:00+0800] 💓 Heartbeat — 23:56 — Watching for updates…
[2026-05-17T23:57:01+0800] 💓 Heartbeat — 23:57 — Watching for updates…
[2026-05-17T23:58:01+0800] 💓 Heartbeat — 23:58 — Watching for updates…
[2026-05-17T23:59:01+0800] 💓 Heartbeat — 23:59 — Watching for updates…
[2026-05-18T00:00:01+0800] 💓 Heartbeat — 00:00 — Watching for updates…
[2026-05-18T00:01:02+0800] 💓 Heartbeat — 00:01 — Watching for updates…
[2026-05-18T00:02:02+0800] 💓 Heartbeat — 00:02 — Watching for updates…
[2026-05-18T00:03:02+0800] 💓 Heartbeat — 00:03 — Watching for updates…
[2026-05-18T00:04:02+0800] 💓 Heartbeat — 00:04 — Watching for updates…
[2026-05-18T00:05:03+0800] 💓 Heartbeat — 00:05 — Watching for updates…
/Users/openclaw/Downloads/MYCHEF . MASTER/control-tower/watcher.sh: line 77: ((: 08: value too great for base (error token is "08")
[2026-05-18T00:06:03+0800] 💓 Heartbeat — 00:06 — Watching for updates…
/Users/openclaw/Downloads/MYCHEF . MASTER/control-tower/watcher.sh: line 77: ((: 08: value too great for base (error token is "08")
[2026-05-18T00:07:03+0800] 💓 Heartbeat — 00:07 — Watching for updates…
/Users/openclaw/Downloads/MYCHEF . MASTER/control-tower/watcher.sh: line 77: ((: 08: value too great for base (error token is "08")
[2026-05-18T00:08:03+0800] 💓 Heartbeat — 00:08 — Watching for updates…
/Users/openclaw/Downloads/MYCHEF . MASTER/control-tower/watcher.sh: line 77: ((: 08: value too great for base (error token is "08")
[2026-05-18T00:09:03+0800] 💓 Heartbeat — 00:09 — Watching for updates…
/Users/openclaw/Downloads/MYCHEF . MASTER/control-tower/watcher.sh: line 77: ((: 08: value too great for base (error token is "08")
[2026-05-18T00:10:04+0800] 💓 Heartbeat — 00:10 — Watching for updates…
/Users/openclaw/Downloads/MYCHEF . MASTER/control-tower/watcher.sh: line 77: ((: 09: value too great for base (error token is "09")
[2026-05-18T00:11:04+0800] 💓 Heartbeat — 00:11 — Watching for updates…
/Users/openclaw/Downloads/MYCHEF . MASTER/control-tower/watcher.sh: line 77: ((: 09: value too great for base (error token is "09")
[2026-05-18T00:12:04+0800] 💓 Heartbeat — 00:12 — Watching for updates…
/Users/openclaw/Downloads/MYCHEF . MASTER/control-tower/watcher.sh: line 77: ((: 09: value too great for base (error token is "09")
[2026-05-18T00:13:04+0800] 💓 Heartbeat — 00:13 — Watching for updates…
/Users/openclaw/Downloads/MYCHEF . MASTER/control-tower/watcher.sh: line 77: ((: 09: value too great for base (error token is "09")
[2026-05-18T00:14:00+0800] 💓 Heartbeat — 00:14 — Watching for updates…
[2026-05-18T00:15:00+0800] 💓 Heartbeat — 00:15 — Watching for updates…
[2026-05-18T00:16:00+0800] 💓 Heartbeat — 00:16 — Watching for updates…
[2026-05-18T00:17:00+0800] 💓 Heartbeat — 00:17 — Watching for updates…
[2026-05-18T00:18:01+0800] 💓 Heartbeat — 00:18 — Watching for updates…
[2026-05-18T00:19:01+0800] 💓 Heartbeat — 00:19 — Watching for updates…
[2026-05-18T00:20:01+0800] 💓 Heartbeat — 00:20 — Watching for updates…
[2026-05-18T00:21:01+0800] 💓 Heartbeat — 00:21 — Watching for updates…
[2026-05-18T00:22:01+0800] 💓 Heartbeat — 00:22 — Watching for updates…
[2026-05-18T00:23:02+0800] 💓 Heartbeat — 00:23 — Watching for updates…
[2026-05-18T00:24:02+0800] 💓 Heartbeat — 00:24 — Watching for updates…
[2026-05-18T00:25:02+0800] 💓 Heartbeat — 00:25 — Watching for updates…
[2026-05-18T00:26:02+0800] 💓 Heartbeat — 00:26 — Watching for updates…
[2026-05-18T00:27:03+0800] 💓 Heartbeat — 00:27 — Watching for updates…
/Users/openclaw/Downloads/MYCHEF . MASTER/control-tower/watcher.sh: line 77: ((: 08: value too great for base (error token is "08")
[2026-05-18T00:28:03+0800] 💓 Heartbeat — 00:28 — Watching for updates…
/Users/openclaw/Downloads/MYCHEF . MASTER/control-tower/watcher.sh: line 77: ((: 08: value too great for base (error token is "08")
[2026-05-18T00:29:03+0800] 💓 Heartbeat — 00:29 — Watching for updates…
/Users/openclaw/Downloads/MYCHEF . MASTER/control-tower/watcher.sh: line 77: ((: 08: value too great for base (error token is "08")
[2026-05-18T00:30:03+0800] 💓 Heartbeat — 00:30 — Watching for updates…
/Users/openclaw/Downloads/MYCHEF . MASTER/control-tower/watcher.sh: line 77: ((: 08: value too great for base (error token is "08")
[2026-05-18T00:31:04+0800] 💓 Heartbeat — 00:31 — Watching for updates…
/Users/openclaw/Downloads/MYCHEF . MASTER/control-tower/watcher.sh: line 77: ((: 09: value too great for base (error token is "09")
[2026-05-18T00:32:04+0800] 💓 Heartbeat — 00:32 — Watching for updates…
/Users/openclaw/Downloads/MYCHEF . MASTER/control-tower/watcher.sh: line 77: ((: 09: value too great for base (error token is "09")
[2026-05-18T00:33:04+0800] 💓 Heartbeat — 00:33 — Watching for updates…
/Users/openclaw/Downloads/MYCHEF . MASTER/control-tower/watcher.sh: line 77: ((: 09: value too great for base (error token is "09")
[2026-05-18T00:34:04+0800] 💓 Heartbeat — 00:34 — Watching for updates…
/Users/openclaw/Downloads/MYCHEF . MASTER/control-tower/watcher.sh: line 77: ((: 09: value too great for base (error token is "09")
[2026-05-18T00:35:04+0800] 💓 Heartbeat — 00:35 — Watching for updates…
/Users/openclaw/Downloads/MYCHEF . MASTER/control-tower/watcher.sh: line 77: ((: 09: value too great for base (error token is "09")
[2026-05-18T00:36:00+0800] 💓 Heartbeat — 00:36 — Watching for updates…
[2026-05-18T00:37:00+0800] 💓 Heartbeat — 00:37 — Watching for updates…
[2026-05-18T00:38:00+0800] 💓 Heartbeat — 00:38 — Watching for updates…
[2026-05-18T00:39:00+0800] 💓 Heartbeat — 00:39 — Watching for updates…
[2026-05-18T00:40:01+0800] 💓 Heartbeat — 00:40 — Watching for updates…
[2026-05-18T00:41:01+0800] 💓 Heartbeat — 00:41 — Watching for updates…
[2026-05-18T00:42:01+0800] 💓 Heartbeat — 00:42 — Watching for updates…
[2026-05-18T00:43:01+0800] 💓 Heartbeat — 00:43 — Watching for updates…
[2026-05-18T00:44:02+0800] 💓 Heartbeat — 00:44 — Watching for updates…
[2026-05-18T00:45:02+0800] 💓 Heartbeat — 00:45 — Watching for updates…
[2026-05-18T00:46:02+0800] 💓 Heartbeat — 00:46 — Watching for updates…
[2026-05-18T00:47:02+0800] 💓 Heartbeat — 00:47 — Watching for updates…
[2026-05-18T00:48:02+0800] 💓 Heartbeat — 00:48 — Watching for updates…
[2026-05-18T00:49:03+0800] 💓 Heartbeat — 00:49 — Watching for updates…
/Users/openclaw/Downloads/MYCHEF . MASTER/control-tower/watcher.sh: line 77: ((: 08: value too great for base (error token is "08")
[2026-05-18T00:50:03+0800] 💓 Heartbeat — 00:50 — Watching for updates…
/Users/openclaw/Downloads/MYCHEF . MASTER/control-tower/watcher.sh: line 77: ((: 08: value too great for base (error token is "08")
[2026-05-18T00:51:03+0800] 💓 Heartbeat — 00:51 — Watching for updates…
/Users/openclaw/Downloads/MYCHEF . MASTER/control-tower/watcher.sh: line 77: ((: 08: value too great for base (error token is "08")
[2026-05-18T00:52:03+0800] 💓 Heartbeat — 00:52 — Watching for updates…
/Users/openclaw/Downloads/MYCHEF . MASTER/control-tower/watcher.sh: line 77: ((: 08: value too great for base (error token is "08")
[2026-05-18T00:53:03+0800] 💓 Heartbeat — 00:53 — Watching for updates…
/Users/openclaw/Downloads/MYCHEF . MASTER/control-tower/watcher.sh: line 77: ((: 08: value too great for base (error token is "08")
[2026-05-18T00:54:04+0800] 💓 Heartbeat — 00:54 — Watching for updates…
/Users/openclaw/Downloads/MYCHEF . MASTER/control-tower/watcher.sh: line 77: ((: 09: value too great for base (error token is "09")
[2026-05-18T00:55:04+0800] 💓 Heartbeat — 00:55 — Watching for updates…
/Users/openclaw/Downloads/MYCHEF . MASTER/control-tower/watcher.sh: line 77: ((: 09: value too great for base (error token is "09")
[2026-05-18T00:56:04+0800] 💓 Heartbeat — 00:56 — Watching for updates…
/Users/openclaw/Downloads/MYCHEF . MASTER/control-tower/watcher.sh: line 77: ((: 09: value too great for base (error token is "09")
[2026-05-18T00:57:04+0800] 💓 Heartbeat — 00:57 — Watching for updates…
/Users/openclaw/Downloads/MYCHEF . MASTER/control-tower/watcher.sh: line 77: ((: 09: value too great for base (error token is "09")
[2026-05-18T00:58:04+0800] 💓 Heartbeat — 00:58 — Watching for updates…
/Users/openclaw/Downloads/MYCHEF . MASTER/control-tower/watcher.sh: line 77: ((: 09: value too great for base (error token is "09")
[2026-05-18T00:59:00+0800] 💓 Heartbeat — 00:59 — Watching for updates…
[2026-05-18T01:00:00+0800] 💓 Heartbeat — 01:00 — Watching for updates…
[2026-05-18T01:01:00+0800] 💓 Heartbeat — 01:01 — Watching for updates…
[2026-05-18T01:02:00+0800] 💓 Heartbeat — 01:02 — Watching for updates…
[2026-05-18T01:03:01+0800] 💓 Heartbeat — 01:03 — Watching for updates…
[2026-05-18T01:04:01+0800] 💓 Heartbeat — 01:04 — Watching for updates…
[2026-05-18T01:05:01+0800] 💓 Heartbeat — 01:05 — Watching for updates…
[2026-05-18T01:06:01+0800] 💓 Heartbeat — 01:06 — Watching for updates…
[2026-05-18T01:07:02+0800] 💓 Heartbeat — 01:07 — Watching for updates…
[2026-05-18T01:08:02+0800] 💓 Heartbeat — 01:08 — Watching for updates…
[2026-05-18T01:09:02+0800] 💓 Heartbeat — 01:09 — Watching for updates…
[2026-05-18T01:10:02+0800] 💓 Heartbeat — 01:10 — Watching for updates…
[2026-05-18T01:11:03+0800] 💓 Heartbeat — 01:11 — Watching for updates…
/Users/openclaw/Downloads/MYCHEF . MASTER/control-tower/watcher.sh: line 77: ((: 08: value too great for base (error token is "08")
[2026-05-18T01:12:03+0800] 💓 Heartbeat — 01:12 — Watching for updates…
/Users/openclaw/Downloads/MYCHEF . MASTER/control-tower/watcher.sh: line 77: ((: 08: value too great for base (error token is "08")
[2026-05-18T01:13:03+0800] 💓 Heartbeat — 01:13 — Watching for updates…
/Users/openclaw/Downloads/MYCHEF . MASTER/control-tower/watcher.sh: line 77: ((: 08: value too great for base (error token is "08")
[2026-05-18T01:14:03+0800] 💓 Heartbeat — 01:14 — Watching for updates…
/Users/openclaw/Downloads/MYCHEF . MASTER/control-tower/watcher.sh: line 77: ((: 08: value too great for base (error token is "08")
[2026-05-18T01:15:04+0800] 💓 Heartbeat — 01:15 — Watching for updates…
/Users/openclaw/Downloads/MYCHEF . MASTER/control-tower/watcher.sh: line 77: ((: 09: value too great for base (error token is "09")
[2026-05-18T01:16:04+0800] 💓 Heartbeat — 01:16 — Watching for updates…
/Users/openclaw/Downloads/MYCHEF . MASTER/control-tower/watcher.sh: line 77: ((: 09: value too great for base (error token is "09")
[2026-05-18T01:17:04+0800] 💓 Heartbeat — 01:17 — Watching for updates…
/Users/openclaw/Downloads/MYCHEF . MASTER/control-tower/watcher.sh: line 77: ((: 09: value too great for base (error token is "09")
[2026-05-18T01:18:04+0800] 💓 Heartbeat — 01:18 — Watching for updates…
/Users/openclaw/Downloads/MYCHEF . MASTER/control-tower/watcher.sh: line 77: ((: 09: value too great for base (error token is "09")
[2026-05-18T01:19:00+0800] 💓 Heartbeat — 01:19 — Watching for updates…
[2026-05-18T01:20:00+0800] 💓 Heartbeat — 01:20 — Watching for updates…
[2026-05-18T01:21:00+0800] 💓 Heartbeat — 01:21 — Watching for updates…
[2026-05-18T01:22:00+0800] 💓 Heartbeat — 01:22 — Watching for updates…
[2026-05-18T01:23:00+0800] 💓 Heartbeat — 01:23 — Watching for updates…
[2026-05-18T01:24:01+0800] 💓 Heartbeat — 01:24 — Watching for updates…
[2026-05-18T01:25:01+0800] 💓 Heartbeat — 01:25 — Watching for updates…
[2026-05-18T01:26:01+0800] 💓 Heartbeat — 01:26 — Watching for updates…
[2026-05-18T01:27:01+0800] 💓 Heartbeat — 01:27 — Watching for updates…
[2026-05-18T01:28:02+0800] 💓 Heartbeat — 01:28 — Watching for updates…
[2026-05-18T01:29:02+0800] 💓 Heartbeat — 01:29 — Watching for updates…
[2026-05-18T01:30:02+0800] 💓 Heartbeat — 01:30 — Watching for updates…
[2026-05-18T01:31:03+0800] 💓 Heartbeat — 01:31 — Watching for updates…
/Users/openclaw/Downloads/MYCHEF . MASTER/control-tower/watcher.sh: line 77: ((: 08: value too great for base (error token is "08")
[2026-05-18T01:32:03+0800] 💓 Heartbeat — 01:32 — Watching for updates…
/Users/openclaw/Downloads/MYCHEF . MASTER/control-tower/watcher.sh: line 77: ((: 08: value too great for base (error token is "08")
[2026-05-18T01:33:03+0800] 💓 Heartbeat — 01:33 — Watching for updates…
/Users/openclaw/Downloads/MYCHEF . MASTER/control-tower/watcher.sh: line 77: ((: 08: value too great for base (error token is "08")
[2026-05-18T01:34:03+0800] 💓 Heartbeat — 01:34 — Watching for updates…
/Users/openclaw/Downloads/MYCHEF . MASTER/control-tower/watcher.sh: line 77: ((: 08: value too great for base (error token is "08")
[2026-05-18T01:35:03+0800] 💓 Heartbeat — 01:35 — Watching for updates…
/Users/openclaw/Downloads/MYCHEF . MASTER/control-tower/watcher.sh: line 77: ((: 08: value too great for base (error token is "08")
[2026-05-18T01:36:04+0800] 💓 Heartbeat — 01:36 — Watching for updates…
/Users/openclaw/Downloads/MYCHEF . MASTER/control-tower/watcher.sh: line 77: ((: 09: value too great for base (error token is "09")
[2026-05-18T01:37:04+0800] 💓 Heartbeat — 01:37 — Watching for updates…
/Users/openclaw/Downloads/MYCHEF . MASTER/control-tower/watcher.sh: line 77: ((: 09: value too great for base (error token is "09")
[2026-05-18T01:38:04+0800] 💓 Heartbeat — 01:38 — Watching for updates…
/Users/openclaw/Downloads/MYCHEF . MASTER/control-tower/watcher.sh: line 77: ((: 09: value too great for base (error token is "09")
[2026-05-18T01:39:00+0800] 💓 Heartbeat — 01:39 — Watching for updates…
[2026-05-18T01:40:00+0800] 💓 Heartbeat — 01:40 — Watching for updates…
[2026-05-18T01:41:00+0800] 💓 Heartbeat — 01:41 — Watching for updates…
[2026-05-18T01:42:00+0800] 💓 Heartbeat — 01:42 — Watching for updates…
[2026-05-18T01:43:01+0800] 💓 Heartbeat — 01:43 — Watching for updates…
[2026-05-18T01:44:01+0800] 💓 Heartbeat — 01:44 — Watching for updates…
[2026-05-18T01:45:01+0800] 💓 Heartbeat — 01:45 — Watching for updates…
[2026-05-18T01:46:02+0800] 💓 Heartbeat — 01:46 — Watching for updates…
[2026-05-18T01:47:02+0800] 💓 Heartbeat — 01:47 — Watching for updates…
[2026-05-18T01:48:02+0800] 💓 Heartbeat — 01:48 — Watching for updates…
[2026-05-18T01:49:03+0800] 💓 Heartbeat — 01:49 — Watching for updates…
/Users/openclaw/Downloads/MYCHEF . MASTER/control-tower/watcher.sh: line 77: ((: 08: value too great for base (error token is "08")
[2026-05-18T01:50:03+0800] 💓 Heartbeat — 01:50 — Watching for updates…
/Users/openclaw/Downloads/MYCHEF . MASTER/control-tower/watcher.sh: line 77: ((: 08: value too great for base (error token is "08")
[2026-05-18T01:51:03+0800] 💓 Heartbeat — 01:51 — Watching for updates…
/Users/openclaw/Downloads/MYCHEF . MASTER/control-tower/watcher.sh: line 77: ((: 08: value too great for base (error token is "08")
[2026-05-18T01:52:03+0800] 💓 Heartbeat — 01:52 — Watching for updates…
/Users/openclaw/Downloads/MYCHEF . MASTER/control-tower/watcher.sh: line 77: ((: 08: value too great for base (error token is "08")
[2026-05-18T01:53:04+0800] 💓 Heartbeat — 01:53 — Watching for updates…
/Users/openclaw/Downloads/MYCHEF . MASTER/control-tower/watcher.sh: line 77: ((: 09: value too great for base (error token is "09")
[2026-05-18T01:54:04+0800] 💓 Heartbeat — 01:54 — Watching for updates…
/Users/openclaw/Downloads/MYCHEF . MASTER/control-tower/watcher.sh: line 77: ((: 09: value too great for base (error token is "09")
[2026-05-18T01:55:04+0800] 💓 Heartbeat — 01:55 — Watching for updates…
/Users/openclaw/Downloads/MYCHEF . MASTER/control-tower/watcher.sh: line 77: ((: 09: value too great for base (error token is "09")
[2026-05-18T01:56:04+0800] 💓 Heartbeat — 01:56 — Watching for updates…
/Users/openclaw/Downloads/MYCHEF . MASTER/control-tower/watcher.sh: line 77: ((: 09: value too great for base (error token is "09")
[2026-05-18T01:57:00+0800] 💓 Heartbeat — 01:57 — Watching for updates…
[2026-05-18T01:58:00+0800] 💓 Heartbeat — 01:58 — Watching for updates…
[2026-05-18T01:59:00+0800] 💓 Heartbeat — 01:59 — Watching for updates…
[2026-05-18T02:00:00+0800] 💓 Heartbeat — 02:00 — Watching for updates…
[2026-05-18T02:01:01+0800] 💓 Heartbeat — 02:01 — Watching for updates…
[2026-05-18T02:02:01+0800] 💓 Heartbeat — 02:02 — Watching for updates…
[2026-05-18T02:03:01+0800] 💓 Heartbeat — 02:03 — Watching for updates…
[2026-05-18T02:04:01+0800] 💓 Heartbeat — 02:04 — Watching for updates…
[2026-05-18T02:05:02+0800] 💓 Heartbeat — 02:05 — Watching for updates…
[2026-05-18T02:06:02+0800] 💓 Heartbeat — 02:06 — Watching for updates…
[2026-05-18T02:07:02+0800] 💓 Heartbeat — 02:07 — Watching for updates…
[2026-05-18T02:08:02+0800] 💓 Heartbeat — 02:08 — Watching for updates…
[2026-05-18T02:09:03+0800] 💓 Heartbeat — 02:09 — Watching for updates…
/Users/openclaw/Downloads/MYCHEF . MASTER/control-tower/watcher.sh: line 77: ((: 08: value too great for base (error token is "08")
[2026-05-18T02:10:03+0800] 💓 Heartbeat — 02:10 — Watching for updates…
/Users/openclaw/Downloads/MYCHEF . MASTER/control-tower/watcher.sh: line 77: ((: 08: value too great for base (error token is "08")
[2026-05-18T02:11:03+0800] 💓 Heartbeat — 02:11 — Watching for updates…
/Users/openclaw/Downloads/MYCHEF . MASTER/control-tower/watcher.sh: line 77: ((: 08: value too great for base (error token is "08")
[2026-05-18T02:12:03+0800] 💓 Heartbeat — 02:12 — Watching for updates…
/Users/openclaw/Downloads/MYCHEF . MASTER/control-tower/watcher.sh: line 77: ((: 08: value too great for base (error token is "08")
[2026-05-18T02:13:03+0800] 💓 Heartbeat — 02:13 — Watching for updates…
/Users/openclaw/Downloads/MYCHEF . MASTER/control-tower/watcher.sh: line 77: ((: 08: value too great for base (error token is "08")
[2026-05-18T02:14:04+0800] 💓 Heartbeat — 02:14 — Watching for updates…
/Users/openclaw/Downloads/MYCHEF . MASTER/control-tower/watcher.sh: line 77: ((: 09: value too great for base (error token is "09")
[2026-05-18T02:15:04+0800] 💓 Heartbeat — 02:15 — Watching for updates…
/Users/openclaw/Downloads/MYCHEF . MASTER/control-tower/watcher.sh: line 77: ((: 09: value too great for base (error token is "09")
[2026-05-18T02:16:04+0800] 💓 Heartbeat — 02:16 — Watching for updates…
/Users/openclaw/Downloads/MYCHEF . MASTER/control-tower/watcher.sh: line 77: ((: 09: value too great for base (error token is "09")
[2026-05-18T02:17:04+0800] 💓 Heartbeat — 02:17 — Watching for updates…
/Users/openclaw/Downloads/MYCHEF . MASTER/control-tower/watcher.sh: line 77: ((: 09: value too great for base (error token is "09")
[2026-05-18T02:18:00+0800] 💓 Heartbeat — 02:18 — Watching for updates…
[2026-05-18T02:19:00+0800] 💓 Heartbeat — 02:19 — Watching for updates…
[2026-05-18T02:20:00+0800] 💓 Heartbeat — 02:20 — Watching for updates…
[2026-05-18T02:21:00+0800] 💓 Heartbeat — 02:21 — Watching for updates…
[2026-05-18T02:22:01+0800] 💓 Heartbeat — 02:22 — Watching for updates…
[2026-05-18T02:23:01+0800] 💓 Heartbeat — 02:23 — Watching for updates…
[2026-05-18T02:24:01+0800] 💓 Heartbeat — 02:24 — Watching for updates…
[2026-05-18T02:25:01+0800] 💓 Heartbeat — 02:25 — Watching for updates…
[2026-05-18T02:26:02+0800] 💓 Heartbeat — 02:26 — Watching for updates…
[2026-05-18T02:27:02+0800] 💓 Heartbeat — 02:27 — Watching for updates…
[2026-05-18T02:28:02+0800] 💓 Heartbeat — 02:28 — Watching for updates…
[2026-05-18T02:29:02+0800] 💓 Heartbeat — 02:29 — Watching for updates…
[2026-05-18T02:30:03+0800] 💓 Heartbeat — 02:30 — Watching for updates…
/Users/openclaw/Downloads/MYCHEF . MASTER/control-tower/watcher.sh: line 77: ((: 08: value too great for base (error token is "08")
[2026-05-18T02:31:03+0800] 💓 Heartbeat — 02:31 — Watching for updates…
/Users/openclaw/Downloads/MYCHEF . MASTER/control-tower/watcher.sh: line 77: ((: 08: value too great for base (error token is "08")
[2026-05-18T02:32:03+0800] 💓 Heartbeat — 02:32 — Watching for updates…
/Users/openclaw/Downloads/MYCHEF . MASTER/control-tower/watcher.sh: line 77: ((: 08: value too great for base (error token is "08")
[2026-05-18T02:33:03+0800] 💓 Heartbeat — 02:33 — Watching for updates…
/Users/openclaw/Downloads/MYCHEF . MASTER/control-tower/watcher.sh: line 77: ((: 08: value too great for base (error token is "08")
[2026-05-18T02:34:04+0800] 💓 Heartbeat — 02:34 — Watching for updates…
/Users/openclaw/Downloads/MYCHEF . MASTER/control-tower/watcher.sh: line 77: ((: 09: value too great for base (error token is "09")
[2026-05-18T02:35:04+0800] 💓 Heartbeat — 02:35 — Watching for updates…
/Users/openclaw/Downloads/MYCHEF . MASTER/control-tower/watcher.sh: line 77: ((: 09: value too great for base (error token is "09")
[2026-05-18T02:36:04+0800] 💓 Heartbeat — 02:36 — Watching for updates…
/Users/openclaw/Downloads/MYCHEF . MASTER/control-tower/watcher.sh: line 77: ((: 09: value too great for base (error token is "09")
[2026-05-18T02:37:04+0800] 💓 Heartbeat — 02:37 — Watching for updates…
/Users/openclaw/Downloads/MYCHEF . MASTER/control-tower/watcher.sh: line 77: ((: 09: value too great for base (error token is "09")
[2026-05-18T02:38:00+0800] 💓 Heartbeat — 02:38 — Watching for updates…
[2026-05-18T02:39:00+0800] 💓 Heartbeat — 02:39 — Watching for updates…
[2026-05-18T02:40:00+0800] 💓 Heartbeat — 02:40 — Watching for updates…
[2026-05-18T02:41:00+0800] 💓 Heartbeat — 02:41 — Watching for updates…
[2026-05-18T02:42:01+0800] 💓 Heartbeat — 02:42 — Watching for updates…
[2026-05-18T02:43:01+0800] 💓 Heartbeat — 02:43 — Watching for updates…
[2026-05-18T02:44:01+0800] 💓 Heartbeat — 02:44 — Watching for updates…
[2026-05-18T02:45:01+0800] 💓 Heartbeat — 02:45 — Watching for updates…
[2026-05-18T02:46:01+0800] 💓 Heartbeat — 02:46 — Watching for updates…
[2026-05-18T02:47:02+0800] 💓 Heartbeat — 02:47 — Watching for updates…
[2026-05-18T02:48:02+0800] 💓 Heartbeat — 02:48 — Watching for updates…
[2026-05-18T02:49:02+0800] 💓 Heartbeat — 02:49 — Watching for updates…
[2026-05-18T02:50:02+0800] 💓 Heartbeat — 02:50 — Watching for updates…
[2026-05-18T02:51:03+0800] 💓 Heartbeat — 02:51 — Watching for updates…
/Users/openclaw/Downloads/MYCHEF . MASTER/control-tower/watcher.sh: line 77: ((: 08: value too great for base (error token is "08")
[2026-05-18T02:52:03+0800] 💓 Heartbeat — 02:52 — Watching for updates…
/Users/openclaw/Downloads/MYCHEF . MASTER/control-tower/watcher.sh: line 77: ((: 08: value too great for base (error token is "08")
[2026-05-18T02:53:03+0800] 💓 Heartbeat — 02:53 — Watching for updates…
/Users/openclaw/Downloads/MYCHEF . MASTER/control-tower/watcher.sh: line 77: ((: 08: value too great for base (error token is "08")
[2026-05-18T02:54:03+0800] 💓 Heartbeat — 02:54 — Watching for updates…
/Users/openclaw/Downloads/MYCHEF . MASTER/control-tower/watcher.sh: line 77: ((: 08: value too great for base (error token is "08")
[2026-05-18T02:55:03+0800] 💓 Heartbeat — 02:55 — Watching for updates…
/Users/openclaw/Downloads/MYCHEF . MASTER/control-tower/watcher.sh: line 77: ((: 08: value too great for base (error token is "08")
[2026-05-18T02:56:04+0800] 💓 Heartbeat — 02:56 — Watching for updates…
/Users/openclaw/Downloads/MYCHEF . MASTER/control-tower/watcher.sh: line 77: ((: 09: value too great for base (error token is "09")
[2026-05-18T02:57:04+0800] 💓 Heartbeat — 02:57 — Watching for updates…
/Users/openclaw/Downloads/MYCHEF . MASTER/control-tower/watcher.sh: line 77: ((: 09: value too great for base (error token is "09")
[2026-05-18T02:58:04+0800] 💓 Heartbeat — 02:58 — Watching for updates…
/Users/openclaw/Downloads/MYCHEF . MASTER/control-tower/watcher.sh: line 77: ((: 09: value too great for base (error token is "09")
[2026-05-18T02:59:00+0800] 💓 Heartbeat — 02:59 — Watching for updates…
[2026-05-18T03:00:00+0800] 💓 Heartbeat — 03:00 — Watching for updates…
[2026-05-18T03:01:00+0800] 💓 Heartbeat — 03:01 — Watching for updates…
[2026-05-18T03:02:00+0800] 💓 Heartbeat — 03:02 — Watching for updates…
[2026-05-18T03:03:00+0800] 💓 Heartbeat — 03:03 — Watching for updates…
[2026-05-18T03:04:01+0800] 💓 Heartbeat — 03:04 — Watching for updates…
[2026-05-18T03:05:01+0800] 💓 Heartbeat — 03:05 — Watching for updates…
[2026-05-18T03:06:01+0800] 💓 Heartbeat — 03:06 — Watching for updates…
[2026-05-18T03:07:02+0800] 💓 Heartbeat — 03:07 — Watching for updates…
[2026-05-18T03:08:02+0800] 💓 Heartbeat — 03:08 — Watching for updates…
[2026-05-18T03:09:02+0800] 💓 Heartbeat — 03:09 — Watching for updates…
[2026-05-18T03:10:03+0800] 💓 Heartbeat — 03:10 — Watching for updates…
/Users/openclaw/Downloads/MYCHEF . MASTER/control-tower/watcher.sh: line 77: ((: 08: value too great for base (error token is "08")
[2026-05-18T03:11:03+0800] 💓 Heartbeat — 03:11 — Watching for updates…
/Users/openclaw/Downloads/MYCHEF . MASTER/control-tower/watcher.sh: line 77: ((: 08: value too great for base (error token is "08")
[2026-05-18T03:12:03+0800] 💓 Heartbeat — 03:12 — Watching for updates…
/Users/openclaw/Downloads/MYCHEF . MASTER/control-tower/watcher.sh: line 77: ((: 08: value too great for base (error token is "08")
[2026-05-18T03:13:03+0800] 💓 Heartbeat — 03:13 — Watching for updates…
/Users/openclaw/Downloads/MYCHEF . MASTER/control-tower/watcher.sh: line 77: ((: 08: value too great for base (error token is "08")
[2026-05-18T03:14:04+0800] 💓 Heartbeat — 03:14 — Watching for updates…
/Users/openclaw/Downloads/MYCHEF . MASTER/control-tower/watcher.sh: line 77: ((: 09: value too great for base (error token is "09")
[2026-05-18T03:15:04+0800] 💓 Heartbeat — 03:15 — Watching for updates…
/Users/openclaw/Downloads/MYCHEF . MASTER/control-tower/watcher.sh: line 77: ((: 09: value too great for base (error token is "09")
[2026-05-18T03:16:04+0800] 💓 Heartbeat — 03:16 — Watching for updates…
/Users/openclaw/Downloads/MYCHEF . MASTER/control-tower/watcher.sh: line 77: ((: 09: value too great for base (error token is "09")
[2026-05-18T03:17:00+0800] 💓 Heartbeat — 03:17 — Watching for updates…
[2026-05-18T03:18:00+0800] 💓 Heartbeat — 03:18 — Watching for updates…
[2026-05-18T03:19:00+0800] 💓 Heartbeat — 03:19 — Watching for updates…
[2026-05-18T03:20:00+0800] 💓 Heartbeat — 03:20 — Watching for updates…
[2026-05-18T03:21:01+0800] 💓 Heartbeat — 03:21 — Watching for updates…
[2026-05-18T03:22:01+0800] 💓 Heartbeat — 03:22 — Watching for updates…
[2026-05-18T03:23:01+0800] 💓 Heartbeat — 03:23 — Watching for updates…
[2026-05-18T03:24:02+0800] 💓 Heartbeat — 03:24 — Watching for updates…
[2026-05-18T03:25:02+0800] 💓 Heartbeat — 03:25 — Watching for updates…
[2026-05-18T03:26:02+0800] 💓 Heartbeat — 03:26 — Watching for updates…
[2026-05-18T03:27:02+0800] 💓 Heartbeat — 03:27 — Watching for updates…
[2026-05-18T03:28:03+0800] 💓 Heartbeat — 03:28 — Watching for updates…
/Users/openclaw/Downloads/MYCHEF . MASTER/control-tower/watcher.sh: line 77: ((: 08: value too great for base (error token is "08")
[2026-05-18T03:29:03+0800] 💓 Heartbeat — 03:29 — Watching for updates…
/Users/openclaw/Downloads/MYCHEF . MASTER/control-tower/watcher.sh: line 77: ((: 08: value too great for base (error token is "08")
[2026-05-18T03:30:03+0800] 💓 Heartbeat — 03:30 — Watching for updates…
/Users/openclaw/Downloads/MYCHEF . MASTER/control-tower/watcher.sh: line 77: ((: 08: value too great for base (error token is "08")
[2026-05-18T03:31:04+0800] 💓 Heartbeat — 03:31 — Watching for updates…
/Users/openclaw/Downloads/MYCHEF . MASTER/control-tower/watcher.sh: line 77: ((: 09: value too great for base (error token is "09")
[2026-05-18T03:32:04+0800] 💓 Heartbeat — 03:32 — Watching for updates…
/Users/openclaw/Downloads/MYCHEF . MASTER/control-tower/watcher.sh: line 77: ((: 09: value too great for base (error token is "09")
[2026-05-18T03:33:04+0800] 💓 Heartbeat — 03:33 — Watching for updates…
/Users/openclaw/Downloads/MYCHEF . MASTER/control-tower/watcher.sh: line 77: ((: 09: value too great for base (error token is "09")
[2026-05-18T03:34:05+0800] 💓 Heartbeat — 03:34 — Watching for updates…
[2026-05-18T03:35:00+0800] 💓 Heartbeat — 03:35 — Watching for updates…
[2026-05-18T03:36:00+0800] 💓 Heartbeat — 03:36 — Watching for updates…
[2026-05-18T03:37:00+0800] 💓 Heartbeat — 03:37 — Watching for updates…
[2026-05-18T03:38:01+0800] 💓 Heartbeat — 03:38 — Watching for updates…
[2026-05-18T03:39:01+0800] 💓 Heartbeat — 03:39 — Watching for updates…
[2026-05-18T03:40:01+0800] 💓 Heartbeat — 03:40 — Watching for updates…
[2026-05-18T03:41:01+0800] 💓 Heartbeat — 03:41 — Watching for updates…
[2026-05-18T03:42:02+0800] 💓 Heartbeat — 03:42 — Watching for updates…
[2026-05-18T03:43:02+0800] 💓 Heartbeat — 03:43 — Watching for updates…
[2026-05-18T03:44:02+0800] 💓 Heartbeat — 03:44 — Watching for updates…
[2026-05-18T03:45:03+0800] 💓 Heartbeat — 03:45 — Watching for updates…
/Users/openclaw/Downloads/MYCHEF . MASTER/control-tower/watcher.sh: line 77: ((: 08: value too great for base (error token is "08")
[2026-05-18T03:46:03+0800] 💓 Heartbeat — 03:46 — Watching for updates…
/Users/openclaw/Downloads/MYCHEF . MASTER/control-tower/watcher.sh: line 77: ((: 08: value too great for base (error token is "08")
[2026-05-18T03:47:03+0800] 💓 Heartbeat — 03:47 — Watching for updates…
/Users/openclaw/Downloads/MYCHEF . MASTER/control-tower/watcher.sh: line 77: ((: 08: value too great for base (error token is "08")
[2026-05-18T03:48:03+0800] 💓 Heartbeat — 03:48 — Watching for updates…
/Users/openclaw/Downloads/MYCHEF . MASTER/control-tower/watcher.sh: line 77: ((: 08: value too great for base (error token is "08")
[2026-05-18T03:49:04+0800] 💓 Heartbeat — 03:49 — Watching for updates…
/Users/openclaw/Downloads/MYCHEF . MASTER/control-tower/watcher.sh: line 77: ((: 09: value too great for base (error token is "09")
[2026-05-18T03:50:04+0800] 💓 Heartbeat — 03:50 — Watching for updates…
/Users/openclaw/Downloads/MYCHEF . MASTER/control-tower/watcher.sh: line 77: ((: 09: value too great for base (error token is "09")
[2026-05-18T03:51:04+0800] 💓 Heartbeat — 03:51 — Watching for updates…
/Users/openclaw/Downloads/MYCHEF . MASTER/control-tower/watcher.sh: line 77: ((: 09: value too great for base (error token is "09")
[2026-05-18T03:52:00+0800] 💓 Heartbeat — 03:52 — Watching for updates…
[2026-05-18T03:53:00+0800] 💓 Heartbeat — 03:53 — Watching for updates…
[2026-05-18T03:54:00+0800] 💓 Heartbeat — 03:54 — Watching for updates…
[2026-05-18T03:55:01+0800] 💓 Heartbeat — 03:55 — Watching for updates…
[2026-05-18T03:56:01+0800] 💓 Heartbeat — 03:56 — Watching for updates…
[2026-05-18T03:57:01+0800] 💓 Heartbeat — 03:57 — Watching for updates…
[2026-05-18T03:58:01+0800] 💓 Heartbeat — 03:58 — Watching for updates…
[2026-05-18T03:59:02+0800] 💓 Heartbeat — 03:59 — Watching for updates…
[2026-05-18T04:00:02+0800] 💓 Heartbeat — 04:00 — Watching for updates…
[2026-05-18T04:01:02+0800] 💓 Heartbeat — 04:01 — Watching for updates…
[2026-05-18T04:02:03+0800] 💓 Heartbeat — 04:02 — Watching for updates…
/Users/openclaw/Downloads/MYCHEF . MASTER/control-tower/watcher.sh: line 77: ((: 08: value too great for base (error token is "08")
[2026-05-18T04:03:03+0800] 💓 Heartbeat — 04:03 — Watching for updates…
/Users/openclaw/Downloads/MYCHEF . MASTER/control-tower/watcher.sh: line 77: ((: 08: value too great for base (error token is "08")
[2026-05-18T04:04:03+0800] 💓 Heartbeat — 04:04 — Watching for updates…
/Users/openclaw/Downloads/MYCHEF . MASTER/control-tower/watcher.sh: line 77: ((: 08: value too great for base (error token is "08")
[2026-05-18T04:05:03+0800] 💓 Heartbeat — 04:05 — Watching for updates…
/Users/openclaw/Downloads/MYCHEF . MASTER/control-tower/watcher.sh: line 77: ((: 08: value too great for base (error token is "08")
[2026-05-18T04:06:04+0800] 💓 Heartbeat — 04:06 — Watching for updates…
/Users/openclaw/Downloads/MYCHEF . MASTER/control-tower/watcher.sh: line 77: ((: 09: value too great for base (error token is "09")
[2026-05-18T04:07:04+0800] 💓 Heartbeat — 04:07 — Watching for updates…
/Users/openclaw/Downloads/MYCHEF . MASTER/control-tower/watcher.sh: line 77: ((: 09: value too great for base (error token is "09")
[2026-05-18T04:08:04+0800] 💓 Heartbeat — 04:08 — Watching for updates…
/Users/openclaw/Downloads/MYCHEF . MASTER/control-tower/watcher.sh: line 77: ((: 09: value too great for base (error token is "09")
[2026-05-18T04:09:04+0800] 💓 Heartbeat — 04:09 — Watching for updates…
/Users/openclaw/Downloads/MYCHEF . MASTER/control-tower/watcher.sh: line 77: ((: 09: value too great for base (error token is "09")
[2026-05-18T04:10:05+0800] 💓 Heartbeat — 04:10 — Watching for updates…
[2026-05-18T04:11:00+0800] 💓 Heartbeat — 04:11 — Watching for updates…
[2026-05-18T04:12:01+0800] 💓 Heartbeat — 04:12 — Watching for updates…
[2026-05-18T04:13:01+0800] 💓 Heartbeat — 04:13 — Watching for updates…
[2026-05-18T04:14:02+0800] 💓 Heartbeat — 04:14 — Watching for updates…
[2026-05-18T04:15:02+0800] 💓 Heartbeat — 04:15 — Watching for updates…
[2026-05-18T04:16:02+0800] 💓 Heartbeat — 04:16 — Watching for updates…
[2026-05-18T04:17:03+0800] 💓 Heartbeat — 04:17 — Watching for updates…
/Users/openclaw/Downloads/MYCHEF . MASTER/control-tower/watcher.sh: line 77: ((: 08: value too great for base (error token is "08")
[2026-05-18T04:18:03+0800] 💓 Heartbeat — 04:18 — Watching for updates…
/Users/openclaw/Downloads/MYCHEF . MASTER/control-tower/watcher.sh: line 77: ((: 08: value too great for base (error token is "08")
[2026-05-18T04:19:03+0800] 💓 Heartbeat — 04:19 — Watching for updates…
/Users/openclaw/Downloads/MYCHEF . MASTER/control-tower/watcher.sh: line 77: ((: 08: value too great for base (error token is "08")
[2026-05-18T04:20:03+0800] 💓 Heartbeat — 04:20 — Watching for updates…
/Users/openclaw/Downloads/MYCHEF . MASTER/control-tower/watcher.sh: line 77: ((: 08: value too great for base (error token is "08")
[2026-05-18T04:21:04+0800] 💓 Heartbeat — 04:21 — Watching for updates…
/Users/openclaw/Downloads/MYCHEF . MASTER/control-tower/watcher.sh: line 77: ((: 09: value too great for base (error token is "09")
[2026-05-18T04:22:04+0800] 💓 Heartbeat — 04:22 — Watching for updates…
/Users/openclaw/Downloads/MYCHEF . MASTER/control-tower/watcher.sh: line 77: ((: 09: value too great for base (error token is "09")
[2026-05-18T04:23:04+0800] 💓 Heartbeat — 04:23 — Watching for updates…
/Users/openclaw/Downloads/MYCHEF . MASTER/control-tower/watcher.sh: line 77: ((: 09: value too great for base (error token is "09")
[2026-05-18T04:24:05+0800] 💓 Heartbeat — 04:24 — Watching for updates…
[2026-05-18T04:25:00+0800] 💓 Heartbeat — 04:25 — Watching for updates…
[2026-05-18T04:26:00+0800] 💓 Heartbeat — 04:26 — Watching for updates…
[2026-05-18T04:27:00+0800] 💓 Heartbeat — 04:27 — Watching for updates…
[2026-05-18T04:28:01+0800] 💓 Heartbeat — 04:28 — Watching for updates…
[2026-05-18T04:29:01+0800] 💓 Heartbeat — 04:29 — Watching for updates…
[2026-05-18T04:30:01+0800] 💓 Heartbeat — 04:30 — Watching for updates…
[2026-05-18T04:31:01+0800] 💓 Heartbeat — 04:31 — Watching for updates…
[2026-05-18T04:32:02+0800] 💓 Heartbeat — 04:32 — Watching for updates…
[2026-05-18T04:33:02+0800] 💓 Heartbeat — 04:33 — Watching for updates…
[2026-05-18T04:34:02+0800] 💓 Heartbeat — 04:34 — Watching for updates…
[2026-05-18T04:35:03+0800] 💓 Heartbeat — 04:35 — Watching for updates…
/Users/openclaw/Downloads/MYCHEF . MASTER/control-tower/watcher.sh: line 77: ((: 08: value too great for base (error token is "08")
[2026-05-18T04:36:03+0800] 💓 Heartbeat — 04:36 — Watching for updates…
/Users/openclaw/Downloads/MYCHEF . MASTER/control-tower/watcher.sh: line 77: ((: 08: value too great for base (error token is "08")
[2026-05-18T04:37:03+0800] 💓 Heartbeat — 04:37 — Watching for updates…
/Users/openclaw/Downloads/MYCHEF . MASTER/control-tower/watcher.sh: line 77: ((: 08: value too great for base (error token is "08")
[2026-05-18T04:38:03+0800] 💓 Heartbeat — 04:38 — Watching for updates…
/Users/openclaw/Downloads/MYCHEF . MASTER/control-tower/watcher.sh: line 77: ((: 08: value too great for base (error token is "08")
[2026-05-18T04:39:03+0800] 💓 Heartbeat — 04:39 — Watching for updates…
/Users/openclaw/Downloads/MYCHEF . MASTER/control-tower/watcher.sh: line 77: ((: 08: value too great for base (error token is "08")
[2026-05-18T04:40:04+0800] 💓 Heartbeat — 04:40 — Watching for updates…
/Users/openclaw/Downloads/MYCHEF . MASTER/control-tower/watcher.sh: line 77: ((: 09: value too great for base (error token is "09")
[2026-05-18T04:41:04+0800] 💓 Heartbeat — 04:41 — Watching for updates…
/Users/openclaw/Downloads/MYCHEF . MASTER/control-tower/watcher.sh: line 77: ((: 09: value too great for base (error token is "09")
[2026-05-18T04:42:04+0800] 💓 Heartbeat — 04:42 — Watching for updates…
/Users/openclaw/Downloads/MYCHEF . MASTER/control-tower/watcher.sh: line 77: ((: 09: value too great for base (error token is "09")
[2026-05-18T04:43:04+0800] 💓 Heartbeat — 04:43 — Watching for updates…
/Users/openclaw/Downloads/MYCHEF . MASTER/control-tower/watcher.sh: line 77: ((: 09: value too great for base (error token is "09")
[2026-05-18T04:44:00+0800] 💓 Heartbeat — 04:44 — Watching for updates…
[2026-05-18T04:45:00+0800] 💓 Heartbeat — 04:45 — Watching for updates…
[2026-05-18T04:46:00+0800] 💓 Heartbeat — 04:46 — Watching for updates…
[2026-05-18T04:47:00+0800] 💓 Heartbeat — 04:47 — Watching for updates…
[2026-05-18T04:48:01+0800] 💓 Heartbeat — 04:48 — Watching for updates…
[2026-05-18T04:49:01+0800] 💓 Heartbeat — 04:49 — Watching for updates…
[2026-05-18T04:50:01+0800] 💓 Heartbeat — 04:50 — Watching for updates…
[2026-05-18T04:51:01+0800] 💓 Heartbeat — 04:51 — Watching for updates…
[2026-05-18T04:52:01+0800] 💓 Heartbeat — 04:52 — Watching for updates…
[2026-05-18T04:53:02+0800] 💓 Heartbeat — 04:53 — Watching for updates…
[2026-05-18T04:54:02+0800] 💓 Heartbeat — 04:54 — Watching for updates…
[2026-05-18T04:55:02+0800] 💓 Heartbeat — 04:55 — Watching for updates…
[2026-05-18T04:56:03+0800] 💓 Heartbeat — 04:56 — Watching for updates…
/Users/openclaw/Downloads/MYCHEF . MASTER/control-tower/watcher.sh: line 77: ((: 08: value too great for base (error token is "08")
[2026-05-18T04:57:03+0800] 💓 Heartbeat — 04:57 — Watching for updates…
/Users/openclaw/Downloads/MYCHEF . MASTER/control-tower/watcher.sh: line 77: ((: 08: value too great for base (error token is "08")
[2026-05-18T04:58:03+0800] 💓 Heartbeat — 04:58 — Watching for updates…
/Users/openclaw/Downloads/MYCHEF . MASTER/control-tower/watcher.sh: line 77: ((: 08: value too great for base (error token is "08")
[2026-05-18T04:59:03+0800] 💓 Heartbeat — 04:59 — Watching for updates…
/Users/openclaw/Downloads/MYCHEF . MASTER/control-tower/watcher.sh: line 77: ((: 08: value too great for base (error token is "08")
[2026-05-18T05:00:04+0800] 💓 Heartbeat — 05:00 — Watching for updates…
/Users/openclaw/Downloads/MYCHEF . MASTER/control-tower/watcher.sh: line 77: ((: 09: value too great for base (error token is "09")
[2026-05-18T05:01:04+0800] 💓 Heartbeat — 05:01 — Watching for updates…
/Users/openclaw/Downloads/MYCHEF . MASTER/control-tower/watcher.sh: line 77: ((: 09: value too great for base (error token is "09")
[2026-05-18T05:02:04+0800] 💓 Heartbeat — 05:02 — Watching for updates…
/Users/openclaw/Downloads/MYCHEF . MASTER/control-tower/watcher.sh: line 77: ((: 09: value too great for base (error token is "09")
[2026-05-18T05:03:04+0800] 💓 Heartbeat — 05:03 — Watching for updates…
/Users/openclaw/Downloads/MYCHEF . MASTER/control-tower/watcher.sh: line 77: ((: 09: value too great for base (error token is "09")
[2026-05-18T05:04:04+0800] 💓 Heartbeat — 05:04 — Watching for updates…
/Users/openclaw/Downloads/MYCHEF . MASTER/control-tower/watcher.sh: line 77: ((: 09: value too great for base (error token is "09")
[2026-05-18T05:05:00+0800] 💓 Heartbeat — 05:05 — Watching for updates…
[2026-05-18T05:06:00+0800] 💓 Heartbeat — 05:06 — Watching for updates…
[2026-05-18T05:07:00+0800] 💓 Heartbeat — 05:07 — Watching for updates…
[2026-05-18T05:08:00+0800] 💓 Heartbeat — 05:08 — Watching for updates…
[2026-05-18T05:09:01+0800] 💓 Heartbeat — 05:09 — Watching for updates…
[2026-05-18T05:10:01+0800] 💓 Heartbeat — 05:10 — Watching for updates…
[2026-05-18T05:11:01+0800] 💓 Heartbeat — 05:11 — Watching for updates…
[2026-05-18T05:12:01+0800] 💓 Heartbeat — 05:12 — Watching for updates…
[2026-05-18T05:13:02+0800] 💓 Heartbeat — 05:13 — Watching for updates…
[2026-05-18T05:14:02+0800] 💓 Heartbeat — 05:14 — Watching for updates…
[2026-05-18T05:15:02+0800] 💓 Heartbeat — 05:15 — Watching for updates…
[2026-05-18T05:16:02+0800] 💓 Heartbeat — 05:16 — Watching for updates…
[2026-05-18T05:17:03+0800] 💓 Heartbeat — 05:17 — Watching for updates…
/Users/openclaw/Downloads/MYCHEF . MASTER/control-tower/watcher.sh: line 77: ((: 08: value too great for base (error token is "08")
[2026-05-18T05:18:03+0800] 💓 Heartbeat — 05:18 — Watching for updates…
/Users/openclaw/Downloads/MYCHEF . MASTER/control-tower/watcher.sh: line 77: ((: 08: value too great for base (error token is "08")
[2026-05-18T05:19:03+0800] 💓 Heartbeat — 05:19 — Watching for updates…
/Users/openclaw/Downloads/MYCHEF . MASTER/control-tower/watcher.sh: line 77: ((: 08: value too great for base (error token is "08")
[2026-05-18T05:20:03+0800] 💓 Heartbeat — 05:20 — Watching for updates…
/Users/openclaw/Downloads/MYCHEF . MASTER/control-tower/watcher.sh: line 77: ((: 08: value too great for base (error token is "08")
[2026-05-18T05:21:04+0800] 💓 Heartbeat — 05:21 — Watching for updates…
/Users/openclaw/Downloads/MYCHEF . MASTER/control-tower/watcher.sh: line 77: ((: 09: value too great for base (error token is "09")
[2026-05-18T05:22:04+0800] 💓 Heartbeat — 05:22 — Watching for updates…
/Users/openclaw/Downloads/MYCHEF . MASTER/control-tower/watcher.sh: line 77: ((: 09: value too great for base (error token is "09")
[2026-05-18T05:23:04+0800] 💓 Heartbeat — 05:23 — Watching for updates…
/Users/openclaw/Downloads/MYCHEF . MASTER/control-tower/watcher.sh: line 77: ((: 09: value too great for base (error token is "09")
[2026-05-18T05:24:04+0800] 💓 Heartbeat — 05:24 — Watching for updates…
/Users/openclaw/Downloads/MYCHEF . MASTER/control-tower/watcher.sh: line 77: ((: 09: value too great for base (error token is "09")
[2026-05-18T05:25:00+0800] 💓 Heartbeat — 05:25 — Watching for updates…
[2026-05-18T05:26:00+0800] 💓 Heartbeat — 05:26 — Watching for updates…
[2026-05-18T05:27:00+0800] 💓 Heartbeat — 05:27 — Watching for updates…
[2026-05-18T05:28:00+0800] 💓 Heartbeat — 05:28 — Watching for updates…
[2026-05-18T05:29:01+0800] 💓 Heartbeat — 05:29 — Watching for updates…
[2026-05-18T05:30:01+0800] 💓 Heartbeat — 05:30 — Watching for updates…
[2026-05-18T05:31:01+0800] 💓 Heartbeat — 05:31 — Watching for updates…
[2026-05-18T05:32:01+0800] 💓 Heartbeat — 05:32 — Watching for updates…
[2026-05-18T05:33:02+0800] 💓 Heartbeat — 05:33 — Watching for updates…
[2026-05-18T05:34:02+0800] 💓 Heartbeat — 05:34 — Watching for updates…
[2026-05-18T05:35:02+0800] 💓 Heartbeat — 05:35 — Watching for updates…
[2026-05-18T05:36:03+0800] 💓 Heartbeat — 05:36 — Watching for updates…
/Users/openclaw/Downloads/MYCHEF . MASTER/control-tower/watcher.sh: line 77: ((: 08: value too great for base (error token is "08")
[2026-05-18T05:37:03+0800] 💓 Heartbeat — 05:37 — Watching for updates…
/Users/openclaw/Downloads/MYCHEF . MASTER/control-tower/watcher.sh: line 77: ((: 08: value too great for base (error token is "08")
[2026-05-18T05:38:03+0800] 💓 Heartbeat — 05:38 — Watching for updates…
/Users/openclaw/Downloads/MYCHEF . MASTER/control-tower/watcher.sh: line 77: ((: 08: value too great for base (error token is "08")
[2026-05-18T05:39:03+0800] 💓 Heartbeat — 05:39 — Watching for updates…
/Users/openclaw/Downloads/MYCHEF . MASTER/control-tower/watcher.sh: line 77: ((: 08: value too great for base (error token is "08")
[2026-05-18T05:40:04+0800] 💓 Heartbeat — 05:40 — Watching for updates…
/Users/openclaw/Downloads/MYCHEF . MASTER/control-tower/watcher.sh: line 77: ((: 09: value too great for base (error token is "09")
[2026-05-18T05:41:04+0800] 💓 Heartbeat — 05:41 — Watching for updates…
/Users/openclaw/Downloads/MYCHEF . MASTER/control-tower/watcher.sh: line 77: ((: 09: value too great for base (error token is "09")
[2026-05-18T05:42:04+0800] 💓 Heartbeat — 05:42 — Watching for updates…
/Users/openclaw/Downloads/MYCHEF . MASTER/control-tower/watcher.sh: line 77: ((: 09: value too great for base (error token is "09")
[2026-05-18T05:43:04+0800] 💓 Heartbeat — 05:43 — Watching for updates…
/Users/openclaw/Downloads/MYCHEF . MASTER/control-tower/watcher.sh: line 77: ((: 09: value too great for base (error token is "09")
[2026-05-18T05:45:00+0800] 💓 Heartbeat — 05:45 — Watching for updates…
[2026-05-18T05:46:00+0800] 💓 Heartbeat — 05:46 — Watching for updates…
[2026-05-18T05:47:00+0800] 💓 Heartbeat — 05:47 — Watching for updates…
[2026-05-18T05:48:01+0800] 💓 Heartbeat — 05:48 — Watching for updates…
[2026-05-18T05:49:01+0800] 💓 Heartbeat — 05:49 — Watching for updates…
[2026-05-18T05:50:01+0800] 💓 Heartbeat — 05:50 — Watching for updates…
[2026-05-18T05:51:01+0800] 💓 Heartbeat — 05:51 — Watching for updates…
[2026-05-18T05:52:01+0800] 💓 Heartbeat — 05:52 — Watching for updates…
[2026-05-18T05:53:02+0800] 💓 Heartbeat — 05:53 — Watching for updates…
[2026-05-18T05:54:02+0800] 💓 Heartbeat — 05:54 — Watching for updates…
[2026-05-18T05:55:02+0800] 💓 Heartbeat — 05:55 — Watching for updates…
[2026-05-18T05:56:03+0800] 💓 Heartbeat — 05:56 — Watching for updates…
/Users/openclaw/Downloads/MYCHEF . MASTER/control-tower/watcher.sh: line 77: ((: 08: value too great for base (error token is "08")
[2026-05-18T05:57:03+0800] 💓 Heartbeat — 05:57 — Watching for updates…
/Users/openclaw/Downloads/MYCHEF . MASTER/control-tower/watcher.sh: line 77: ((: 08: value too great for base (error token is "08")
[2026-05-18T05:58:03+0800] 💓 Heartbeat — 05:58 — Watching for updates…
/Users/openclaw/Downloads/MYCHEF . MASTER/control-tower/watcher.sh: line 77: ((: 08: value too great for base (error token is "08")
[2026-05-18T05:59:03+0800] 💓 Heartbeat — 05:59 — Watching for updates…
/Users/openclaw/Downloads/MYCHEF . MASTER/control-tower/watcher.sh: line 77: ((: 08: value too great for base (error token is "08")
[2026-05-18T06:00:04+0800] 💓 Heartbeat — 06:00 — Watching for updates…
/Users/openclaw/Downloads/MYCHEF . MASTER/control-tower/watcher.sh: line 77: ((: 09: value too great for base (error token is "09")
[2026-05-18T06:01:04+0800] 💓 Heartbeat — 06:01 — Watching for updates…
/Users/openclaw/Downloads/MYCHEF . MASTER/control-tower/watcher.sh: line 77: ((: 09: value too great for base (error token is "09")
[2026-05-18T06:02:04+0800] 💓 Heartbeat — 06:02 — Watching for updates…
/Users/openclaw/Downloads/MYCHEF . MASTER/control-tower/watcher.sh: line 77: ((: 09: value too great for base (error token is "09")
[2026-05-18T06:03:04+0800] 💓 Heartbeat — 06:03 — Watching for updates…
/Users/openclaw/Downloads/MYCHEF . MASTER/control-tower/watcher.sh: line 77: ((: 09: value too great for base (error token is "09")
[2026-05-18T06:04:00+0800] 💓 Heartbeat — 06:04 — Watching for updates…
[2026-05-18T06:05:00+0800] 💓 Heartbeat — 06:05 — Watching for updates…
[2026-05-18T06:06:00+0800] 💓 Heartbeat — 06:06 — Watching for updates…
[2026-05-18T06:07:01+0800] 💓 Heartbeat — 06:07 — Watching for updates…
[2026-05-18T06:08:01+0800] 💓 Heartbeat — 06:08 — Watching for updates…
[2026-05-18T06:09:01+0800] 💓 Heartbeat — 06:09 — Watching for updates…
[2026-05-18T06:10:01+0800] 💓 Heartbeat — 06:10 — Watching for updates…
[2026-05-18T06:11:02+0800] 💓 Heartbeat — 06:11 — Watching for updates…
[2026-05-18T06:12:02+0800] 💓 Heartbeat — 06:12 — Watching for updates…
[2026-05-18T06:13:02+0800] 💓 Heartbeat — 06:13 — Watching for updates…
[2026-05-18T06:14:02+0800] 💓 Heartbeat — 06:14 — Watching for updates…
[2026-05-18T06:15:03+0800] 💓 Heartbeat — 06:15 — Watching for updates…
/Users/openclaw/Downloads/MYCHEF . MASTER/control-tower/watcher.sh: line 77: ((: 08: value too great for base (error token is "08")
[2026-05-18T06:16:03+0800] 💓 Heartbeat — 06:16 — Watching for updates…
/Users/openclaw/Downloads/MYCHEF . MASTER/control-tower/watcher.sh: line 77: ((: 08: value too great for base (error token is "08")
[2026-05-18T06:17:03+0800] 💓 Heartbeat — 06:17 — Watching for updates…
/Users/openclaw/Downloads/MYCHEF . MASTER/control-tower/watcher.sh: line 77: ((: 08: value too great for base (error token is "08")
[2026-05-18T06:18:04+0800] 💓 Heartbeat — 06:18 — Watching for updates…
/Users/openclaw/Downloads/MYCHEF . MASTER/control-tower/watcher.sh: line 77: ((: 09: value too great for base (error token is "09")
[2026-05-18T06:19:04+0800] 💓 Heartbeat — 06:19 — Watching for updates…
/Users/openclaw/Downloads/MYCHEF . MASTER/control-tower/watcher.sh: line 77: ((: 09: value too great for base (error token is "09")
[2026-05-18T06:20:04+0800] 💓 Heartbeat — 06:20 — Watching for updates…
/Users/openclaw/Downloads/MYCHEF . MASTER/control-tower/watcher.sh: line 77: ((: 09: value too great for base (error token is "09")
[2026-05-18T06:22:00+0800] 💓 Heartbeat — 06:22 — Watching for updates…
[2026-05-18T06:23:00+0800] 💓 Heartbeat — 06:23 — Watching for updates…
[2026-05-18T06:24:01+0800] 💓 Heartbeat — 06:24 — Watching for updates…
[2026-05-18T06:25:01+0800] 💓 Heartbeat — 06:25 — Watching for updates…
[2026-05-18T06:26:02+0800] 💓 Heartbeat — 06:26 — Watching for updates…
[2026-05-18T06:27:02+0800] 💓 Heartbeat — 06:27 — Watching for updates…
[2026-05-18T06:28:02+0800] 💓 Heartbeat — 06:28 — Watching for updates…
[2026-05-18T06:29:02+0800] 💓 Heartbeat — 06:29 — Watching for updates…
[2026-05-18T06:30:03+0800] 💓 Heartbeat — 06:30 — Watching for updates…
/Users/openclaw/Downloads/MYCHEF . MASTER/control-tower/watcher.sh: line 77: ((: 08: value too great for base (error token is "08")
[2026-05-18T06:31:03+0800] 💓 Heartbeat — 06:31 — Watching for updates…
/Users/openclaw/Downloads/MYCHEF . MASTER/control-tower/watcher.sh: line 77: ((: 08: value too great for base (error token is "08")
[2026-05-18T06:32:03+0800] 💓 Heartbeat — 06:32 — Watching for updates…
/Users/openclaw/Downloads/MYCHEF . MASTER/control-tower/watcher.sh: line 77: ((: 08: value too great for base (error token is "08")
[2026-05-18T06:33:03+0800] 💓 Heartbeat — 06:33 — Watching for updates…
/Users/openclaw/Downloads/MYCHEF . MASTER/control-tower/watcher.sh: line 77: ((: 08: value too great for base (error token is "08")
[2026-05-18T06:34:04+0800] 💓 Heartbeat — 06:34 — Watching for updates…
/Users/openclaw/Downloads/MYCHEF . MASTER/control-tower/watcher.sh: line 77: ((: 09: value too great for base (error token is "09")
[2026-05-18T06:35:04+0800] 💓 Heartbeat — 06:35 — Watching for updates…
/Users/openclaw/Downloads/MYCHEF . MASTER/control-tower/watcher.sh: line 77: ((: 09: value too great for base (error token is "09")
[2026-05-18T06:36:04+0800] 💓 Heartbeat — 06:36 — Watching for updates…
/Users/openclaw/Downloads/MYCHEF . MASTER/control-tower/watcher.sh: line 77: ((: 09: value too great for base (error token is "09")
[2026-05-18T06:37:04+0800] 💓 Heartbeat — 06:37 — Watching for updates…
/Users/openclaw/Downloads/MYCHEF . MASTER/control-tower/watcher.sh: line 77: ((: 09: value too great for base (error token is "09")
[2026-05-18T06:38:00+0800] 💓 Heartbeat — 06:38 — Watching for updates…
[2026-05-18T06:39:00+0800] 💓 Heartbeat — 06:39 — Watching for updates…
[2026-05-18T06:40:00+0800] 💓 Heartbeat — 06:40 — Watching for updates…
[2026-05-18T06:41:00+0800] 💓 Heartbeat — 06:41 — Watching for updates…
[2026-05-18T06:42:02+0800] 💓 Heartbeat — 06:42 — Watching for updates…
[2026-05-18T06:43:02+0800] 💓 Heartbeat — 06:43 — Watching for updates…
[2026-05-18T06:44:03+0800] 💓 Heartbeat — 06:44 — Watching for updates…
/Users/openclaw/Downloads/MYCHEF . MASTER/control-tower/watcher.sh: line 77: ((: 08: value too great for base (error token is "08")
[2026-05-18T06:45:03+0800] 💓 Heartbeat — 06:45 — Watching for updates…
/Users/openclaw/Downloads/MYCHEF . MASTER/control-tower/watcher.sh: line 77: ((: 08: value too great for base (error token is "08")
[2026-05-18T06:46:04+0800] 💓 Heartbeat — 06:46 — Watching for updates…
/Users/openclaw/Downloads/MYCHEF . MASTER/control-tower/watcher.sh: line 77: ((: 09: value too great for base (error token is "09")
[2026-05-18T06:47:04+0800] 💓 Heartbeat — 06:47 — Watching for updates…
/Users/openclaw/Downloads/MYCHEF . MASTER/control-tower/watcher.sh: line 77: ((: 09: value too great for base (error token is "09")
[2026-05-18T06:48:04+0800] 💓 Heartbeat — 06:48 — Watching for updates…
/Users/openclaw/Downloads/MYCHEF . MASTER/control-tower/watcher.sh: line 77: ((: 09: value too great for base (error token is "09")
[2026-05-18T06:49:00+0800] 💓 Heartbeat — 06:49 — Watching for updates…
[2026-05-18T06:50:00+0800] 💓 Heartbeat — 06:50 — Watching for updates…
[2026-05-18T06:51:00+0800] 💓 Heartbeat — 06:51 — Watching for updates…
[2026-05-18T06:52:00+0800] 💓 Heartbeat — 06:52 — Watching for updates…
[2026-05-18T06:53:01+0800] 💓 Heartbeat — 06:53 — Watching for updates…
[2026-05-18T06:54:01+0800] 💓 Heartbeat — 06:54 — Watching for updates…
[2026-05-18T06:55:01+0800] 💓 Heartbeat — 06:55 — Watching for updates…
[2026-05-18T06:56:02+0800] 💓 Heartbeat — 06:56 — Watching for updates…
[2026-05-18T06:57:02+0800] 💓 Heartbeat — 06:57 — Watching for updates…
[2026-05-18T06:58:02+0800] 💓 Heartbeat — 06:58 — Watching for updates…
[2026-05-18T06:59:02+0800] 💓 Heartbeat — 06:59 — Watching for updates…
[2026-05-18T07:00:03+0800] 💓 Heartbeat — 07:00 — Watching for updates…
/Users/openclaw/Downloads/MYCHEF . MASTER/control-tower/watcher.sh: line 77: ((: 08: value too great for base (error token is "08")
[2026-05-18T07:01:03+0800] 💓 Heartbeat — 07:01 — Watching for updates…
/Users/openclaw/Downloads/MYCHEF . MASTER/control-tower/watcher.sh: line 77: ((: 08: value too great for base (error token is "08")
[2026-05-18T07:02:03+0800] 💓 Heartbeat — 07:02 — Watching for updates…
/Users/openclaw/Downloads/MYCHEF . MASTER/control-tower/watcher.sh: line 77: ((: 08: value too great for base (error token is "08")
[2026-05-18T07:03:03+0800] 💓 Heartbeat — 07:03 — Watching for updates…
/Users/openclaw/Downloads/MYCHEF . MASTER/control-tower/watcher.sh: line 77: ((: 08: value too great for base (error token is "08")
[2026-05-18T07:04:04+0800] 💓 Heartbeat — 07:04 — Watching for updates…
/Users/openclaw/Downloads/MYCHEF . MASTER/control-tower/watcher.sh: line 77: ((: 09: value too great for base (error token is "09")
[2026-05-18T07:05:04+0800] 💓 Heartbeat — 07:05 — Watching for updates…
/Users/openclaw/Downloads/MYCHEF . MASTER/control-tower/watcher.sh: line 77: ((: 09: value too great for base (error token is "09")
[2026-05-18T07:06:04+0800] 💓 Heartbeat — 07:06 — Watching for updates…
/Users/openclaw/Downloads/MYCHEF . MASTER/control-tower/watcher.sh: line 77: ((: 09: value too great for base (error token is "09")
[2026-05-18T07:07:04+0800] 💓 Heartbeat — 07:07 — Watching for updates…
/Users/openclaw/Downloads/MYCHEF . MASTER/control-tower/watcher.sh: line 77: ((: 09: value too great for base (error token is "09")
[2026-05-18T07:08:00+0800] 💓 Heartbeat — 07:08 — Watching for updates…
[2026-05-18T07:09:00+0800] 💓 Heartbeat — 07:09 — Watching for updates…
[2026-05-18T07:10:00+0800] 💓 Heartbeat — 07:10 — Watching for updates…
[2026-05-18T07:11:00+0800] 💓 Heartbeat — 07:11 — Watching for updates…
[2026-05-18T07:12:01+0800] 💓 Heartbeat — 07:12 — Watching for updates…
[2026-05-18T07:13:01+0800] 💓 Heartbeat — 07:13 — Watching for updates…
[2026-05-18T07:14:01+0800] 💓 Heartbeat — 07:14 — Watching for updates…
[2026-05-18T07:15:02+0800] 💓 Heartbeat — 07:15 — Watching for updates…
[2026-05-18T07:16:02+0800] 💓 Heartbeat — 07:16 — Watching for updates…
[2026-05-18T07:17:02+0800] 💓 Heartbeat — 07:17 — Watching for updates…
[2026-05-18T07:18:02+0800] 💓 Heartbeat — 07:18 — Watching for updates…
/Users/openclaw/Downloads/MYCHEF . MASTER/control-tower/watcher.sh: line 77: ((: 08: value too great for base (error token is "08")
[2026-05-18T07:19:03+0800] 💓 Heartbeat — 07:19 — Watching for updates…
/Users/openclaw/Downloads/MYCHEF . MASTER/control-tower/watcher.sh: line 77: ((: 08: value too great for base (error token is "08")
[2026-05-18T07:20:03+0800] 💓 Heartbeat — 07:20 — Watching for updates…
/Users/openclaw/Downloads/MYCHEF . MASTER/control-tower/watcher.sh: line 77: ((: 08: value too great for base (error token is "08")
[2026-05-18T07:21:03+0800] 💓 Heartbeat — 07:21 — Watching for updates…
/Users/openclaw/Downloads/MYCHEF . MASTER/control-tower/watcher.sh: line 77: ((: 08: value too great for base (error token is "08")
[2026-05-18T07:22:03+0800] 💓 Heartbeat — 07:22 — Watching for updates…
/Users/openclaw/Downloads/MYCHEF . MASTER/control-tower/watcher.sh: line 77: ((: 08: value too great for base (error token is "08")
[2026-05-18T07:23:04+0800] 💓 Heartbeat — 07:23 — Watching for updates…
/Users/openclaw/Downloads/MYCHEF . MASTER/control-tower/watcher.sh: line 77: ((: 09: value too great for base (error token is "09")
[2026-05-18T07:24:04+0800] 💓 Heartbeat — 07:24 — Watching for updates…
/Users/openclaw/Downloads/MYCHEF . MASTER/control-tower/watcher.sh: line 77: ((: 09: value too great for base (error token is "09")
[2026-05-18T07:25:04+0800] 💓 Heartbeat — 07:25 — Watching for updates…
/Users/openclaw/Downloads/MYCHEF . MASTER/control-tower/watcher.sh: line 77: ((: 09: value too great for base (error token is "09")
[2026-05-18T07:26:04+0800] 💓 Heartbeat — 07:26 — Watching for updates…
/Users/openclaw/Downloads/MYCHEF . MASTER/control-tower/watcher.sh: line 77: ((: 09: value too great for base (error token is "09")
[2026-05-18T07:28:00+0800] 💓 Heartbeat — 07:28 — Watching for updates…
[2026-05-18T07:29:00+0800] 💓 Heartbeat — 07:29 — Watching for updates…
[2026-05-18T07:30:00+0800] 💓 Heartbeat — 07:30 — Watching for updates…
[2026-05-18T07:31:00+0800] 💓 Heartbeat — 07:31 — Watching for updates…
[2026-05-18T07:32:01+0800] 💓 Heartbeat — 07:32 — Watching for updates…
[2026-05-18T07:33:01+0800] 💓 Heartbeat — 07:33 — Watching for updates…
[2026-05-18T07:34:01+0800] 💓 Heartbeat — 07:34 — Watching for updates…
[2026-05-18T07:35:01+0800] 💓 Heartbeat — 07:35 — Watching for updates…
[2026-05-18T07:36:02+0800] 💓 Heartbeat — 07:36 — Watching for updates…
[2026-05-18T07:37:02+0800] 💓 Heartbeat — 07:37 — Watching for updates…
[2026-05-18T07:38:02+0800] 💓 Heartbeat — 07:38 — Watching for updates…
[2026-05-18T07:39:02+0800] 💓 Heartbeat — 07:39 — Watching for updates…
[2026-05-18T07:40:02+0800] 💓 Heartbeat — 07:40 — Watching for updates…
[2026-05-18T07:41:03+0800] 💓 Heartbeat — 07:41 — Watching for updates…
/Users/openclaw/Downloads/MYCHEF . MASTER/control-tower/watcher.sh: line 77: ((: 08: value too great for base (error token is "08")
[2026-05-18T07:42:03+0800] 💓 Heartbeat — 07:42 — Watching for updates…
/Users/openclaw/Downloads/MYCHEF . MASTER/control-tower/watcher.sh: line 77: ((: 08: value too great for base (error token is "08")
[2026-05-18T07:43:03+0800] 💓 Heartbeat — 07:43 — Watching for updates…
/Users/openclaw/Downloads/MYCHEF . MASTER/control-tower/watcher.sh: line 77: ((: 09: value too great for base (error token is "09")
[2026-05-18T07:44:04+0800] 💓 Heartbeat — 07:44 — Watching for updates…
/Users/openclaw/Downloads/MYCHEF . MASTER/control-tower/watcher.sh: line 77: ((: 09: value too great for base (error token is "09")
[2026-05-18T07:45:04+0800] 💓 Heartbeat — 07:45 — Watching for updates…
/Users/openclaw/Downloads/MYCHEF . MASTER/control-tower/watcher.sh: line 77: ((: 09: value too great for base (error token is "09")
[2026-05-18T07:46:04+0800] 💓 Heartbeat — 07:46 — Watching for updates…
/Users/openclaw/Downloads/MYCHEF . MASTER/control-tower/watcher.sh: line 77: ((: 09: value too great for base (error token is "09")
[2026-05-18T07:47:00+0800] 💓 Heartbeat — 07:47 — Watching for updates…
[2026-05-18T07:48:00+0800] 💓 Heartbeat — 07:48 — Watching for updates…
[2026-05-18T07:49:00+0800] 💓 Heartbeat — 07:49 — Watching for updates…
[2026-05-18T07:50:00+0800] 💓 Heartbeat — 07:50 — Watching for updates…
[2026-05-18T07:51:00+0800] 💓 Heartbeat — 07:51 — Watching for updates…
[2026-05-18T07:52:01+0800] 💓 Heartbeat — 07:52 — Watching for updates…
[2026-05-18T07:53:01+0800] 💓 Heartbeat — 07:53 — Watching for updates…
[2026-05-18T07:54:01+0800] 💓 Heartbeat — 07:54 — Watching for updates…
[2026-05-18T07:55:01+0800] 💓 Heartbeat — 07:55 — Watching for updates…
[2026-05-18T07:56:02+0800] 💓 Heartbeat — 07:56 — Watching for updates…
[2026-05-18T07:57:02+0800] 💓 Heartbeat — 07:57 — Watching for updates…
[2026-05-18T07:58:02+0800] 💓 Heartbeat — 07:58 — Watching for updates…
[2026-05-18T07:59:03+0800] 💓 Heartbeat — 07:59 — Watching for updates…
/Users/openclaw/Downloads/MYCHEF . MASTER/control-tower/watcher.sh: line 77: ((: 08: value too great for base (error token is "08")
[2026-05-18T08:00:03+0800] 💓 Heartbeat — 08:00 — Watching for updates…
/Users/openclaw/Downloads/MYCHEF . MASTER/control-tower/watcher.sh: line 77: ((: 08: value too great for base (error token is "08")
[2026-05-18T08:01:03+0800] 💓 Heartbeat — 08:01 — Watching for updates…
/Users/openclaw/Downloads/MYCHEF . MASTER/control-tower/watcher.sh: line 77: ((: 08: value too great for base (error token is "08")
[2026-05-18T08:02:03+0800] 💓 Heartbeat — 08:02 — Watching for updates…
/Users/openclaw/Downloads/MYCHEF . MASTER/control-tower/watcher.sh: line 77: ((: 08: value too great for base (error token is "08")
[2026-05-18T08:03:04+0800] 💓 Heartbeat — 08:03 — Watching for updates…
/Users/openclaw/Downloads/MYCHEF . MASTER/control-tower/watcher.sh: line 77: ((: 09: value too great for base (error token is "09")
[2026-05-18T08:04:04+0800] 💓 Heartbeat — 08:04 — Watching for updates…
/Users/openclaw/Downloads/MYCHEF . MASTER/control-tower/watcher.sh: line 77: ((: 09: value too great for base (error token is "09")
[2026-05-18T08:05:04+0800] 💓 Heartbeat — 08:05 — Watching for updates…
/Users/openclaw/Downloads/MYCHEF . MASTER/control-tower/watcher.sh: line 77: ((: 09: value too great for base (error token is "09")
[2026-05-18T08:06:00+0800] 💓 Heartbeat — 08:06 — Watching for updates…
[2026-05-18T08:07:00+0800] 💓 Heartbeat — 08:07 — Watching for updates…
[2026-05-18T08:08:00+0800] 💓 Heartbeat — 08:08 — Watching for updates…
[2026-05-18T08:09:00+0800] 💓 Heartbeat — 08:09 — Watching for updates…
[2026-05-18T08:10:01+0800] 💓 Heartbeat — 08:10 — Watching for updates…
[2026-05-18T08:11:01+0800] 💓 Heartbeat — 08:11 — Watching for updates…
[2026-05-18T08:12:01+0800] 💓 Heartbeat — 08:12 — Watching for updates…
[2026-05-18T08:13:01+0800] 💓 Heartbeat — 08:13 — Watching for updates…
[2026-05-18T08:14:02+0800] 💓 Heartbeat — 08:14 — Watching for updates…
[2026-05-18T08:15:02+0800] 💓 Heartbeat — 08:15 — Watching for updates…
[2026-05-18T08:16:02+0800] 💓 Heartbeat — 08:16 — Watching for updates…
[2026-05-18T08:17:02+0800] 💓 Heartbeat — 08:17 — Watching for updates…
[2026-05-18T08:18:03+0800] 💓 Heartbeat — 08:18 — Watching for updates…
/Users/openclaw/Downloads/MYCHEF . MASTER/control-tower/watcher.sh: line 77: ((: 08: value too great for base (error token is "08")
[2026-05-18T08:19:03+0800] 💓 Heartbeat — 08:19 — Watching for updates…
/Users/openclaw/Downloads/MYCHEF . MASTER/control-tower/watcher.sh: line 77: ((: 08: value too great for base (error token is "08")
[2026-05-18T08:20:03+0800] 💓 Heartbeat — 08:20 — Watching for updates…
/Users/openclaw/Downloads/MYCHEF . MASTER/control-tower/watcher.sh: line 77: ((: 08: value too great for base (error token is "08")
[2026-05-18T08:21:03+0800] 💓 Heartbeat — 08:21 — Watching for updates…
/Users/openclaw/Downloads/MYCHEF . MASTER/control-tower/watcher.sh: line 77: ((: 09: value too great for base (error token is "09")
[2026-05-18T08:22:04+0800] 💓 Heartbeat — 08:22 — Watching for updates…
/Users/openclaw/Downloads/MYCHEF . MASTER/control-tower/watcher.sh: line 77: ((: 09: value too great for base (error token is "09")
[2026-05-18T08:23:04+0800] 💓 Heartbeat — 08:23 — Watching for updates…
/Users/openclaw/Downloads/MYCHEF . MASTER/control-tower/watcher.sh: line 77: ((: 09: value too great for base (error token is "09")
[2026-05-18T08:24:04+0800] 💓 Heartbeat — 08:24 — Watching for updates…
/Users/openclaw/Downloads/MYCHEF . MASTER/control-tower/watcher.sh: line 77: ((: 09: value too great for base (error token is "09")
[2026-05-18T08:25:00+0800] 💓 Heartbeat — 08:25 — Watching for updates…
[2026-05-18T08:26:00+0800] 💓 Heartbeat — 08:26 — Watching for updates…
[2026-05-18T08:27:00+0800] 💓 Heartbeat — 08:27 — Watching for updates…
[2026-05-18T08:28:00+0800] 💓 Heartbeat — 08:28 — Watching for updates…
[2026-05-18T08:29:01+0800] 💓 Heartbeat — 08:29 — Watching for updates…
[2026-05-18T08:30:01+0800] 💓 Heartbeat — 08:30 — Watching for updates…
[2026-05-18T08:31:01+0800] 💓 Heartbeat — 08:31 — Watching for updates…
[2026-05-18T08:32:01+0800] 💓 Heartbeat — 08:32 — Watching for updates…
[2026-05-18T08:33:02+0800] 💓 Heartbeat — 08:33 — Watching for updates…
[2026-05-18T08:34:02+0800] 💓 Heartbeat — 08:34 — Watching for updates…
[2026-05-18T08:35:02+0800] 💓 Heartbeat — 08:35 — Watching for updates…
[2026-05-18T08:36:03+0800] 💓 Heartbeat — 08:36 — Watching for updates…
/Users/openclaw/Downloads/MYCHEF . MASTER/control-tower/watcher.sh: line 77: ((: 08: value too great for base (error token is "08")
[2026-05-18T08:37:03+0800] 💓 Heartbeat — 08:37 — Watching for updates…
/Users/openclaw/Downloads/MYCHEF . MASTER/control-tower/watcher.sh: line 77: ((: 08: value too great for base (error token is "08")
[2026-05-18T08:38:04+0800] 💓 Heartbeat — 08:38 — Watching for updates…
/Users/openclaw/Downloads/MYCHEF . MASTER/control-tower/watcher.sh: line 77: ((: 09: value too great for base (error token is "09")
[2026-05-18T08:39:04+0800] 💓 Heartbeat — 08:39 — Watching for updates…
/Users/openclaw/Downloads/MYCHEF . MASTER/control-tower/watcher.sh: line 77: ((: 09: value too great for base (error token is "09")
[2026-05-18T08:40:04+0800] 💓 Heartbeat — 08:40 — Watching for updates…
/Users/openclaw/Downloads/MYCHEF . MASTER/control-tower/watcher.sh: line 77: ((: 09: value too great for base (error token is "09")
[2026-05-18T08:42:00+0800] 💓 Heartbeat — 08:42 — Watching for updates…
[2026-05-18T08:43:00+0800] 💓 Heartbeat — 08:43 — Watching for updates…
[2026-05-18T08:44:00+0800] 💓 Heartbeat — 08:44 — Watching for updates…
[2026-05-18T08:45:01+0800] 💓 Heartbeat — 08:45 — Watching for updates…
[2026-05-18T08:46:01+0800] 💓 Heartbeat — 08:46 — Watching for updates…
[2026-05-18T08:47:01+0800] 💓 Heartbeat — 08:47 — Watching for updates…
[2026-05-18T08:48:02+0800] 💓 Heartbeat — 08:48 — Watching for updates…
[2026-05-18T08:49:02+0800] 💓 Heartbeat — 08:49 — Watching for updates…
[2026-05-18T08:50:03+0800] 💓 Heartbeat — 08:50 — Watching for updates…
/Users/openclaw/Downloads/MYCHEF . MASTER/control-tower/watcher.sh: line 77: ((: 08: value too great for base (error token is "08")
[2026-05-18T08:51:03+0800] 💓 Heartbeat — 08:51 — Watching for updates…
/Users/openclaw/Downloads/MYCHEF . MASTER/control-tower/watcher.sh: line 77: ((: 08: value too great for base (error token is "08")
[2026-05-18T08:52:03+0800] 💓 Heartbeat — 08:52 — Watching for updates…
/Users/openclaw/Downloads/MYCHEF . MASTER/control-tower/watcher.sh: line 77: ((: 08: value too great for base (error token is "08")
[2026-05-18T08:53:03+0800] 💓 Heartbeat — 08:53 — Watching for updates…
/Users/openclaw/Downloads/MYCHEF . MASTER/control-tower/watcher.sh: line 77: ((: 08: value too great for base (error token is "08")
[2026-05-18T08:54:04+0800] 💓 Heartbeat — 08:54 — Watching for updates…
/Users/openclaw/Downloads/MYCHEF . MASTER/control-tower/watcher.sh: line 77: ((: 09: value too great for base (error token is "09")
[2026-05-18T08:55:04+0800] 💓 Heartbeat — 08:55 — Watching for updates…
/Users/openclaw/Downloads/MYCHEF . MASTER/control-tower/watcher.sh: line 77: ((: 09: value too great for base (error token is "09")
[2026-05-18T08:56:04+0800] 💓 Heartbeat — 08:56 — Watching for updates…
/Users/openclaw/Downloads/MYCHEF . MASTER/control-tower/watcher.sh: line 77: ((: 09: value too great for base (error token is "09")
[2026-05-18T08:57:04+0800] 💓 Heartbeat — 08:57 — Watching for updates…
/Users/openclaw/Downloads/MYCHEF . MASTER/control-tower/watcher.sh: line 77: ((: 09: value too great for base (error token is "09")
[2026-05-18T08:58:00+0800] 💓 Heartbeat — 08:58 — Watching for updates…
[2026-05-18T08:59:00+0800] 💓 Heartbeat — 08:59 — Watching for updates…
[2026-05-18T09:00:00+0800] 💓 Heartbeat — 09:00 — Watching for updates…
[2026-05-18T09:01:00+0800] 💓 Heartbeat — 09:01 — Watching for updates…
[2026-05-18T09:02:00+0800] 💓 Heartbeat — 09:02 — Watching for updates…
[2026-05-18T09:03:01+0800] 💓 Heartbeat — 09:03 — Watching for updates…
[2026-05-18T09:04:01+0800] 💓 Heartbeat — 09:04 — Watching for updates…
[2026-05-18T09:05:01+0800] 💓 Heartbeat — 09:05 — Watching for updates…
[2026-05-18T09:06:01+0800] 💓 Heartbeat — 09:06 — Watching for updates…
[2026-05-18T09:07:02+0800] 💓 Heartbeat — 09:07 — Watching for updates…
[2026-05-18T09:08:02+0800] 💓 Heartbeat — 09:08 — Watching for updates…
[2026-05-18T09:09:02+0800] 💓 Heartbeat — 09:09 — Watching for updates…
[2026-05-18T09:10:02+0800] 💓 Heartbeat — 09:10 — Watching for updates…
[2026-05-18T09:11:03+0800] 💓 Heartbeat — 09:11 — Watching for updates…
/Users/openclaw/Downloads/MYCHEF . MASTER/control-tower/watcher.sh: line 77: ((: 08: value too great for base (error token is "08")
[2026-05-18T09:12:03+0800] 💓 Heartbeat — 09:12 — Watching for updates…
/Users/openclaw/Downloads/MYCHEF . MASTER/control-tower/watcher.sh: line 77: ((: 08: value too great for base (error token is "08")
[2026-05-18T09:13:03+0800] 💓 Heartbeat — 09:13 — Watching for updates…
/Users/openclaw/Downloads/MYCHEF . MASTER/control-tower/watcher.sh: line 77: ((: 08: value too great for base (error token is "08")
[2026-05-18T09:14:03+0800] 💓 Heartbeat — 09:14 — Watching for updates…
/Users/openclaw/Downloads/MYCHEF . MASTER/control-tower/watcher.sh: line 77: ((: 08: value too great for base (error token is "08")
[2026-05-18T09:15:04+0800] 💓 Heartbeat — 09:15 — Watching for updates…
/Users/openclaw/Downloads/MYCHEF . MASTER/control-tower/watcher.sh: line 77: ((: 09: value too great for base (error token is "09")
[2026-05-18T09:16:04+0800] 💓 Heartbeat — 09:16 — Watching for updates…
/Users/openclaw/Downloads/MYCHEF . MASTER/control-tower/watcher.sh: line 77: ((: 09: value too great for base (error token is "09")
[2026-05-18T09:17:04+0800] 💓 Heartbeat — 09:17 — Watching for updates…
/Users/openclaw/Downloads/MYCHEF . MASTER/control-tower/watcher.sh: line 77: ((: 09: value too great for base (error token is "09")
[2026-05-18T09:18:04+0800] 💓 Heartbeat — 09:18 — Watching for updates…
/Users/openclaw/Downloads/MYCHEF . MASTER/control-tower/watcher.sh: line 77: ((: 09: value too great for base (error token is "09")
[2026-05-18T09:19:00+0800] 💓 Heartbeat — 09:19 — Watching for updates…
[2026-05-18T09:20:00+0800] 💓 Heartbeat — 09:20 — Watching for updates…
[2026-05-18T09:21:00+0800] 💓 Heartbeat — 09:21 — Watching for updates…
[2026-05-18T09:22:00+0800] 💓 Heartbeat — 09:22 — Watching for updates…
[2026-05-18T09:23:01+0800] 💓 Heartbeat — 09:23 — Watching for updates…
[2026-05-18T09:24:01+0800] 💓 Heartbeat — 09:24 — Watching for updates…
[2026-05-18T09:25:01+0800] 💓 Heartbeat — 09:25 — Watching for updates…
[2026-05-18T09:26:01+0800] 💓 Heartbeat — 09:26 — Watching for updates…
[2026-05-18T09:27:02+0800] 💓 Heartbeat — 09:27 — Watching for updates…
[2026-05-18T09:28:02+0800] 💓 Heartbeat — 09:28 — Watching for updates…
[2026-05-18T09:29:02+0800] 💓 Heartbeat — 09:29 — Watching for updates…
[2026-05-18T09:30:03+0800] 💓 Heartbeat — 09:30 — Watching for updates…
/Users/openclaw/Downloads/MYCHEF . MASTER/control-tower/watcher.sh: line 77: ((: 08: value too great for base (error token is "08")
[2026-05-18T09:31:03+0800] 💓 Heartbeat — 09:31 — Watching for updates…
/Users/openclaw/Downloads/MYCHEF . MASTER/control-tower/watcher.sh: line 77: ((: 08: value too great for base (error token is "08")
[2026-05-18T09:32:03+0800] 💓 Heartbeat — 09:32 — Watching for updates…
/Users/openclaw/Downloads/MYCHEF . MASTER/control-tower/watcher.sh: line 77: ((: 08: value too great for base (error token is "08")
[2026-05-18T09:33:03+0800] 💓 Heartbeat — 09:33 — Watching for updates…
/Users/openclaw/Downloads/MYCHEF . MASTER/control-tower/watcher.sh: line 77: ((: 08: value too great for base (error token is "08")
[2026-05-18T09:34:04+0800] 💓 Heartbeat — 09:34 — Watching for updates…
/Users/openclaw/Downloads/MYCHEF . MASTER/control-tower/watcher.sh: line 77: ((: 09: value too great for base (error token is "09")
[2026-05-18T09:35:04+0800] 💓 Heartbeat — 09:35 — Watching for updates…
/Users/openclaw/Downloads/MYCHEF . MASTER/control-tower/watcher.sh: line 77: ((: 09: value too great for base (error token is "09")
[2026-05-18T09:36:04+0800] 💓 Heartbeat — 09:36 — Watching for updates…
/Users/openclaw/Downloads/MYCHEF . MASTER/control-tower/watcher.sh: line 77: ((: 09: value too great for base (error token is "09")
[2026-05-18T09:37:04+0800] 💓 Heartbeat — 09:37 — Watching for updates…
[2026-05-18T09:38:00+0800] 💓 Heartbeat — 09:38 — Watching for updates…
[2026-05-18T09:39:00+0800] 💓 Heartbeat — 09:39 — Watching for updates…
[2026-05-18T09:40:00+0800] 💓 Heartbeat — 09:40 — Watching for updates…
[2026-05-18T09:41:01+0800] 💓 Heartbeat — 09:41 — Watching for updates…
[2026-05-18T09:42:01+0800] 💓 Heartbeat — 09:42 — Watching for updates…
[2026-05-18T09:43:01+0800] 💓 Heartbeat — 09:43 — Watching for updates…
[2026-05-18T09:44:01+0800] 💓 Heartbeat — 09:44 — Watching for updates…
[2026-05-18T09:45:02+0800] 💓 Heartbeat — 09:45 — Watching for updates…
[2026-05-18T09:46:02+0800] 💓 Heartbeat — 09:46 — Watching for updates…
[2026-05-18T09:47:02+0800] 💓 Heartbeat — 09:47 — Watching for updates…
[2026-05-18T09:48:03+0800] 💓 Heartbeat — 09:48 — Watching for updates…
/Users/openclaw/Downloads/MYCHEF . MASTER/control-tower/watcher.sh: line 77: ((: 08: value too great for base (error token is "08")
[2026-05-18T09:49:03+0800] 💓 Heartbeat — 09:49 — Watching for updates…
/Users/openclaw/Downloads/MYCHEF . MASTER/control-tower/watcher.sh: line 77: ((: 08: value too great for base (error token is "08")
[2026-05-18T09:50:03+0800] 💓 Heartbeat — 09:50 — Watching for updates…
/Users/openclaw/Downloads/MYCHEF . MASTER/control-tower/watcher.sh: line 77: ((: 08: value too great for base (error token is "08")
[2026-05-18T09:51:04+0800] 💓 Heartbeat — 09:51 — Watching for updates…
/Users/openclaw/Downloads/MYCHEF . MASTER/control-tower/watcher.sh: line 77: ((: 09: value too great for base (error token is "09")
[2026-05-18T09:52:04+0800] 💓 Heartbeat — 09:52 — Watching for updates…
/Users/openclaw/Downloads/MYCHEF . MASTER/control-tower/watcher.sh: line 77: ((: 09: value too great for base (error token is "09")
[2026-05-18T09:53:04+0800] 💓 Heartbeat — 09:53 — Watching for updates…
/Users/openclaw/Downloads/MYCHEF . MASTER/control-tower/watcher.sh: line 77: ((: 09: value too great for base (error token is "09")
[2026-05-18T09:54:04+0800] 💓 Heartbeat — 09:54 — Watching for updates…
/Users/openclaw/Downloads/MYCHEF . MASTER/control-tower/watcher.sh: line 77: ((: 09: value too great for base (error token is "09")
[2026-05-18T09:55:00+0800] 💓 Heartbeat — 09:55 — Watching for updates…
[2026-05-18T09:56:00+0800] 💓 Heartbeat — 09:56 — Watching for updates…
[2026-05-18T09:57:00+0800] 💓 Heartbeat — 09:57 — Watching for updates…
[2026-05-18T09:58:00+0800] 💓 Heartbeat — 09:58 — Watching for updates…
[2026-05-18T09:59:01+0800] 💓 Heartbeat — 09:59 — Watching for updates…
[2026-05-18T10:00:01+0800] 💓 Heartbeat — 10:00 — Watching for updates…
[2026-05-18T10:01:01+0800] 💓 Heartbeat — 10:01 — Watching for updates…
[2026-05-18T10:02:01+0800] 💓 Heartbeat — 10:02 — Watching for updates…
[2026-05-18T10:03:02+0800] 💓 Heartbeat — 10:03 — Watching for updates…
[2026-05-18T10:04:02+0800] 💓 Heartbeat — 10:04 — Watching for updates…
[2026-05-18T10:05:02+0800] 💓 Heartbeat — 10:05 — Watching for updates…
[2026-05-18T10:06:02+0800] 💓 Heartbeat — 10:06 — Watching for updates…
[2026-05-18T10:07:03+0800] 💓 Heartbeat — 10:07 — Watching for updates…
/Users/openclaw/Downloads/MYCHEF . MASTER/control-tower/watcher.sh: line 77: ((: 08: value too great for base (error token is "08")
[2026-05-18T10:08:03+0800] 💓 Heartbeat — 10:08 — Watching for updates…
/Users/openclaw/Downloads/MYCHEF . MASTER/control-tower/watcher.sh: line 77: ((: 08: value too great for base (error token is "08")
[2026-05-18T10:09:03+0800] 💓 Heartbeat — 10:09 — Watching for updates…
/Users/openclaw/Downloads/MYCHEF . MASTER/control-tower/watcher.sh: line 77: ((: 08: value too great for base (error token is "08")
[2026-05-18T10:10:03+0800] 💓 Heartbeat — 10:10 — Watching for updates…
/Users/openclaw/Downloads/MYCHEF . MASTER/control-tower/watcher.sh: line 77: ((: 08: value too great for base (error token is "08")
[2026-05-18T10:11:03+0800] 💓 Heartbeat — 10:11 — Watching for updates…
/Users/openclaw/Downloads/MYCHEF . MASTER/control-tower/watcher.sh: line 77: ((: 08: value too great for base (error token is "08")
[2026-05-18T10:12:04+0800] 💓 Heartbeat — 10:12 — Watching for updates…
/Users/openclaw/Downloads/MYCHEF . MASTER/control-tower/watcher.sh: line 77: ((: 09: value too great for base (error token is "09")
[2026-05-18T10:13:04+0800] 💓 Heartbeat — 10:13 — Watching for updates…
/Users/openclaw/Downloads/MYCHEF . MASTER/control-tower/watcher.sh: line 77: ((: 09: value too great for base (error token is "09")
[2026-05-18T10:14:04+0800] 💓 Heartbeat — 10:14 — Watching for updates…
/Users/openclaw/Downloads/MYCHEF . MASTER/control-tower/watcher.sh: line 77: ((: 09: value too great for base (error token is "09")
[2026-05-18T10:15:04+0800] 💓 Heartbeat — 10:15 — Watching for updates…
[2026-05-18T10:16:00+0800] 💓 Heartbeat — 10:16 — Watching for updates…
[2026-05-18T10:17:00+0800] 💓 Heartbeat — 10:17 — Watching for updates…
[2026-05-18T10:18:00+0800] 💓 Heartbeat — 10:18 — Watching for updates…
[2026-05-18T10:19:00+0800] 💓 Heartbeat — 10:19 — Watching for updates…
[2026-05-18T10:20:01+0800] 💓 Heartbeat — 10:20 — Watching for updates…
[2026-05-18T10:21:01+0800] 💓 Heartbeat — 10:21 — Watching for updates…
[2026-05-18T10:22:01+0800] 💓 Heartbeat — 10:22 — Watching for updates…
[2026-05-18T10:23:01+0800] 💓 Heartbeat — 10:23 — Watching for updates…
[2026-05-18T10:24:02+0800] 💓 Heartbeat — 10:24 — Watching for updates…
[2026-05-18T10:25:02+0800] 💓 Heartbeat — 10:25 — Watching for updates…
[2026-05-18T10:26:02+0800] 💓 Heartbeat — 10:26 — Watching for updates…
[2026-05-18T10:27:02+0800] 💓 Heartbeat — 10:27 — Watching for updates…
[2026-05-18T10:28:03+0800] 💓 Heartbeat — 10:28 — Watching for updates…
/Users/openclaw/Downloads/MYCHEF . MASTER/control-tower/watcher.sh: line 77: ((: 08: value too great for base (error token is "08")
[2026-05-18T10:29:03+0800] 💓 Heartbeat — 10:29 — Watching for updates…
/Users/openclaw/Downloads/MYCHEF . MASTER/control-tower/watcher.sh: line 77: ((: 08: value too great for base (error token is "08")
[2026-05-18T10:30:03+0800] 💓 Heartbeat — 10:30 — Watching for updates…
/Users/openclaw/Downloads/MYCHEF . MASTER/control-tower/watcher.sh: line 77: ((: 08: value too great for base (error token is "08")
[2026-05-18T10:31:03+0800] 💓 Heartbeat — 10:31 — Watching for updates…
/Users/openclaw/Downloads/MYCHEF . MASTER/control-tower/watcher.sh: line 77: ((: 08: value too great for base (error token is "08")
[2026-05-18T10:32:04+0800] 💓 Heartbeat — 10:32 — Watching for updates…
/Users/openclaw/Downloads/MYCHEF . MASTER/control-tower/watcher.sh: line 77: ((: 09: value too great for base (error token is "09")
[2026-05-18T10:33:04+0800] 💓 Heartbeat — 10:33 — Watching for updates…
/Users/openclaw/Downloads/MYCHEF . MASTER/control-tower/watcher.sh: line 77: ((: 09: value too great for base (error token is "09")
[2026-05-18T10:34:04+0800] 💓 Heartbeat — 10:34 — Watching for updates…
/Users/openclaw/Downloads/MYCHEF . MASTER/control-tower/watcher.sh: line 77: ((: 09: value too great for base (error token is "09")
[2026-05-18T10:35:04+0800] 💓 Heartbeat — 10:35 — Watching for updates…
/Users/openclaw/Downloads/MYCHEF . MASTER/control-tower/watcher.sh: line 77: ((: 09: value too great for base (error token is "09")
[2026-05-18T10:36:00+0800] 💓 Heartbeat — 10:36 — Watching for updates…
[2026-05-18T10:37:00+0800] 💓 Heartbeat — 10:37 — Watching for updates…
[2026-05-18T10:38:00+0800] 💓 Heartbeat — 10:38 — Watching for updates…
[2026-05-18T10:39:00+0800] 💓 Heartbeat — 10:39 — Watching for updates…
[2026-05-18T10:40:01+0800] 💓 Heartbeat — 10:40 — Watching for updates…
[2026-05-18T10:41:01+0800] 💓 Heartbeat — 10:41 — Watching for updates…
[2026-05-18T10:42:01+0800] 💓 Heartbeat — 10:42 — Watching for updates…
[2026-05-18T10:43:01+0800] 💓 Heartbeat — 10:43 — Watching for updates…
[2026-05-18T10:44:02+0800] 💓 Heartbeat — 10:44 — Watching for updates…
[2026-05-18T10:45:02+0800] 💓 Heartbeat — 10:45 — Watching for updates…
[2026-05-18T10:46:02+0800] 💓 Heartbeat — 10:46 — Watching for updates…
[2026-05-18T10:47:03+0800] 💓 Heartbeat — 10:47 — Watching for updates…
/Users/openclaw/Downloads/MYCHEF . MASTER/control-tower/watcher.sh: line 77: ((: 08: value too great for base (error token is "08")
[2026-05-18T10:48:03+0800] 💓 Heartbeat — 10:48 — Watching for updates…
/Users/openclaw/Downloads/MYCHEF . MASTER/control-tower/watcher.sh: line 77: ((: 08: value too great for base (error token is "08")
[2026-05-18T10:49:03+0800] 💓 Heartbeat — 10:49 — Watching for updates…
/Users/openclaw/Downloads/MYCHEF . MASTER/control-tower/watcher.sh: line 77: ((: 08: value too great for base (error token is "08")
[2026-05-18T10:50:03+0800] 💓 Heartbeat — 10:50 — Watching for updates…
/Users/openclaw/Downloads/MYCHEF . MASTER/control-tower/watcher.sh: line 77: ((: 08: value too great for base (error token is "08")
[2026-05-18T10:51:03+0800] 💓 Heartbeat — 10:51 — Watching for updates…
/Users/openclaw/Downloads/MYCHEF . MASTER/control-tower/watcher.sh: line 77: ((: 08: value too great for base (error token is "08")
[2026-05-18T10:52:04+0800] 💓 Heartbeat — 10:52 — Watching for updates…
/Users/openclaw/Downloads/MYCHEF . MASTER/control-tower/watcher.sh: line 77: ((: 09: value too great for base (error token is "09")
[2026-05-18T10:53:04+0800] 💓 Heartbeat — 10:53 — Watching for updates…
/Users/openclaw/Downloads/MYCHEF . MASTER/control-tower/watcher.sh: line 77: ((: 09: value too great for base (error token is "09")
[2026-05-18T10:54:04+0800] 💓 Heartbeat — 10:54 — Watching for updates…
/Users/openclaw/Downloads/MYCHEF . MASTER/control-tower/watcher.sh: line 77: ((: 09: value too great for base (error token is "09")
[2026-05-18T10:55:04+0800] 💓 Heartbeat — 10:55 — Watching for updates…
/Users/openclaw/Downloads/MYCHEF . MASTER/control-tower/watcher.sh: line 77: ((: 09: value too great for base (error token is "09")
[2026-05-18T10:56:00+0800] 💓 Heartbeat — 10:56 — Watching for updates…
[2026-05-18T10:57:00+0800] 💓 Heartbeat — 10:57 — Watching for updates…
[2026-05-18T10:58:00+0800] 💓 Heartbeat — 10:58 — Watching for updates…
[2026-05-18T10:59:00+0800] 💓 Heartbeat — 10:59 — Watching for updates…
[2026-05-18T11:00:01+0800] 💓 Heartbeat — 11:00 — Watching for updates…
[2026-05-18T11:01:01+0800] 💓 Heartbeat — 11:01 — Watching for updates…
[2026-05-18T11:02:01+0800] 💓 Heartbeat — 11:02 — Watching for updates…
[2026-05-18T11:03:01+0800] 💓 Heartbeat — 11:03 — Watching for updates…
[2026-05-18T11:04:02+0800] 💓 Heartbeat — 11:04 — Watching for updates…
[2026-05-18T11:05:02+0800] 💓 Heartbeat — 11:05 — Watching for updates…
[2026-05-18T11:06:02+0800] 💓 Heartbeat — 11:06 — Watching for updates…
[2026-05-18T11:07:02+0800] 💓 Heartbeat — 11:07 — Watching for updates…
[2026-05-18T11:08:03+0800] 💓 Heartbeat — 11:08 — Watching for updates…
/Users/openclaw/Downloads/MYCHEF . MASTER/control-tower/watcher.sh: line 77: ((: 08: value too great for base (error token is "08")
[2026-05-18T11:09:03+0800] 💓 Heartbeat — 11:09 — Watching for updates…
/Users/openclaw/Downloads/MYCHEF . MASTER/control-tower/watcher.sh: line 77: ((: 08: value too great for base (error token is "08")
[2026-05-18T11:10:03+0800] 💓 Heartbeat — 11:10 — Watching for updates…
/Users/openclaw/Downloads/MYCHEF . MASTER/control-tower/watcher.sh: line 77: ((: 08: value too great for base (error token is "08")
[2026-05-18T11:11:04+0800] 💓 Heartbeat — 11:11 — Watching for updates…
/Users/openclaw/Downloads/MYCHEF . MASTER/control-tower/watcher.sh: line 77: ((: 09: value too great for base (error token is "09")
[2026-05-18T11:12:04+0800] 💓 Heartbeat — 11:12 — Watching for updates…
/Users/openclaw/Downloads/MYCHEF . MASTER/control-tower/watcher.sh: line 77: ((: 09: value too great for base (error token is "09")
[2026-05-18T11:13:04+0800] 💓 Heartbeat — 11:13 — Watching for updates…
/Users/openclaw/Downloads/MYCHEF . MASTER/control-tower/watcher.sh: line 77: ((: 09: value too great for base (error token is "09")
[2026-05-18T11:14:00+0800] 💓 Heartbeat — 11:14 — Watching for updates…
[2026-05-18T11:15:00+0800] 💓 Heartbeat — 11:15 — Watching for updates…
[2026-05-18T11:16:00+0800] 💓 Heartbeat — 11:16 — Watching for updates…
[2026-05-18T11:17:01+0800] 💓 Heartbeat — 11:17 — Watching for updates…
[2026-05-18T11:18:01+0800] 💓 Heartbeat — 11:18 — Watching for updates…
[2026-05-18T11:19:01+0800] 💓 Heartbeat — 11:19 — Watching for updates…
[2026-05-18T11:20:01+0800] 💓 Heartbeat — 11:20 — Watching for updates…
[2026-05-18T11:21:02+0800] 💓 Heartbeat — 11:21 — Watching for updates…
[2026-05-18T11:22:02+0800] 💓 Heartbeat — 11:22 — Watching for updates…
[2026-05-18T11:23:02+0800] 💓 Heartbeat — 11:23 — Watching for updates…
[2026-05-18T11:24:03+0800] 💓 Heartbeat — 11:24 — Watching for updates…
/Users/openclaw/Downloads/MYCHEF . MASTER/control-tower/watcher.sh: line 77: ((: 08: value too great for base (error token is "08")
[2026-05-18T11:25:03+0800] 💓 Heartbeat — 11:25 — Watching for updates…
/Users/openclaw/Downloads/MYCHEF . MASTER/control-tower/watcher.sh: line 77: ((: 08: value too great for base (error token is "08")
[2026-05-18T11:26:03+0800] 💓 Heartbeat — 11:26 — Watching for updates…
/Users/openclaw/Downloads/MYCHEF . MASTER/control-tower/watcher.sh: line 77: ((: 08: value too great for base (error token is "08")
[2026-05-18T11:27:04+0800] 💓 Heartbeat — 11:27 — Watching for updates…
/Users/openclaw/Downloads/MYCHEF . MASTER/control-tower/watcher.sh: line 77: ((: 09: value too great for base (error token is "09")
[2026-05-18T11:28:04+0800] 💓 Heartbeat — 11:28 — Watching for updates…
/Users/openclaw/Downloads/MYCHEF . MASTER/control-tower/watcher.sh: line 77: ((: 09: value too great for base (error token is "09")
[2026-05-18T11:29:04+0800] 💓 Heartbeat — 11:29 — Watching for updates…
/Users/openclaw/Downloads/MYCHEF . MASTER/control-tower/watcher.sh: line 77: ((: 09: value too great for base (error token is "09")
[2026-05-18T11:30:04+0800] 💓 Heartbeat — 11:30 — Watching for updates…
/Users/openclaw/Downloads/MYCHEF . MASTER/control-tower/watcher.sh: line 77: ((: 09: value too great for base (error token is "09")
[2026-05-18T11:31:00+0800] 💓 Heartbeat — 11:31 — Watching for updates…
[2026-05-18T11:32:00+0800] 💓 Heartbeat — 11:32 — Watching for updates…
[2026-05-18T11:33:00+0800] 💓 Heartbeat — 11:33 — Watching for updates…
[2026-05-18T11:34:00+0800] 💓 Heartbeat — 11:34 — Watching for updates…
[2026-05-18T11:35:01+0800] 💓 Heartbeat — 11:35 — Watching for updates…
[2026-05-18T11:36:01+0800] 💓 Heartbeat — 11:36 — Watching for updates…
[2026-05-18T11:37:01+0800] 💓 Heartbeat — 11:37 — Watching for updates…
[2026-05-18T11:38:01+0800] 💓 Heartbeat — 11:38 — Watching for updates…
[2026-05-18T11:39:02+0800] 💓 Heartbeat — 11:39 — Watching for updates…
[2026-05-18T11:40:02+0800] 💓 Heartbeat — 11:40 — Watching for updates…
[2026-05-18T11:41:02+0800] 💓 Heartbeat — 11:41 — Watching for updates…
[2026-05-18T11:42:03+0800] 💓 Heartbeat — 11:42 — Watching for updates…
/Users/openclaw/Downloads/MYCHEF . MASTER/control-tower/watcher.sh: line 77: ((: 08: value too great for base (error token is "08")
[2026-05-18T11:43:03+0800] 💓 Heartbeat — 11:43 — Watching for updates…
/Users/openclaw/Downloads/MYCHEF . MASTER/control-tower/watcher.sh: line 77: ((: 08: value too great for base (error token is "08")
[2026-05-18T11:44:03+0800] 💓 Heartbeat — 11:44 — Watching for updates…
/Users/openclaw/Downloads/MYCHEF . MASTER/control-tower/watcher.sh: line 77: ((: 09: value too great for base (error token is "09")
[2026-05-18T11:45:04+0800] 💓 Heartbeat — 11:45 — Watching for updates…
/Users/openclaw/Downloads/MYCHEF . MASTER/control-tower/watcher.sh: line 77: ((: 09: value too great for base (error token is "09")
[2026-05-18T11:46:04+0800] 💓 Heartbeat — 11:46 — Watching for updates…
/Users/openclaw/Downloads/MYCHEF . MASTER/control-tower/watcher.sh: line 77: ((: 09: value too great for base (error token is "09")
[2026-05-18T11:47:04+0800] 💓 Heartbeat — 11:47 — Watching for updates…
/Users/openclaw/Downloads/MYCHEF . MASTER/control-tower/watcher.sh: line 77: ((: 09: value too great for base (error token is "09")
[2026-05-18T11:48:00+0800] 💓 Heartbeat — 11:48 — Watching for updates…
[2026-05-18T11:49:00+0800] 💓 Heartbeat — 11:49 — Watching for updates…
[2026-05-18T11:50:00+0800] 💓 Heartbeat — 11:50 — Watching for updates…
[2026-05-18T11:51:00+0800] 💓 Heartbeat — 11:51 — Watching for updates…
[2026-05-18T11:52:01+0800] 💓 Heartbeat — 11:52 — Watching for updates…
[2026-05-18T11:53:01+0800] 💓 Heartbeat — 11:53 — Watching for updates…
[2026-05-18T11:54:01+0800] 💓 Heartbeat — 11:54 — Watching for updates…
[2026-05-18T11:55:02+0800] 💓 Heartbeat — 11:55 — Watching for updates…
[2026-05-18T11:56:02+0800] 💓 Heartbeat — 11:56 — Watching for updates…
[2026-05-18T11:57:02+0800] 💓 Heartbeat — 11:57 — Watching for updates…
[2026-05-18T11:58:02+0800] 💓 Heartbeat — 11:58 — Watching for updates…
/Users/openclaw/Downloads/MYCHEF . MASTER/control-tower/watcher.sh: line 77: ((: 08: value too great for base (error token is "08")
[2026-05-18T11:59:03+0800] 💓 Heartbeat — 11:59 — Watching for updates…
/Users/openclaw/Downloads/MYCHEF . MASTER/control-tower/watcher.sh: line 77: ((: 08: value too great for base (error token is "08")
[2026-05-18T12:00:03+0800] 💓 Heartbeat — 12:00 — Watching for updates…
/Users/openclaw/Downloads/MYCHEF . MASTER/control-tower/watcher.sh: line 77: ((: 08: value too great for base (error token is "08")
[2026-05-18T12:01:03+0800] 💓 Heartbeat — 12:01 — Watching for updates…
/Users/openclaw/Downloads/MYCHEF . MASTER/control-tower/watcher.sh: line 77: ((: 08: value too great for base (error token is "08")
[2026-05-18T12:02:04+0800] 💓 Heartbeat — 12:02 — Watching for updates…
/Users/openclaw/Downloads/MYCHEF . MASTER/control-tower/watcher.sh: line 77: ((: 09: value too great for base (error token is "09")
[2026-05-18T12:03:04+0800] 💓 Heartbeat — 12:03 — Watching for updates…
/Users/openclaw/Downloads/MYCHEF . MASTER/control-tower/watcher.sh: line 77: ((: 09: value too great for base (error token is "09")
[2026-05-18T12:04:04+0800] 💓 Heartbeat — 12:04 — Watching for updates…
/Users/openclaw/Downloads/MYCHEF . MASTER/control-tower/watcher.sh: line 77: ((: 09: value too great for base (error token is "09")
[2026-05-18T12:05:04+0800] 💓 Heartbeat — 12:05 — Watching for updates…
/Users/openclaw/Downloads/MYCHEF . MASTER/control-tower/watcher.sh: line 77: ((: 09: value too great for base (error token is "09")
[2026-05-18T12:06:00+0800] 💓 Heartbeat — 12:06 — Watching for updates…
[2026-05-18T12:07:00+0800] 💓 Heartbeat — 12:07 — Watching for updates…
[2026-05-18T12:08:00+0800] 💓 Heartbeat — 12:08 — Watching for updates…
[2026-05-18T12:09:01+0800] 💓 Heartbeat — 12:09 — Watching for updates…
[2026-05-18T12:10:01+0800] 💓 Heartbeat — 12:10 — Watching for updates…
[2026-05-18T12:11:01+0800] 💓 Heartbeat — 12:11 — Watching for updates…
[2026-05-18T12:12:01+0800] 💓 Heartbeat — 12:12 — Watching for updates…
[2026-05-18T12:13:01+0800] 💓 Heartbeat — 12:13 — Watching for updates…
[2026-05-18T12:14:02+0800] 💓 Heartbeat — 12:14 — Watching for updates…
[2026-05-18T12:15:02+0800] 💓 Heartbeat — 12:15 — Watching for updates…
[2026-05-18T12:16:03+0800] 💓 Heartbeat — 12:16 — Watching for updates…
/Users/openclaw/Downloads/MYCHEF . MASTER/control-tower/watcher.sh: line 77: ((: 08: value too great for base (error token is "08")
[2026-05-18T12:17:03+0800] 💓 Heartbeat — 12:17 — Watching for updates…
/Users/openclaw/Downloads/MYCHEF . MASTER/control-tower/watcher.sh: line 77: ((: 08: value too great for base (error token is "08")
[2026-05-18T12:18:03+0800] 💓 Heartbeat — 12:18 — Watching for updates…
/Users/openclaw/Downloads/MYCHEF . MASTER/control-tower/watcher.sh: line 77: ((: 08: value too great for base (error token is "08")
[2026-05-18T12:19:03+0800] 💓 Heartbeat — 12:19 — Watching for updates…
/Users/openclaw/Downloads/MYCHEF . MASTER/control-tower/watcher.sh: line 77: ((: 09: value too great for base (error token is "09")
[2026-05-18T12:20:04+0800] 💓 Heartbeat — 12:20 — Watching for updates…
/Users/openclaw/Downloads/MYCHEF . MASTER/control-tower/watcher.sh: line 77: ((: 09: value too great for base (error token is "09")
[2026-05-18T12:21:04+0800] 💓 Heartbeat — 12:21 — Watching for updates…
/Users/openclaw/Downloads/MYCHEF . MASTER/control-tower/watcher.sh: line 77: ((: 09: value too great for base (error token is "09")
[2026-05-18T12:22:04+0800] 💓 Heartbeat — 12:22 — Watching for updates…
/Users/openclaw/Downloads/MYCHEF . MASTER/control-tower/watcher.sh: line 77: ((: 09: value too great for base (error token is "09")
[2026-05-18T12:23:00+0800] 💓 Heartbeat — 12:23 — Watching for updates…
[2026-05-18T12:24:00+0800] 💓 Heartbeat — 12:24 — Watching for updates…
[2026-05-18T12:25:00+0800] 💓 Heartbeat — 12:25 — Watching for updates…
[2026-05-18T12:26:01+0800] 💓 Heartbeat — 12:26 — Watching for updates…
[2026-05-18T12:27:01+0800] 💓 Heartbeat — 12:27 — Watching for updates…
[2026-05-18T12:28:01+0800] 💓 Heartbeat — 12:28 — Watching for updates…
[2026-05-18T12:29:01+0800] 💓 Heartbeat — 12:29 — Watching for updates…
[2026-05-18T12:30:02+0800] 💓 Heartbeat — 12:30 — Watching for updates…
[2026-05-18T12:31:02+0800] 💓 Heartbeat — 12:31 — Watching for updates…
[2026-05-18T12:32:02+0800] 💓 Heartbeat — 12:32 — Watching for updates…
[2026-05-18T12:33:03+0800] 💓 Heartbeat — 12:33 — Watching for updates…
/Users/openclaw/Downloads/MYCHEF . MASTER/control-tower/watcher.sh: line 77: ((: 08: value too great for base (error token is "08")
[2026-05-18T12:34:03+0800] 💓 Heartbeat — 12:34 — Watching for updates…
/Users/openclaw/Downloads/MYCHEF . MASTER/control-tower/watcher.sh: line 77: ((: 08: value too great for base (error token is "08")
[2026-05-18T12:35:03+0800] 💓 Heartbeat — 12:35 — Watching for updates…
/Users/openclaw/Downloads/MYCHEF . MASTER/control-tower/watcher.sh: line 77: ((: 08: value too great for base (error token is "08")
[2026-05-18T12:36:04+0800] 💓 Heartbeat — 12:36 — Watching for updates…
/Users/openclaw/Downloads/MYCHEF . MASTER/control-tower/watcher.sh: line 77: ((: 09: value too great for base (error token is "09")
[2026-05-18T12:37:04+0800] 💓 Heartbeat — 12:37 — Watching for updates…
/Users/openclaw/Downloads/MYCHEF . MASTER/control-tower/watcher.sh: line 77: ((: 09: value too great for base (error token is "09")
[2026-05-18T12:38:04+0800] 💓 Heartbeat — 12:38 — Watching for updates…
/Users/openclaw/Downloads/MYCHEF . MASTER/control-tower/watcher.sh: line 77: ((: 09: value too great for base (error token is "09")
[2026-05-18T12:39:00+0800] 💓 Heartbeat — 12:39 — Watching for updates…
[2026-05-18T12:40:00+0800] 💓 Heartbeat — 12:40 — Watching for updates…
[2026-05-18T12:41:00+0800] 💓 Heartbeat — 12:41 — Watching for updates…
[2026-05-18T12:42:00+0800] 💓 Heartbeat — 12:42 — Watching for updates…
[2026-05-18T12:43:01+0800] 💓 Heartbeat — 12:43 — Watching for updates…
[2026-05-18T12:44:01+0800] 💓 Heartbeat — 12:44 — Watching for updates…
[2026-05-18T12:45:01+0800] 💓 Heartbeat — 12:45 — Watching for updates…
[2026-05-18T12:46:01+0800] 💓 Heartbeat — 12:46 — Watching for updates…
[2026-05-18T12:47:02+0800] 💓 Heartbeat — 12:47 — Watching for updates…
[2026-05-18T12:48:02+0800] 💓 Heartbeat — 12:48 — Watching for updates…
[2026-05-18T12:49:02+0800] 💓 Heartbeat — 12:49 — Watching for updates…
[2026-05-18T12:50:03+0800] 💓 Heartbeat — 12:50 — Watching for updates…
/Users/openclaw/Downloads/MYCHEF . MASTER/control-tower/watcher.sh: line 77: ((: 08: value too great for base (error token is "08")
[2026-05-18T12:51:03+0800] 💓 Heartbeat — 12:51 — Watching for updates…
/Users/openclaw/Downloads/MYCHEF . MASTER/control-tower/watcher.sh: line 77: ((: 08: value too great for base (error token is "08")
[2026-05-18T12:52:03+0800] 💓 Heartbeat — 12:52 — Watching for updates…
/Users/openclaw/Downloads/MYCHEF . MASTER/control-tower/watcher.sh: line 77: ((: 08: value too great for base (error token is "08")
[2026-05-18T12:53:03+0800] 💓 Heartbeat — 12:53 — Watching for updates…
/Users/openclaw/Downloads/MYCHEF . MASTER/control-tower/watcher.sh: line 77: ((: 08: value too great for base (error token is "08")
[2026-05-18T12:54:04+0800] 💓 Heartbeat — 12:54 — Watching for updates…
/Users/openclaw/Downloads/MYCHEF . MASTER/control-tower/watcher.sh: line 77: ((: 09: value too great for base (error token is "09")
[2026-05-18T12:55:04+0800] 💓 Heartbeat — 12:55 — Watching for updates…
/Users/openclaw/Downloads/MYCHEF . MASTER/control-tower/watcher.sh: line 77: ((: 09: value too great for base (error token is "09")
[2026-05-18T12:56:04+0800] 💓 Heartbeat — 12:56 — Watching for updates…
/Users/openclaw/Downloads/MYCHEF . MASTER/control-tower/watcher.sh: line 77: ((: 09: value too great for base (error token is "09")
[2026-05-18T12:57:04+0800] 💓 Heartbeat — 12:57 — Watching for updates…
/Users/openclaw/Downloads/MYCHEF . MASTER/control-tower/watcher.sh: line 77: ((: 09: value too great for base (error token is "09")
[2026-05-18T12:58:00+0800] 💓 Heartbeat — 12:58 — Watching for updates…
[2026-05-18T12:59:00+0800] 💓 Heartbeat — 12:59 — Watching for updates…
[2026-05-18T13:00:00+0800] 💓 Heartbeat — 13:00 — Watching for updates…
[2026-05-18T13:01:01+0800] 💓 Heartbeat — 13:01 — Watching for updates…
[2026-05-18T13:02:01+0800] 💓 Heartbeat — 13:02 — Watching for updates…
[2026-05-18T13:03:01+0800] 💓 Heartbeat — 13:03 — Watching for updates…
[2026-05-18T13:04:01+0800] 💓 Heartbeat — 13:04 — Watching for updates…
[2026-05-18T13:05:02+0800] 💓 Heartbeat — 13:05 — Watching for updates…
[2026-05-18T13:06:02+0800] 💓 Heartbeat — 13:06 — Watching for updates…
[2026-05-18T13:07:02+0800] 💓 Heartbeat — 13:07 — Watching for updates…
[2026-05-18T13:08:02+0800] 💓 Heartbeat — 13:08 — Watching for updates…
[2026-05-18T13:09:02+0800] 💓 Heartbeat — 13:09 — Watching for updates…
[2026-05-18T13:10:03+0800] 💓 Heartbeat — 13:10 — Watching for updates…
/Users/openclaw/Downloads/MYCHEF . MASTER/control-tower/watcher.sh: line 77: ((: 08: value too great for base (error token is "08")
[2026-05-18T13:11:03+0800] 💓 Heartbeat — 13:11 — Watching for updates…
/Users/openclaw/Downloads/MYCHEF . MASTER/control-tower/watcher.sh: line 77: ((: 08: value too great for base (error token is "08")
[2026-05-18T13:12:03+0800] 💓 Heartbeat — 13:12 — Watching for updates…
/Users/openclaw/Downloads/MYCHEF . MASTER/control-tower/watcher.sh: line 77: ((: 08: value too great for base (error token is "08")
[2026-05-18T13:13:03+0800] 💓 Heartbeat — 13:13 — Watching for updates…
/Users/openclaw/Downloads/MYCHEF . MASTER/control-tower/watcher.sh: line 77: ((: 08: value too great for base (error token is "08")
[2026-05-18T13:14:04+0800] 💓 Heartbeat — 13:14 — Watching for updates…
/Users/openclaw/Downloads/MYCHEF . MASTER/control-tower/watcher.sh: line 77: ((: 09: value too great for base (error token is "09")
[2026-05-18T13:15:04+0800] 💓 Heartbeat — 13:15 — Watching for updates…
/Users/openclaw/Downloads/MYCHEF . MASTER/control-tower/watcher.sh: line 77: ((: 09: value too great for base (error token is "09")
[2026-05-18T13:16:04+0800] 💓 Heartbeat — 13:16 — Watching for updates…
/Users/openclaw/Downloads/MYCHEF . MASTER/control-tower/watcher.sh: line 77: ((: 09: value too great for base (error token is "09")
[2026-05-18T13:17:04+0800] 💓 Heartbeat — 13:17 — Watching for updates…
/Users/openclaw/Downloads/MYCHEF . MASTER/control-tower/watcher.sh: line 77: ((: 09: value too great for base (error token is "09")
[2026-05-18T13:18:04+0800] 💓 Heartbeat — 13:18 — Watching for updates…
/Users/openclaw/Downloads/MYCHEF . MASTER/control-tower/watcher.sh: line 77: ((: 09: value too great for base (error token is "09")
[2026-05-18T13:19:00+0800] 💓 Heartbeat — 13:19 — Watching for updates…
[2026-05-18T13:20:00+0800] 💓 Heartbeat — 13:20 — Watching for updates…
[2026-05-18T13:21:00+0800] 💓 Heartbeat — 13:21 — Watching for updates…
[2026-05-18T13:22:00+0800] 💓 Heartbeat — 13:22 — Watching for updates…
[2026-05-18T13:23:01+0800] 💓 Heartbeat — 13:23 — Watching for updates…
[2026-05-18T13:24:01+0800] 💓 Heartbeat — 13:24 — Watching for updates…
[2026-05-18T13:25:01+0800] 💓 Heartbeat — 13:25 — Watching for updates…
[2026-05-18T13:26:01+0800] 💓 Heartbeat — 13:26 — Watching for updates…
[2026-05-18T13:27:02+0800] 💓 Heartbeat — 13:27 — Watching for updates…
[2026-05-18T13:28:02+0800] 💓 Heartbeat — 13:28 — Watching for updates…
[2026-05-18T13:29:02+0800] 💓 Heartbeat — 13:29 — Watching for updates…
[2026-05-18T13:30:02+0800] 💓 Heartbeat — 13:30 — Watching for updates…
/Users/openclaw/Downloads/MYCHEF . MASTER/control-tower/watcher.sh: line 77: ((: 08: value too great for base (error token is "08")
[2026-05-18T13:31:03+0800] 💓 Heartbeat — 13:31 — Watching for updates…
/Users/openclaw/Downloads/MYCHEF . MASTER/control-tower/watcher.sh: line 77: ((: 08: value too great for base (error token is "08")
[2026-05-18T13:32:03+0800] 💓 Heartbeat — 13:32 — Watching for updates…
/Users/openclaw/Downloads/MYCHEF . MASTER/control-tower/watcher.sh: line 77: ((: 08: value too great for base (error token is "08")
[2026-05-18T13:33:03+0800] 💓 Heartbeat — 13:33 — Watching for updates…
/Users/openclaw/Downloads/MYCHEF . MASTER/control-tower/watcher.sh: line 77: ((: 08: value too great for base (error token is "08")
[2026-05-18T13:34:04+0800] 💓 Heartbeat — 13:34 — Watching for updates…
/Users/openclaw/Downloads/MYCHEF . MASTER/control-tower/watcher.sh: line 77: ((: 09: value too great for base (error token is "09")
[2026-05-18T13:35:04+0800] 💓 Heartbeat — 13:35 — Watching for updates…
/Users/openclaw/Downloads/MYCHEF . MASTER/control-tower/watcher.sh: line 77: ((: 09: value too great for base (error token is "09")
[2026-05-18T13:36:04+0800] 💓 Heartbeat — 13:36 — Watching for updates…
/Users/openclaw/Downloads/MYCHEF . MASTER/control-tower/watcher.sh: line 77: ((: 09: value too great for base (error token is "09")
[2026-05-18T13:37:00+0800] 💓 Heartbeat — 13:37 — Watching for updates…
[2026-05-18T13:38:00+0800] 💓 Heartbeat — 13:38 — Watching for updates…
[2026-05-18T13:39:00+0800] 💓 Heartbeat — 13:39 — Watching for updates…
[2026-05-18T13:40:00+0800] 💓 Heartbeat — 13:40 — Watching for updates…
[2026-05-18T13:41:01+0800] 💓 Heartbeat — 13:41 — Watching for updates…
[2026-05-18T13:42:01+0800] 💓 Heartbeat — 13:42 — Watching for updates…
[2026-05-18T13:43:01+0800] 💓 Heartbeat — 13:43 — Watching for updates…
[2026-05-18T13:44:01+0800] 💓 Heartbeat — 13:44 — Watching for updates…
[2026-05-18T13:45:02+0800] 💓 Heartbeat — 13:45 — Watching for updates…
[2026-05-18T13:46:02+0800] 💓 Heartbeat — 13:46 — Watching for updates…
[2026-05-18T13:47:02+0800] 💓 Heartbeat — 13:47 — Watching for updates…
[2026-05-18T13:48:03+0800] 💓 Heartbeat — 13:48 — Watching for updates…
/Users/openclaw/Downloads/MYCHEF . MASTER/control-tower/watcher.sh: line 77: ((: 08: value too great for base (error token is "08")
[2026-05-18T13:49:03+0800] 💓 Heartbeat — 13:49 — Watching for updates…
/Users/openclaw/Downloads/MYCHEF . MASTER/control-tower/watcher.sh: line 77: ((: 08: value too great for base (error token is "08")
[2026-05-18T13:50:03+0800] 💓 Heartbeat — 13:50 — Watching for updates…
/Users/openclaw/Downloads/MYCHEF . MASTER/control-tower/watcher.sh: line 77: ((: 08: value too great for base (error token is "08")
[2026-05-18T13:51:03+0800] 💓 Heartbeat — 13:51 — Watching for updates…
/Users/openclaw/Downloads/MYCHEF . MASTER/control-tower/watcher.sh: line 77: ((: 08: value too great for base (error token is "08")
[2026-05-18T13:52:04+0800] 💓 Heartbeat — 13:52 — Watching for updates…
/Users/openclaw/Downloads/MYCHEF . MASTER/control-tower/watcher.sh: line 77: ((: 09: value too great for base (error token is "09")
[2026-05-18T13:53:04+0800] 💓 Heartbeat — 13:53 — Watching for updates…
/Users/openclaw/Downloads/MYCHEF . MASTER/control-tower/watcher.sh: line 77: ((: 09: value too great for base (error token is "09")
[2026-05-18T13:54:04+0800] 💓 Heartbeat — 13:54 — Watching for updates…
/Users/openclaw/Downloads/MYCHEF . MASTER/control-tower/watcher.sh: line 77: ((: 09: value too great for base (error token is "09")
[2026-05-18T13:55:00+0800] 💓 Heartbeat — 13:55 — Watching for updates…
[2026-05-18T13:56:00+0800] 💓 Heartbeat — 13:56 — Watching for updates…
[2026-05-18T13:57:01+0800] 💓 Heartbeat — 13:57 — Watching for updates…
[2026-05-18T13:58:01+0800] 💓 Heartbeat — 13:58 — Watching for updates…
[2026-05-18T13:59:02+0800] 💓 Heartbeat — 13:59 — Watching for updates…
[2026-05-18T14:00:03+0800] 💓 Heartbeat — 14:00 — Watching for updates…
/Users/openclaw/Downloads/MYCHEF . MASTER/control-tower/watcher.sh: line 77: ((: 08: value too great for base (error token is "08")
[2026-05-18T14:01:04+0800] 💓 Heartbeat — 14:01 — Watching for updates…
/Users/openclaw/Downloads/MYCHEF . MASTER/control-tower/watcher.sh: line 77: ((: 09: value too great for base (error token is "09")
[2026-05-18T14:02:04+0800] 💓 Heartbeat — 14:02 — Watching for updates…
/Users/openclaw/Downloads/MYCHEF . MASTER/control-tower/watcher.sh: line 77: ((: 09: value too great for base (error token is "09")
[2026-05-18T14:03:04+0800] 💓 Heartbeat — 14:03 — Watching for updates…
[2026-05-18T14:04:00+0800] 💓 Heartbeat — 14:04 — Watching for updates…
[2026-05-18T14:05:00+0800] 💓 Heartbeat — 14:05 — Watching for updates…
[2026-05-18T14:06:01+0800] 💓 Heartbeat — 14:06 — Watching for updates…
[2026-05-18T14:07:01+0800] 💓 Heartbeat — 14:07 — Watching for updates…
[2026-05-18T14:08:01+0800] 💓 Heartbeat — 14:08 — Watching for updates…
[2026-05-18T14:09:02+0800] 💓 Heartbeat — 14:09 — Watching for updates…
[2026-05-18T14:10:02+0800] 💓 Heartbeat — 14:10 — Watching for updates…
[2026-05-18T14:11:02+0800] 💓 Heartbeat — 14:11 — Watching for updates…
/Users/openclaw/Downloads/MYCHEF . MASTER/control-tower/watcher.sh: line 77: ((: 08: value too great for base (error token is "08")
[2026-05-18T14:12:03+0800] 💓 Heartbeat — 14:12 — Watching for updates…
/Users/openclaw/Downloads/MYCHEF . MASTER/control-tower/watcher.sh: line 77: ((: 08: value too great for base (error token is "08")
[2026-05-18T14:13:03+0800] 💓 Heartbeat — 14:13 — Watching for updates…
/Users/openclaw/Downloads/MYCHEF . MASTER/control-tower/watcher.sh: line 77: ((: 08: value too great for base (error token is "08")
[2026-05-18T14:14:04+0800] 💓 Heartbeat — 14:14 — Watching for updates…
/Users/openclaw/Downloads/MYCHEF . MASTER/control-tower/watcher.sh: line 77: ((: 09: value too great for base (error token is "09")
[2026-05-18T14:15:04+0800] 💓 Heartbeat — 14:15 — Watching for updates…
/Users/openclaw/Downloads/MYCHEF . MASTER/control-tower/watcher.sh: line 77: ((: 09: value too great for base (error token is "09")
[2026-05-18T14:16:00+0800] 💓 Heartbeat — 14:16 — Watching for updates…
[2026-05-18T14:17:00+0800] 💓 Heartbeat — 14:17 — Watching for updates…
[2026-05-18T14:18:02+0800] 💓 Heartbeat — 14:18 — Watching for updates…
[2026-05-18T14:19:02+0800] 💓 Heartbeat — 14:19 — Watching for updates…
[2026-05-18T14:20:03+0800] 💓 Heartbeat — 14:20 — Watching for updates…
/Users/openclaw/Downloads/MYCHEF . MASTER/control-tower/watcher.sh: line 77: ((: 08: value too great for base (error token is "08")
[2026-05-18T14:21:03+0800] 💓 Heartbeat — 14:21 — Watching for updates…
/Users/openclaw/Downloads/MYCHEF . MASTER/control-tower/watcher.sh: line 77: ((: 08: value too great for base (error token is "08")
[2026-05-18T14:22:03+0800] 💓 Heartbeat — 14:22 — Watching for updates…
/Users/openclaw/Downloads/MYCHEF . MASTER/control-tower/watcher.sh: line 77: ((: 08: value too great for base (error token is "08")
[2026-05-18T14:23:03+0800] 💓 Heartbeat — 14:23 — Watching for updates…
/Users/openclaw/Downloads/MYCHEF . MASTER/control-tower/watcher.sh: line 77: ((: 08: value too great for base (error token is "08")
[2026-05-18T14:24:04+0800] 💓 Heartbeat — 14:24 — Watching for updates…
/Users/openclaw/Downloads/MYCHEF . MASTER/control-tower/watcher.sh: line 77: ((: 09: value too great for base (error token is "09")
[2026-05-18T14:25:04+0800] 💓 Heartbeat — 14:25 — Watching for updates…
/Users/openclaw/Downloads/MYCHEF . MASTER/control-tower/watcher.sh: line 77: ((: 09: value too great for base (error token is "09")
[2026-05-18T14:26:04+0800] 💓 Heartbeat — 14:26 — Watching for updates…
/Users/openclaw/Downloads/MYCHEF . MASTER/control-tower/watcher.sh: line 77: ((: 09: value too great for base (error token is "09")
[2026-05-18T14:27:00+0800] 💓 Heartbeat — 14:27 — Watching for updates…
[2026-05-18T14:28:00+0800] 💓 Heartbeat — 14:28 — Watching for updates…
[2026-05-18T14:29:00+0800] 💓 Heartbeat — 14:29 — Watching for updates…
[2026-05-18T14:30:01+0800] 💓 Heartbeat — 14:30 — Watching for updates…
[2026-05-18T14:31:01+0800] 💓 Heartbeat — 14:31 — Watching for updates…
[2026-05-18T14:32:01+0800] 💓 Heartbeat — 14:32 — Watching for updates…
[2026-05-18T14:33:02+0800] 💓 Heartbeat — 14:33 — Watching for updates…
[2026-05-18T14:34:02+0800] 💓 Heartbeat — 14:34 — Watching for updates…
[2026-05-18T14:35:02+0800] 💓 Heartbeat — 14:35 — Watching for updates…
/Users/openclaw/Downloads/MYCHEF . MASTER/control-tower/watcher.sh: line 77: ((: 08: value too great for base (error token is "08")
[2026-05-18T14:36:03+0800] 💓 Heartbeat — 14:36 — Watching for updates…
/Users/openclaw/Downloads/MYCHEF . MASTER/control-tower/watcher.sh: line 77: ((: 08: value too great for base (error token is "08")
[2026-05-18T14:37:03+0800] 💓 Heartbeat — 14:37 — Watching for updates…
/Users/openclaw/Downloads/MYCHEF . MASTER/control-tower/watcher.sh: line 77: ((: 08: value too great for base (error token is "08")
[2026-05-18T14:38:03+0800] 💓 Heartbeat — 14:38 — Watching for updates…
/Users/openclaw/Downloads/MYCHEF . MASTER/control-tower/watcher.sh: line 77: ((: 08: value too great for base (error token is "08")
[2026-05-18T14:39:04+0800] 💓 Heartbeat — 14:39 — Watching for updates…
/Users/openclaw/Downloads/MYCHEF . MASTER/control-tower/watcher.sh: line 77: ((: 09: value too great for base (error token is "09")
[2026-05-18T14:40:04+0800] 💓 Heartbeat — 14:40 — Watching for updates…
/Users/openclaw/Downloads/MYCHEF . MASTER/control-tower/watcher.sh: line 77: ((: 09: value too great for base (error token is "09")
[2026-05-18T14:41:04+0800] 💓 Heartbeat — 14:41 — Watching for updates…
/Users/openclaw/Downloads/MYCHEF . MASTER/control-tower/watcher.sh: line 77: ((: 09: value too great for base (error token is "09")
[2026-05-18T14:42:04+0800] 💓 Heartbeat — 14:42 — Watching for updates…
/Users/openclaw/Downloads/MYCHEF . MASTER/control-tower/watcher.sh: line 77: ((: 09: value too great for base (error token is "09")
[2026-05-18T14:43:00+0800] 💓 Heartbeat — 14:43 — Watching for updates…
[2026-05-18T14:44:00+0800] 💓 Heartbeat — 14:44 — Watching for updates…
[2026-05-18T14:45:00+0800] 💓 Heartbeat — 14:45 — Watching for updates…
[2026-05-18T14:46:00+0800] 💓 Heartbeat — 14:46 — Watching for updates…
[2026-05-18T14:47:01+0800] 💓 Heartbeat — 14:47 — Watching for updates…
[2026-05-18T14:48:01+0800] 💓 Heartbeat — 14:48 — Watching for updates…
[2026-05-18T14:49:02+0800] 💓 Heartbeat — 14:49 — Watching for updates…
[2026-05-18T14:50:02+0800] 💓 Heartbeat — 14:50 — Watching for updates…
[2026-05-18T14:51:02+0800] 💓 Heartbeat — 14:51 — Watching for updates…
[2026-05-18T14:52:02+0800] 💓 Heartbeat — 14:52 — Watching for updates…
[2026-05-18T14:53:03+0800] 💓 Heartbeat — 14:53 — Watching for updates…
/Users/openclaw/Downloads/MYCHEF . MASTER/control-tower/watcher.sh: line 77: ((: 08: value too great for base (error token is "08")
[2026-05-18T14:54:03+0800] 💓 Heartbeat — 14:54 — Watching for updates…
/Users/openclaw/Downloads/MYCHEF . MASTER/control-tower/watcher.sh: line 77: ((: 08: value too great for base (error token is "08")
[2026-05-18T14:55:03+0800] 💓 Heartbeat — 14:55 — Watching for updates…
/Users/openclaw/Downloads/MYCHEF . MASTER/control-tower/watcher.sh: line 77: ((: 08: value too great for base (error token is "08")
[2026-05-18T14:56:03+0800] 💓 Heartbeat — 14:56 — Watching for updates…
/Users/openclaw/Downloads/MYCHEF . MASTER/control-tower/watcher.sh: line 77: ((: 08: value too great for base (error token is "08")
[2026-05-18T14:57:04+0800] 💓 Heartbeat — 14:57 — Watching for updates…
/Users/openclaw/Downloads/MYCHEF . MASTER/control-tower/watcher.sh: line 77: ((: 09: value too great for base (error token is "09")
[2026-05-18T14:58:04+0800] 💓 Heartbeat — 14:58 — Watching for updates…
/Users/openclaw/Downloads/MYCHEF . MASTER/control-tower/watcher.sh: line 77: ((: 09: value too great for base (error token is "09")
[2026-05-18T14:59:04+0800] 💓 Heartbeat — 14:59 — Watching for updates…
/Users/openclaw/Downloads/MYCHEF . MASTER/control-tower/watcher.sh: line 77: ((: 09: value too great for base (error token is "09")
[2026-05-18T15:00:00+0800] 💓 Heartbeat — 15:00 — Watching for updates…
[2026-05-18T15:01:00+0800] 💓 Heartbeat — 15:01 — Watching for updates…
[2026-05-18T15:02:00+0800] 💓 Heartbeat — 15:02 — Watching for updates…
[2026-05-18T15:03:01+0800] 💓 Heartbeat — 15:03 — Watching for updates…
[2026-05-18T15:04:01+0800] 💓 Heartbeat — 15:04 — Watching for updates…
[2026-05-18T15:05:01+0800] 💓 Heartbeat — 15:05 — Watching for updates…
[2026-05-18T15:06:01+0800] 💓 Heartbeat — 15:06 — Watching for updates…
[2026-05-18T15:07:02+0800] 💓 Heartbeat — 15:07 — Watching for updates…
[2026-05-18T15:08:02+0800] 💓 Heartbeat — 15:08 — Watching for updates…
[2026-05-18T15:09:02+0800] 💓 Heartbeat — 15:09 — Watching for updates…
[2026-05-18T15:10:02+0800] 💓 Heartbeat — 15:10 — Watching for updates…
[2026-05-18T15:11:03+0800] 💓 Heartbeat — 15:11 — Watching for updates…
/Users/openclaw/Downloads/MYCHEF . MASTER/control-tower/watcher.sh: line 77: ((: 08: value too great for base (error token is "08")
[2026-05-18T15:12:03+0800] 💓 Heartbeat — 15:12 — Watching for updates…
/Users/openclaw/Downloads/MYCHEF . MASTER/control-tower/watcher.sh: line 77: ((: 08: value too great for base (error token is "08")
[2026-05-18T15:13:03+0800] 💓 Heartbeat — 15:13 — Watching for updates…
/Users/openclaw/Downloads/MYCHEF . MASTER/control-tower/watcher.sh: line 77: ((: 08: value too great for base (error token is "08")
[2026-05-18T15:14:03+0800] 💓 Heartbeat — 15:14 — Watching for updates…
/Users/openclaw/Downloads/MYCHEF . MASTER/control-tower/watcher.sh: line 77: ((: 08: value too great for base (error token is "08")
[2026-05-18T15:15:04+0800] 💓 Heartbeat — 15:15 — Watching for updates…
/Users/openclaw/Downloads/MYCHEF . MASTER/control-tower/watcher.sh: line 77: ((: 09: value too great for base (error token is "09")
[2026-05-18T15:16:04+0800] 💓 Heartbeat — 15:16 — Watching for updates…
/Users/openclaw/Downloads/MYCHEF . MASTER/control-tower/watcher.sh: line 77: ((: 09: value too great for base (error token is "09")
[2026-05-18T15:17:00+0800] 💓 Heartbeat — 15:17 — Watching for updates…
[2026-05-18T15:18:01+0800] 💓 Heartbeat — 15:18 — Watching for updates…
[2026-05-18T15:19:01+0800] 💓 Heartbeat — 15:19 — Watching for updates…
[2026-05-18T15:20:02+0800] 💓 Heartbeat — 15:20 — Watching for updates…
[2026-05-18T15:21:03+0800] 💓 Heartbeat — 15:21 — Watching for updates…
/Users/openclaw/Downloads/MYCHEF . MASTER/control-tower/watcher.sh: line 77: ((: 08: value too great for base (error token is "08")
[2026-05-18T15:22:04+0800] 💓 Heartbeat — 15:22 — Watching for updates…
/Users/openclaw/Downloads/MYCHEF . MASTER/control-tower/watcher.sh: line 77: ((: 09: value too great for base (error token is "09")
[2026-05-18T15:23:01+0800] 💓 Heartbeat — 15:23 — Watching for updates…
[2026-05-18T15:24:02+0800] 💓 Heartbeat — 15:24 — Watching for updates…
[2026-05-18T15:25:02+0800] 💓 Heartbeat — 15:25 — Watching for updates…
/Users/openclaw/Downloads/MYCHEF . MASTER/control-tower/watcher.sh: line 77: ((: 08: value too great for base (error token is "08")
[2026-05-18T15:26:04+0800] 💓 Heartbeat — 15:26 — Watching for updates…
/Users/openclaw/Downloads/MYCHEF . MASTER/control-tower/watcher.sh: line 77: ((: 09: value too great for base (error token is "09")
[2026-05-18T15:27:00+0800] 💓 Heartbeat — 15:27 — Watching for updates…
[2026-05-18T15:28:01+0800] 💓 Heartbeat — 15:28 — Watching for updates…
[2026-05-18T15:29:01+0800] 💓 Heartbeat — 15:29 — Watching for updates…
[2026-05-18T15:30:01+0800] 💓 Heartbeat — 15:30 — Watching for updates…
[2026-05-18T15:31:02+0800] 💓 Heartbeat — 15:31 — Watching for updates…
[2026-05-18T15:32:02+0800] 💓 Heartbeat — 15:32 — Watching for updates…
[2026-05-18T15:33:02+0800] 💓 Heartbeat — 15:33 — Watching for updates…
[2026-05-18T15:34:02+0800] 💓 Heartbeat — 15:34 — Watching for updates…
[2026-05-18T15:35:03+0800] 💓 Heartbeat — 15:35 — Watching for updates…
/Users/openclaw/Downloads/MYCHEF . MASTER/control-tower/watcher.sh: line 77: ((: 08: value too great for base (error token is "08")
[2026-05-18T15:36:03+0800] 💓 Heartbeat — 15:36 — Watching for updates…
/Users/openclaw/Downloads/MYCHEF . MASTER/control-tower/watcher.sh: line 77: ((: 08: value too great for base (error token is "08")
[2026-05-18T15:37:03+0800] 💓 Heartbeat — 15:37 — Watching for updates…
/Users/openclaw/Downloads/MYCHEF . MASTER/control-tower/watcher.sh: line 77: ((: 08: value too great for base (error token is "08")
[2026-05-18T15:38:03+0800] 💓 Heartbeat — 15:38 — Watching for updates…
/Users/openclaw/Downloads/MYCHEF . MASTER/control-tower/watcher.sh: line 77: ((: 08: value too great for base (error token is "08")
[2026-05-18T15:39:04+0800] 💓 Heartbeat — 15:39 — Watching for updates…
/Users/openclaw/Downloads/MYCHEF . MASTER/control-tower/watcher.sh: line 77: ((: 09: value too great for base (error token is "09")
[2026-05-18T15:40:04+0800] 💓 Heartbeat — 15:40 — Watching for updates…
/Users/openclaw/Downloads/MYCHEF . MASTER/control-tower/watcher.sh: line 77: ((: 09: value too great for base (error token is "09")
[2026-05-18T15:41:04+0800] 💓 Heartbeat — 15:41 — Watching for updates…
/Users/openclaw/Downloads/MYCHEF . MASTER/control-tower/watcher.sh: line 77: ((: 09: value too great for base (error token is "09")
[2026-05-18T15:42:04+0800] 💓 Heartbeat — 15:42 — Watching for updates…
/Users/openclaw/Downloads/MYCHEF . MASTER/control-tower/watcher.sh: line 77: ((: 09: value too great for base (error token is "09")
[2026-05-18T15:43:00+0800] 💓 Heartbeat — 15:43 — Watching for updates…
[2026-05-18T15:44:00+0800] 💓 Heartbeat — 15:44 — Watching for updates…
[2026-05-18T15:45:00+0800] 💓 Heartbeat — 15:45 — Watching for updates…
[2026-05-18T15:46:00+0800] 💓 Heartbeat — 15:46 — Watching for updates…
[2026-05-18T15:47:01+0800] 💓 Heartbeat — 15:47 — Watching for updates…
[2026-05-18T15:48:01+0800] 💓 Heartbeat — 15:48 — Watching for updates…
[2026-05-18T15:49:01+0800] 💓 Heartbeat — 15:49 — Watching for updates…
[2026-05-18T15:50:01+0800] 💓 Heartbeat — 15:50 — Watching for updates…
[2026-05-18T15:51:02+0800] 💓 Heartbeat — 15:51 — Watching for updates…
[2026-05-18T15:52:02+0800] 💓 Heartbeat — 15:52 — Watching for updates…
[2026-05-18T15:53:02+0800] 💓 Heartbeat — 15:53 — Watching for updates…
[2026-05-18T15:54:02+0800] 💓 Heartbeat — 15:54 — Watching for updates…
[2026-05-18T15:55:03+0800] 💓 Heartbeat — 15:55 — Watching for updates…
/Users/openclaw/Downloads/MYCHEF . MASTER/control-tower/watcher.sh: line 77: ((: 08: value too great for base (error token is "08")
[2026-05-18T15:56:03+0800] 💓 Heartbeat — 15:56 — Watching for updates…
/Users/openclaw/Downloads/MYCHEF . MASTER/control-tower/watcher.sh: line 77: ((: 08: value too great for base (error token is "08")
[2026-05-18T15:57:03+0800] 💓 Heartbeat — 15:57 — Watching for updates…
/Users/openclaw/Downloads/MYCHEF . MASTER/control-tower/watcher.sh: line 77: ((: 08: value too great for base (error token is "08")
[2026-05-18T15:58:04+0800] 💓 Heartbeat — 15:58 — Watching for updates…
/Users/openclaw/Downloads/MYCHEF . MASTER/control-tower/watcher.sh: line 77: ((: 09: value too great for base (error token is "09")
[2026-05-18T15:59:04+0800] 💓 Heartbeat — 15:59 — Watching for updates…
/Users/openclaw/Downloads/MYCHEF . MASTER/control-tower/watcher.sh: line 77: ((: 09: value too great for base (error token is "09")
[2026-05-18T16:00:04+0800] 💓 Heartbeat — 16:00 — Watching for updates…
/Users/openclaw/Downloads/MYCHEF . MASTER/control-tower/watcher.sh: line 77: ((: 09: value too great for base (error token is "09")
[2026-05-18T16:01:04+0800] 💓 Heartbeat — 16:01 — Watching for updates…
/Users/openclaw/Downloads/MYCHEF . MASTER/control-tower/watcher.sh: line 77: ((: 09: value too great for base (error token is "09")
[2026-05-18T16:02:00+0800] 💓 Heartbeat — 16:02 — Watching for updates…
[2026-05-18T16:03:00+0800] 💓 Heartbeat — 16:03 — Watching for updates…
[2026-05-18T16:04:00+0800] 💓 Heartbeat — 16:04 — Watching for updates…
[2026-05-18T16:05:00+0800] 💓 Heartbeat — 16:05 — Watching for updates…
[2026-05-18T16:06:01+0800] 💓 Heartbeat — 16:06 — Watching for updates…
[2026-05-18T16:07:01+0800] 💓 Heartbeat — 16:07 — Watching for updates…
[2026-05-18T16:08:01+0800] 💓 Heartbeat — 16:08 — Watching for updates…
[2026-05-18T16:09:01+0800] 💓 Heartbeat — 16:09 — Watching for updates…
[2026-05-18T16:10:02+0800] 💓 Heartbeat — 16:10 — Watching for updates…
[2026-05-18T16:11:02+0800] 💓 Heartbeat — 16:11 — Watching for updates…
[2026-05-18T16:12:02+0800] 💓 Heartbeat — 16:12 — Watching for updates…
[2026-05-18T16:13:02+0800] 💓 Heartbeat — 16:13 — Watching for updates…
[2026-05-18T16:14:03+0800] 💓 Heartbeat — 16:14 — Watching for updates…
/Users/openclaw/Downloads/MYCHEF . MASTER/control-tower/watcher.sh: line 77: ((: 08: value too great for base (error token is "08")
[2026-05-18T16:15:03+0800] 💓 Heartbeat — 16:15 — Watching for updates…
/Users/openclaw/Downloads/MYCHEF . MASTER/control-tower/watcher.sh: line 77: ((: 08: value too great for base (error token is "08")
[2026-05-18T16:16:03+0800] 💓 Heartbeat — 16:16 — Watching for updates…
/Users/openclaw/Downloads/MYCHEF . MASTER/control-tower/watcher.sh: line 77: ((: 08: value too great for base (error token is "08")
[2026-05-18T16:17:03+0800] 💓 Heartbeat — 16:17 — Watching for updates…
/Users/openclaw/Downloads/MYCHEF . MASTER/control-tower/watcher.sh: line 77: ((: 08: value too great for base (error token is "08")
[2026-05-18T16:18:04+0800] 💓 Heartbeat — 16:18 — Watching for updates…
/Users/openclaw/Downloads/MYCHEF . MASTER/control-tower/watcher.sh: line 77: ((: 09: value too great for base (error token is "09")
[2026-05-18T16:19:04+0800] 💓 Heartbeat — 16:19 — Watching for updates…
/Users/openclaw/Downloads/MYCHEF . MASTER/control-tower/watcher.sh: line 77: ((: 09: value too great for base (error token is "09")
[2026-05-18T16:20:04+0800] 💓 Heartbeat — 16:20 — Watching for updates…
/Users/openclaw/Downloads/MYCHEF . MASTER/control-tower/watcher.sh: line 77: ((: 09: value too great for base (error token is "09")
[2026-05-18T16:21:04+0800] 💓 Heartbeat — 16:21 — Watching for updates…
/Users/openclaw/Downloads/MYCHEF . MASTER/control-tower/watcher.sh: line 77: ((: 09: value too great for base (error token is "09")
[2026-05-18T16:22:00+0800] 💓 Heartbeat — 16:22 — Watching for updates…
[2026-05-18T16:23:00+0800] 💓 Heartbeat — 16:23 — Watching for updates…
[2026-05-18T16:24:00+0800] 💓 Heartbeat — 16:24 — Watching for updates…
[2026-05-18T16:25:01+0800] 💓 Heartbeat — 16:25 — Watching for updates…
[2026-05-18T16:26:01+0800] 💓 Heartbeat — 16:26 — Watching for updates…
[2026-05-18T16:27:01+0800] 💓 Heartbeat — 16:27 — Watching for updates…
[2026-05-18T16:28:02+0800] 💓 Heartbeat — 16:28 — Watching for updates…
[2026-05-18T16:29:02+0800] 💓 Heartbeat — 16:29 — Watching for updates…
[2026-05-18T16:30:02+0800] 💓 Heartbeat — 16:30 — Watching for updates…
[2026-05-18T16:31:03+0800] 💓 Heartbeat — 16:31 — Watching for updates…
/Users/openclaw/Downloads/MYCHEF . MASTER/control-tower/watcher.sh: line 77: ((: 08: value too great for base (error token is "08")
[2026-05-18T16:32:03+0800] 💓 Heartbeat — 16:32 — Watching for updates…
/Users/openclaw/Downloads/MYCHEF . MASTER/control-tower/watcher.sh: line 77: ((: 08: value too great for base (error token is "08")
[2026-05-18T16:33:03+0800] 💓 Heartbeat — 16:33 — Watching for updates…
/Users/openclaw/Downloads/MYCHEF . MASTER/control-tower/watcher.sh: line 77: ((: 08: value too great for base (error token is "08")
[2026-05-18T16:34:04+0800] 💓 Heartbeat — 16:34 — Watching for updates…
/Users/openclaw/Downloads/MYCHEF . MASTER/control-tower/watcher.sh: line 77: ((: 09: value too great for base (error token is "09")
[2026-05-18T16:35:04+0800] 💓 Heartbeat — 16:35 — Watching for updates…
/Users/openclaw/Downloads/MYCHEF . MASTER/control-tower/watcher.sh: line 77: ((: 09: value too great for base (error token is "09")
[2026-05-18T16:36:04+0800] 💓 Heartbeat — 16:36 — Watching for updates…
/Users/openclaw/Downloads/MYCHEF . MASTER/control-tower/watcher.sh: line 77: ((: 09: value too great for base (error token is "09")
[2026-05-18T16:37:00+0800] 💓 Heartbeat — 16:37 — Watching for updates…
[2026-05-18T16:38:00+0800] 💓 Heartbeat — 16:38 — Watching for updates…
[2026-05-18T16:39:00+0800] 💓 Heartbeat — 16:39 — Watching for updates…
[2026-05-18T16:40:00+0800] 💓 Heartbeat — 16:40 — Watching for updates…
[2026-05-18T16:41:01+0800] 💓 Heartbeat — 16:41 — Watching for updates…
[2026-05-18T16:42:01+0800] 💓 Heartbeat — 16:42 — Watching for updates…
[2026-05-18T16:43:01+0800] 💓 Heartbeat — 16:43 — Watching for updates…
[2026-05-18T16:44:01+0800] 💓 Heartbeat — 16:44 — Watching for updates…
[2026-05-18T16:45:02+0800] 💓 Heartbeat — 16:45 — Watching for updates…
[2026-05-18T16:46:02+0800] 💓 Heartbeat — 16:46 — Watching for updates…
[2026-05-18T16:47:02+0800] 💓 Heartbeat — 16:47 — Watching for updates…
[2026-05-18T16:48:02+0800] 💓 Heartbeat — 16:48 — Watching for updates…
[2026-05-18T16:49:03+0800] 💓 Heartbeat — 16:49 — Watching for updates…
/Users/openclaw/Downloads/MYCHEF . MASTER/control-tower/watcher.sh: line 77: ((: 08: value too great for base (error token is "08")
[2026-05-18T16:50:03+0800] 💓 Heartbeat — 16:50 — Watching for updates…
/Users/openclaw/Downloads/MYCHEF . MASTER/control-tower/watcher.sh: line 77: ((: 08: value too great for base (error token is "08")
[2026-05-18T16:51:03+0800] 💓 Heartbeat — 16:51 — Watching for updates…
/Users/openclaw/Downloads/MYCHEF . MASTER/control-tower/watcher.sh: line 77: ((: 08: value too great for base (error token is "08")
[2026-05-18T16:52:04+0800] 💓 Heartbeat — 16:52 — Watching for updates…
/Users/openclaw/Downloads/MYCHEF . MASTER/control-tower/watcher.sh: line 77: ((: 09: value too great for base (error token is "09")
[2026-05-18T16:53:04+0800] 💓 Heartbeat — 16:53 — Watching for updates…
/Users/openclaw/Downloads/MYCHEF . MASTER/control-tower/watcher.sh: line 77: ((: 09: value too great for base (error token is "09")
[2026-05-18T16:54:04+0800] 💓 Heartbeat — 16:54 — Watching for updates…
/Users/openclaw/Downloads/MYCHEF . MASTER/control-tower/watcher.sh: line 77: ((: 09: value too great for base (error token is "09")
[2026-05-18T16:55:04+0800] 💓 Heartbeat — 16:55 — Watching for updates…
/Users/openclaw/Downloads/MYCHEF . MASTER/control-tower/watcher.sh: line 77: ((: 09: value too great for base (error token is "09")
[2026-05-18T16:56:00+0800] 💓 Heartbeat — 16:56 — Watching for updates…
[2026-05-18T16:57:00+0800] 💓 Heartbeat — 16:57 — Watching for updates…
[2026-05-18T16:58:00+0800] 💓 Heartbeat — 16:58 — Watching for updates…
[2026-05-18T16:59:00+0800] 💓 Heartbeat — 16:59 — Watching for updates…
[2026-05-18T17:00:01+0800] 💓 Heartbeat — 17:00 — Watching for updates…
[2026-05-18T17:01:01+0800] 💓 Heartbeat — 17:01 — Watching for updates…
[2026-05-18T17:02:01+0800] 💓 Heartbeat — 17:02 — Watching for updates…
[2026-05-18T17:03:01+0800] 💓 Heartbeat — 17:03 — Watching for updates…
[2026-05-18T17:04:02+0800] 💓 Heartbeat — 17:04 — Watching for updates…
[2026-05-18T17:05:02+0800] 💓 Heartbeat — 17:05 — Watching for updates…
[2026-05-18T17:06:02+0800] 💓 Heartbeat — 17:06 — Watching for updates…
[2026-05-18T17:07:02+0800] 💓 Heartbeat — 17:07 — Watching for updates…
[2026-05-18T17:08:03+0800] 💓 Heartbeat — 17:08 — Watching for updates…
/Users/openclaw/Downloads/MYCHEF . MASTER/control-tower/watcher.sh: line 77: ((: 08: value too great for base (error token is "08")
[2026-05-18T17:09:03+0800] 💓 Heartbeat — 17:09 — Watching for updates…
/Users/openclaw/Downloads/MYCHEF . MASTER/control-tower/watcher.sh: line 77: ((: 08: value too great for base (error token is "08")
[2026-05-18T17:10:03+0800] 💓 Heartbeat — 17:10 — Watching for updates…
/Users/openclaw/Downloads/MYCHEF . MASTER/control-tower/watcher.sh: line 77: ((: 08: value too great for base (error token is "08")
[2026-05-18T17:11:03+0800] 💓 Heartbeat — 17:11 — Watching for updates…
/Users/openclaw/Downloads/MYCHEF . MASTER/control-tower/watcher.sh: line 77: ((: 08: value too great for base (error token is "08")
[2026-05-18T17:12:04+0800] 💓 Heartbeat — 17:12 — Watching for updates…
/Users/openclaw/Downloads/MYCHEF . MASTER/control-tower/watcher.sh: line 77: ((: 09: value too great for base (error token is "09")
[2026-05-18T17:13:04+0800] 💓 Heartbeat — 17:13 — Watching for updates…
/Users/openclaw/Downloads/MYCHEF . MASTER/control-tower/watcher.sh: line 77: ((: 09: value too great for base (error token is "09")
[2026-05-18T17:14:04+0800] 💓 Heartbeat — 17:14 — Watching for updates…
/Users/openclaw/Downloads/MYCHEF . MASTER/control-tower/watcher.sh: line 77: ((: 09: value too great for base (error token is "09")
[2026-05-18T17:15:04+0800] 💓 Heartbeat — 17:15 — Watching for updates…
/Users/openclaw/Downloads/MYCHEF . MASTER/control-tower/watcher.sh: line 77: ((: 09: value too great for base (error token is "09")
[2026-05-18T17:16:00+0800] 💓 Heartbeat — 17:16 — Watching for updates…
[2026-05-18T17:17:00+0800] 💓 Heartbeat — 17:17 — Watching for updates…
[2026-05-18T17:18:00+0800] 💓 Heartbeat — 17:18 — Watching for updates…
[2026-05-18T17:19:00+0800] 💓 Heartbeat — 17:19 — Watching for updates…
[2026-05-18T17:20:01+0800] 💓 Heartbeat — 17:20 — Watching for updates…
[2026-05-18T17:21:01+0800] 💓 Heartbeat — 17:21 — Watching for updates…
[2026-05-18T17:22:01+0800] 💓 Heartbeat — 17:22 — Watching for updates…
[2026-05-18T17:23:01+0800] 💓 Heartbeat — 17:23 — Watching for updates…
[2026-05-18T17:24:02+0800] 💓 Heartbeat — 17:24 — Watching for updates…
[2026-05-18T17:25:02+0800] 💓 Heartbeat — 17:25 — Watching for updates…
[2026-05-18T17:26:02+0800] 💓 Heartbeat — 17:26 — Watching for updates…
[2026-05-18T17:27:03+0800] 💓 Heartbeat — 17:27 — Watching for updates…
/Users/openclaw/Downloads/MYCHEF . MASTER/control-tower/watcher.sh: line 77: ((: 08: value too great for base (error token is "08")
[2026-05-18T17:28:03+0800] 💓 Heartbeat — 17:28 — Watching for updates…
/Users/openclaw/Downloads/MYCHEF . MASTER/control-tower/watcher.sh: line 77: ((: 08: value too great for base (error token is "08")
[2026-05-18T17:29:03+0800] 💓 Heartbeat — 17:29 — Watching for updates…
/Users/openclaw/Downloads/MYCHEF . MASTER/control-tower/watcher.sh: line 77: ((: 08: value too great for base (error token is "08")
[2026-05-18T17:30:03+0800] 💓 Heartbeat — 17:30 — Watching for updates…
/Users/openclaw/Downloads/MYCHEF . MASTER/control-tower/watcher.sh: line 77: ((: 08: value too great for base (error token is "08")
[2026-05-18T17:31:04+0800] 💓 Heartbeat — 17:31 — Watching for updates…
/Users/openclaw/Downloads/MYCHEF . MASTER/control-tower/watcher.sh: line 77: ((: 09: value too great for base (error token is "09")
[2026-05-18T17:32:04+0800] 💓 Heartbeat — 17:32 — Watching for updates…
/Users/openclaw/Downloads/MYCHEF . MASTER/control-tower/watcher.sh: line 77: ((: 09: value too great for base (error token is "09")
[2026-05-18T17:33:04+0800] 💓 Heartbeat — 17:33 — Watching for updates…
/Users/openclaw/Downloads/MYCHEF . MASTER/control-tower/watcher.sh: line 77: ((: 09: value too great for base (error token is "09")
[2026-05-18T17:34:05+0800] 💓 Heartbeat — 17:34 — Watching for updates…
[2026-05-18T17:35:00+0800] 💓 Heartbeat — 17:35 — Watching for updates…
[2026-05-18T17:36:00+0800] 💓 Heartbeat — 17:36 — Watching for updates…
[2026-05-18T17:37:00+0800] 💓 Heartbeat — 17:37 — Watching for updates…
[2026-05-18T17:38:01+0800] 💓 Heartbeat — 17:38 — Watching for updates…
[2026-05-18T17:39:01+0800] 💓 Heartbeat — 17:39 — Watching for updates…
[2026-05-18T17:40:01+0800] 💓 Heartbeat — 17:40 — Watching for updates…
[2026-05-18T17:41:02+0800] 💓 Heartbeat — 17:41 — Watching for updates…
[2026-05-18T17:42:02+0800] 💓 Heartbeat — 17:42 — Watching for updates…
[2026-05-18T17:43:02+0800] 💓 Heartbeat — 17:43 — Watching for updates…
[2026-05-18T17:44:02+0800] 💓 Heartbeat — 17:44 — Watching for updates…
[2026-05-18T17:45:03+0800] 💓 Heartbeat — 17:45 — Watching for updates…
/Users/openclaw/Downloads/MYCHEF . MASTER/control-tower/watcher.sh: line 77: ((: 08: value too great for base (error token is "08")
[2026-05-18T17:46:03+0800] 💓 Heartbeat — 17:46 — Watching for updates…
/Users/openclaw/Downloads/MYCHEF . MASTER/control-tower/watcher.sh: line 77: ((: 08: value too great for base (error token is "08")
[2026-05-18T17:47:03+0800] 💓 Heartbeat — 17:47 — Watching for updates…
/Users/openclaw/Downloads/MYCHEF . MASTER/control-tower/watcher.sh: line 77: ((: 08: value too great for base (error token is "08")
[2026-05-18T17:48:04+0800] 💓 Heartbeat — 17:48 — Watching for updates…
/Users/openclaw/Downloads/MYCHEF . MASTER/control-tower/watcher.sh: line 77: ((: 09: value too great for base (error token is "09")
[2026-05-18T17:49:04+0800] 💓 Heartbeat — 17:49 — Watching for updates…
/Users/openclaw/Downloads/MYCHEF . MASTER/control-tower/watcher.sh: line 77: ((: 09: value too great for base (error token is "09")
[2026-05-18T17:50:04+0800] 💓 Heartbeat — 17:50 — Watching for updates…
/Users/openclaw/Downloads/MYCHEF . MASTER/control-tower/watcher.sh: line 77: ((: 09: value too great for base (error token is "09")
[2026-05-18T17:51:00+0800] 💓 Heartbeat — 17:51 — Watching for updates…
[2026-05-18T17:52:00+0800] 💓 Heartbeat — 17:52 — Watching for updates…
[2026-05-18T17:53:00+0800] 💓 Heartbeat — 17:53 — Watching for updates…
[2026-05-18T17:54:00+0800] 💓 Heartbeat — 17:54 — Watching for updates…
[2026-05-18T17:55:01+0800] 💓 Heartbeat — 17:55 — Watching for updates…
[2026-05-18T17:56:01+0800] 💓 Heartbeat — 17:56 — Watching for updates…
[2026-05-18T17:57:01+0800] 💓 Heartbeat — 17:57 — Watching for updates…
[2026-05-18T17:58:02+0800] 💓 Heartbeat — 17:58 — Watching for updates…
[2026-05-18T17:59:02+0800] 💓 Heartbeat — 17:59 — Watching for updates…
[2026-05-18T18:00:02+0800] 💓 Heartbeat — 18:00 — Watching for updates…
[2026-05-18T18:01:03+0800] 💓 Heartbeat — 18:01 — Watching for updates…
/Users/openclaw/Downloads/MYCHEF . MASTER/control-tower/watcher.sh: line 77: ((: 08: value too great for base (error token is "08")
[2026-05-18T18:02:03+0800] 💓 Heartbeat — 18:02 — Watching for updates…
/Users/openclaw/Downloads/MYCHEF . MASTER/control-tower/watcher.sh: line 77: ((: 08: value too great for base (error token is "08")
[2026-05-18T18:03:03+0800] 💓 Heartbeat — 18:03 — Watching for updates…
/Users/openclaw/Downloads/MYCHEF . MASTER/control-tower/watcher.sh: line 77: ((: 08: value too great for base (error token is "08")
[2026-05-18T18:04:03+0800] 💓 Heartbeat — 18:04 — Watching for updates…
/Users/openclaw/Downloads/MYCHEF . MASTER/control-tower/watcher.sh: line 77: ((: 09: value too great for base (error token is "09")
[2026-05-18T18:05:04+0800] 💓 Heartbeat — 18:05 — Watching for updates…
/Users/openclaw/Downloads/MYCHEF . MASTER/control-tower/watcher.sh: line 77: ((: 09: value too great for base (error token is "09")
[2026-05-18T18:06:04+0800] 💓 Heartbeat — 18:06 — Watching for updates…
/Users/openclaw/Downloads/MYCHEF . MASTER/control-tower/watcher.sh: line 77: ((: 09: value too great for base (error token is "09")
[2026-05-18T18:07:04+0800] 💓 Heartbeat — 18:07 — Watching for updates…
/Users/openclaw/Downloads/MYCHEF . MASTER/control-tower/watcher.sh: line 77: ((: 09: value too great for base (error token is "09")
[2026-05-18T18:08:00+0800] 💓 Heartbeat — 18:08 — Watching for updates…
[2026-05-18T18:09:00+0800] 💓 Heartbeat — 18:09 — Watching for updates…
[2026-05-18T18:10:00+0800] 💓 Heartbeat — 18:10 — Watching for updates…
[2026-05-18T18:11:00+0800] 💓 Heartbeat — 18:11 — Watching for updates…
[2026-05-18T18:12:01+0800] 💓 Heartbeat — 18:12 — Watching for updates…
[2026-05-18T18:13:01+0800] 💓 Heartbeat — 18:13 — Watching for updates…
[2026-05-18T18:14:02+0800] 💓 Heartbeat — 18:14 — Watching for updates…
[2026-05-18T18:15:02+0800] 💓 Heartbeat — 18:15 — Watching for updates…
[2026-05-18T18:16:03+0800] 💓 Heartbeat — 18:16 — Watching for updates…
/Users/openclaw/Downloads/MYCHEF . MASTER/control-tower/watcher.sh: line 77: ((: 08: value too great for base (error token is "08")
[2026-05-18T18:17:03+0800] 💓 Heartbeat — 18:17 — Watching for updates…
/Users/openclaw/Downloads/MYCHEF . MASTER/control-tower/watcher.sh: line 77: ((: 08: value too great for base (error token is "08")
[2026-05-18T18:18:03+0800] 💓 Heartbeat — 18:18 — Watching for updates…
/Users/openclaw/Downloads/MYCHEF . MASTER/control-tower/watcher.sh: line 77: ((: 08: value too great for base (error token is "08")
[2026-05-18T18:19:04+0800] 💓 Heartbeat — 18:19 — Watching for updates…
/Users/openclaw/Downloads/MYCHEF . MASTER/control-tower/watcher.sh: line 77: ((: 09: value too great for base (error token is "09")
[2026-05-18T18:20:04+0800] 💓 Heartbeat — 18:20 — Watching for updates…
/Users/openclaw/Downloads/MYCHEF . MASTER/control-tower/watcher.sh: line 77: ((: 09: value too great for base (error token is "09")
[2026-05-18T18:21:04+0800] 💓 Heartbeat — 18:21 — Watching for updates…
/Users/openclaw/Downloads/MYCHEF . MASTER/control-tower/watcher.sh: line 77: ((: 09: value too great for base (error token is "09")
[2026-05-18T18:22:00+0800] 💓 Heartbeat — 18:22 — Watching for updates…
[2026-05-18T18:23:02+0800] 💓 Heartbeat — 18:23 — Watching for updates…
[2026-05-18T18:24:04+0800] 💓 Heartbeat — 18:24 — Watching for updates…
/Users/openclaw/Downloads/MYCHEF . MASTER/control-tower/watcher.sh: line 77: ((: 09: value too great for base (error token is "09")
[2026-05-18T18:25:01+0800] 💓 Heartbeat — 18:25 — Watching for updates…
[2026-05-18T18:26:02+0800] 💓 Heartbeat — 18:26 — Watching for updates…
[2026-05-18T18:27:02+0800] 💓 Heartbeat — 18:27 — Watching for updates…
[2026-05-18T18:28:03+0800] 💓 Heartbeat — 18:28 — Watching for updates…
/Users/openclaw/Downloads/MYCHEF . MASTER/control-tower/watcher.sh: line 77: ((: 08: value too great for base (error token is "08")
[2026-05-18T18:29:03+0800] 💓 Heartbeat — 18:29 — Watching for updates…
/Users/openclaw/Downloads/MYCHEF . MASTER/control-tower/watcher.sh: line 77: ((: 08: value too great for base (error token is "08")
[2026-05-18T18:30:04+0800] 💓 Heartbeat — 18:30 — Watching for updates…
/Users/openclaw/Downloads/MYCHEF . MASTER/control-tower/watcher.sh: line 77: ((: 09: value too great for base (error token is "09")
[2026-05-18T18:31:00+0800] 💓 Heartbeat — 18:31 — Watching for updates…
[2026-05-18T18:32:01+0800] 💓 Heartbeat — 18:32 — Watching for updates…
[2026-05-18T18:33:01+0800] 💓 Heartbeat — 18:33 — Watching for updates…
[2026-05-18T18:34:01+0800] 💓 Heartbeat — 18:34 — Watching for updates…
[2026-05-18T18:35:02+0800] 💓 Heartbeat — 18:35 — Watching for updates…
[2026-05-18T18:36:02+0800] 💓 Heartbeat — 18:36 — Watching for updates…
[2026-05-18T18:37:02+0800] 💓 Heartbeat — 18:37 — Watching for updates…
[2026-05-18T18:38:03+0800] 💓 Heartbeat — 18:38 — Watching for updates…
/Users/openclaw/Downloads/MYCHEF . MASTER/control-tower/watcher.sh: line 77: ((: 08: value too great for base (error token is "08")
[2026-05-18T18:39:03+0800] 💓 Heartbeat — 18:39 — Watching for updates…
/Users/openclaw/Downloads/MYCHEF . MASTER/control-tower/watcher.sh: line 77: ((: 08: value too great for base (error token is "08")
[2026-05-18T18:40:03+0800] 💓 Heartbeat — 18:40 — Watching for updates…
/Users/openclaw/Downloads/MYCHEF . MASTER/control-tower/watcher.sh: line 77: ((: 08: value too great for base (error token is "08")
[2026-05-18T18:41:03+0800] 💓 Heartbeat — 18:41 — Watching for updates…
/Users/openclaw/Downloads/MYCHEF . MASTER/control-tower/watcher.sh: line 77: ((: 08: value too great for base (error token is "08")
[2026-05-18T18:42:04+0800] 💓 Heartbeat — 18:42 — Watching for updates…
/Users/openclaw/Downloads/MYCHEF . MASTER/control-tower/watcher.sh: line 77: ((: 09: value too great for base (error token is "09")
[2026-05-18T18:43:04+0800] 💓 Heartbeat — 18:43 — Watching for updates…
/Users/openclaw/Downloads/MYCHEF . MASTER/control-tower/watcher.sh: line 77: ((: 09: value too great for base (error token is "09")
[2026-05-18T18:44:04+0800] 💓 Heartbeat — 18:44 — Watching for updates…
/Users/openclaw/Downloads/MYCHEF . MASTER/control-tower/watcher.sh: line 77: ((: 09: value too great for base (error token is "09")
[2026-05-18T18:46:00+0800] 💓 Heartbeat — 18:46 — Watching for updates…
[2026-05-18T18:47:00+0800] 💓 Heartbeat — 18:47 — Watching for updates…
[2026-05-18T18:48:00+0800] 💓 Heartbeat — 18:48 — Watching for updates…
[2026-05-18T18:49:01+0800] 💓 Heartbeat — 18:49 — Watching for updates…
[2026-05-18T18:50:01+0800] 💓 Heartbeat — 18:50 — Watching for updates…
[2026-05-18T18:51:01+0800] 💓 Heartbeat — 18:51 — Watching for updates…
[2026-05-18T18:52:02+0800] 💓 Heartbeat — 18:52 — Watching for updates…
[2026-05-18T18:53:02+0800] 💓 Heartbeat — 18:53 — Watching for updates…
[2026-05-18T18:54:02+0800] 💓 Heartbeat — 18:54 — Watching for updates…
[2026-05-18T18:55:02+0800] 💓 Heartbeat — 18:55 — Watching for updates…
[2026-05-18T18:56:03+0800] 💓 Heartbeat — 18:56 — Watching for updates…
/Users/openclaw/Downloads/MYCHEF . MASTER/control-tower/watcher.sh: line 77: ((: 08: value too great for base (error token is "08")
[2026-05-18T18:57:03+0800] 💓 Heartbeat — 18:57 — Watching for updates…
/Users/openclaw/Downloads/MYCHEF . MASTER/control-tower/watcher.sh: line 77: ((: 08: value too great for base (error token is "08")
[2026-05-18T18:58:04+0800] 💓 Heartbeat — 18:58 — Watching for updates…
/Users/openclaw/Downloads/MYCHEF . MASTER/control-tower/watcher.sh: line 77: ((: 09: value too great for base (error token is "09")
[2026-05-18T18:59:04+0800] 💓 Heartbeat — 18:59 — Watching for updates…
/Users/openclaw/Downloads/MYCHEF . MASTER/control-tower/watcher.sh: line 77: ((: 09: value too great for base (error token is "09")
[2026-05-18T19:00:04+0800] 💓 Heartbeat — 19:00 — Watching for updates…
/Users/openclaw/Downloads/MYCHEF . MASTER/control-tower/watcher.sh: line 77: ((: 09: value too great for base (error token is "09")
[2026-05-18T19:01:04+0800] 💓 Heartbeat — 19:01 — Watching for updates…
/Users/openclaw/Downloads/MYCHEF . MASTER/control-tower/watcher.sh: line 77: ((: 09: value too great for base (error token is "09")
[2026-05-18T19:02:00+0800] 💓 Heartbeat — 19:02 — Watching for updates…
[2026-05-18T19:03:00+0800] 💓 Heartbeat — 19:03 — Watching for updates…
[2026-05-18T19:04:01+0800] 💓 Heartbeat — 19:04 — Watching for updates…
[2026-05-18T19:05:01+0800] 💓 Heartbeat — 19:05 — Watching for updates…
[2026-05-18T19:06:01+0800] 💓 Heartbeat — 19:06 — Watching for updates…
[2026-05-18T19:07:02+0800] 💓 Heartbeat — 19:07 — Watching for updates…
[2026-05-18T19:08:02+0800] 💓 Heartbeat — 19:08 — Watching for updates…
[2026-05-18T19:09:02+0800] 💓 Heartbeat — 19:09 — Watching for updates…
/Users/openclaw/Downloads/MYCHEF . MASTER/control-tower/watcher.sh: line 77: ((: 08: value too great for base (error token is "08")
[2026-05-18T19:10:03+0800] 💓 Heartbeat — 19:10 — Watching for updates…
/Users/openclaw/Downloads/MYCHEF . MASTER/control-tower/watcher.sh: line 77: ((: 08: value too great for base (error token is "08")
[2026-05-18T19:11:03+0800] 💓 Heartbeat — 19:11 — Watching for updates…
/Users/openclaw/Downloads/MYCHEF . MASTER/control-tower/watcher.sh: line 77: ((: 08: value too great for base (error token is "08")
[2026-05-18T19:12:04+0800] 💓 Heartbeat — 19:12 — Watching for updates…
/Users/openclaw/Downloads/MYCHEF . MASTER/control-tower/watcher.sh: line 77: ((: 09: value too great for base (error token is "09")
[2026-05-18T19:13:04+0800] 💓 Heartbeat — 19:13 — Watching for updates…
/Users/openclaw/Downloads/MYCHEF . MASTER/control-tower/watcher.sh: line 77: ((: 09: value too great for base (error token is "09")
[2026-05-18T19:14:04+0800] 💓 Heartbeat — 19:14 — Watching for updates…
/Users/openclaw/Downloads/MYCHEF . MASTER/control-tower/watcher.sh: line 77: ((: 09: value too great for base (error token is "09")
[2026-05-18T19:16:00+0800] 💓 Heartbeat — 19:16 — Watching for updates…
[2026-05-18T19:17:00+0800] 💓 Heartbeat — 19:17 — Watching for updates…
[2026-05-18T19:18:00+0800] 💓 Heartbeat — 19:18 — Watching for updates…
[2026-05-18T19:19:01+0800] 💓 Heartbeat — 19:19 — Watching for updates…
[2026-05-18T19:20:01+0800] 💓 Heartbeat — 19:20 — Watching for updates…
[2026-05-18T19:21:01+0800] 💓 Heartbeat — 19:21 — Watching for updates…
[2026-05-18T19:22:02+0800] 💓 Heartbeat — 19:22 — Watching for updates…
[2026-05-18T19:23:02+0800] 💓 Heartbeat — 19:23 — Watching for updates…
[2026-05-18T19:24:02+0800] 💓 Heartbeat — 19:24 — Watching for updates…
[2026-05-18T19:25:02+0800] 💓 Heartbeat — 19:25 — Watching for updates…
[2026-05-18T19:26:03+0800] 💓 Heartbeat — 19:26 — Watching for updates…
/Users/openclaw/Downloads/MYCHEF . MASTER/control-tower/watcher.sh: line 77: ((: 08: value too great for base (error token is "08")
[2026-05-18T19:27:03+0800] 💓 Heartbeat — 19:27 — Watching for updates…
/Users/openclaw/Downloads/MYCHEF . MASTER/control-tower/watcher.sh: line 77: ((: 08: value too great for base (error token is "08")
[2026-05-18T19:28:03+0800] 💓 Heartbeat — 19:28 — Watching for updates…
/Users/openclaw/Downloads/MYCHEF . MASTER/control-tower/watcher.sh: line 77: ((: 08: value too great for base (error token is "08")
[2026-05-18T19:29:04+0800] 💓 Heartbeat — 19:29 — Watching for updates…
/Users/openclaw/Downloads/MYCHEF . MASTER/control-tower/watcher.sh: line 77: ((: 09: value too great for base (error token is "09")
[2026-05-18T19:30:04+0800] 💓 Heartbeat — 19:30 — Watching for updates…
/Users/openclaw/Downloads/MYCHEF . MASTER/control-tower/watcher.sh: line 77: ((: 09: value too great for base (error token is "09")
[2026-05-18T19:31:04+0800] 💓 Heartbeat — 19:31 — Watching for updates…
[2026-05-18T19:32:00+0800] 💓 Heartbeat — 19:32 — Watching for updates…
[2026-05-18T19:33:00+0800] 💓 Heartbeat — 19:33 — Watching for updates…
[2026-05-18T19:34:00+0800] 💓 Heartbeat — 19:34 — Watching for updates…
[2026-05-18T19:35:01+0800] 💓 Heartbeat — 19:35 — Watching for updates…
[2026-05-18T19:36:01+0800] 💓 Heartbeat — 19:36 — Watching for updates…
[2026-05-18T19:37:02+0800] 💓 Heartbeat — 19:37 — Watching for updates…
[2026-05-18T19:38:02+0800] 💓 Heartbeat — 19:38 — Watching for updates…
[2026-05-18T19:39:03+0800] 💓 Heartbeat — 19:39 — Watching for updates…
/Users/openclaw/Downloads/MYCHEF . MASTER/control-tower/watcher.sh: line 77: ((: 08: value too great for base (error token is "08")
[2026-05-18T19:40:03+0800] 💓 Heartbeat — 19:40 — Watching for updates…
/Users/openclaw/Downloads/MYCHEF . MASTER/control-tower/watcher.sh: line 77: ((: 09: value too great for base (error token is "09")
[2026-05-18T19:41:01+0800] 💓 Heartbeat — 19:41 — Watching for updates…
[2026-05-18T19:42:03+0800] 💓 Heartbeat — 19:42 — Watching for updates…
/Users/openclaw/Downloads/MYCHEF . MASTER/control-tower/watcher.sh: line 77: ((: 08: value too great for base (error token is "08")
[2026-05-18T19:43:04+0800] 💓 Heartbeat — 19:43 — Watching for updates…
/Users/openclaw/Downloads/MYCHEF . MASTER/control-tower/watcher.sh: line 77: ((: 09: value too great for base (error token is "09")
[2026-05-18T19:44:04+0800] 💓 Heartbeat — 19:44 — Watching for updates…
/Users/openclaw/Downloads/MYCHEF . MASTER/control-tower/watcher.sh: line 77: ((: 09: value too great for base (error token is "09")
[2026-05-18T19:45:00+0800] 💓 Heartbeat — 19:45 — Watching for updates…
[2026-05-18T19:46:00+0800] 💓 Heartbeat — 19:46 — Watching for updates…
[2026-05-18T19:47:00+0800] 💓 Heartbeat — 19:47 — Watching for updates…
[2026-05-18T19:48:01+0800] 💓 Heartbeat — 19:48 — Watching for updates…
[2026-05-18T19:49:01+0800] 💓 Heartbeat — 19:49 — Watching for updates…
[2026-05-18T19:50:01+0800] 💓 Heartbeat — 19:50 — Watching for updates…
[2026-05-18T19:51:01+0800] 💓 Heartbeat — 19:51 — Watching for updates…
[2026-05-18T19:52:02+0800] 💓 Heartbeat — 19:52 — Watching for updates…
[2026-05-18T19:53:02+0800] 💓 Heartbeat — 19:53 — Watching for updates…
[2026-05-18T19:54:02+0800] 💓 Heartbeat — 19:54 — Watching for updates…
[2026-05-18T19:55:03+0800] 💓 Heartbeat — 19:55 — Watching for updates…
/Users/openclaw/Downloads/MYCHEF . MASTER/control-tower/watcher.sh: line 77: ((: 08: value too great for base (error token is "08")
[2026-05-18T19:56:04+0800] 💓 Heartbeat — 19:56 — Watching for updates…
/Users/openclaw/Downloads/MYCHEF . MASTER/control-tower/watcher.sh: line 77: ((: 09: value too great for base (error token is "09")
[2026-05-18T19:57:04+0800] 💓 Heartbeat — 19:57 — Watching for updates…
/Users/openclaw/Downloads/MYCHEF . MASTER/control-tower/watcher.sh: line 77: ((: 09: value too great for base (error token is "09")
[2026-05-18T19:58:00+0800] 💓 Heartbeat — 19:58 — Watching for updates…
[2026-05-18T19:59:00+0800] 💓 Heartbeat — 19:59 — Watching for updates…
[2026-05-18T20:00:01+0800] 💓 Heartbeat — 20:00 — Watching for updates…
[2026-05-18T20:01:02+0800] 💓 Heartbeat — 20:01 — Watching for updates…
[2026-05-18T20:02:02+0800] 💓 Heartbeat — 20:02 — Watching for updates…
[2026-05-18T20:03:02+0800] 💓 Heartbeat — 20:03 — Watching for updates…
[2026-05-18T20:04:03+0800] 💓 Heartbeat — 20:04 — Watching for updates…
/Users/openclaw/Downloads/MYCHEF . MASTER/control-tower/watcher.sh: line 77: ((: 08: value too great for base (error token is "08")
[2026-05-18T20:05:03+0800] 💓 Heartbeat — 20:05 — Watching for updates…
/Users/openclaw/Downloads/MYCHEF . MASTER/control-tower/watcher.sh: line 77: ((: 08: value too great for base (error token is "08")
[2026-05-18T20:06:03+0800] 💓 Heartbeat — 20:06 — Watching for updates…
/Users/openclaw/Downloads/MYCHEF . MASTER/control-tower/watcher.sh: line 77: ((: 08: value too great for base (error token is "08")
[2026-05-18T20:07:03+0800] 💓 Heartbeat — 20:07 — Watching for updates…
/Users/openclaw/Downloads/MYCHEF . MASTER/control-tower/watcher.sh: line 77: ((: 08: value too great for base (error token is "08")
[2026-05-18T20:08:04+0800] 💓 Heartbeat — 20:08 — Watching for updates…
/Users/openclaw/Downloads/MYCHEF . MASTER/control-tower/watcher.sh: line 77: ((: 09: value too great for base (error token is "09")
[2026-05-18T20:09:04+0800] 💓 Heartbeat — 20:09 — Watching for updates…
/Users/openclaw/Downloads/MYCHEF . MASTER/control-tower/watcher.sh: line 77: ((: 09: value too great for base (error token is "09")
[2026-05-18T20:10:04+0800] 💓 Heartbeat — 20:10 — Watching for updates…
/Users/openclaw/Downloads/MYCHEF . MASTER/control-tower/watcher.sh: line 77: ((: 09: value too great for base (error token is "09")
[2026-05-18T20:11:05+0800] 💓 Heartbeat — 20:11 — Watching for updates…
[2026-05-18T20:12:00+0800] 💓 Heartbeat — 20:12 — Watching for updates…
[2026-05-18T20:13:00+0800] 💓 Heartbeat — 20:13 — Watching for updates…
[2026-05-18T20:14:00+0800] 💓 Heartbeat — 20:14 — Watching for updates…
[2026-05-18T20:15:01+0800] 💓 Heartbeat — 20:15 — Watching for updates…
[2026-05-18T20:16:01+0800] 💓 Heartbeat — 20:16 — Watching for updates…
[2026-05-18T20:17:01+0800] 💓 Heartbeat — 20:17 — Watching for updates…
[2026-05-18T20:18:02+0800] 💓 Heartbeat — 20:18 — Watching for updates…
[2026-05-18T20:19:02+0800] 💓 Heartbeat — 20:19 — Watching for updates…
[2026-05-18T20:20:02+0800] 💓 Heartbeat — 20:20 — Watching for updates…
[2026-05-18T20:21:03+0800] 💓 Heartbeat — 20:21 — Watching for updates…
/Users/openclaw/Downloads/MYCHEF . MASTER/control-tower/watcher.sh: line 77: ((: 08: value too great for base (error token is "08")
[2026-05-18T20:22:03+0800] 💓 Heartbeat — 20:22 — Watching for updates…
/Users/openclaw/Downloads/MYCHEF . MASTER/control-tower/watcher.sh: line 77: ((: 08: value too great for base (error token is "08")
[2026-05-18T20:23:03+0800] 💓 Heartbeat — 20:23 — Watching for updates…
/Users/openclaw/Downloads/MYCHEF . MASTER/control-tower/watcher.sh: line 77: ((: 08: value too great for base (error token is "08")
[2026-05-18T20:24:04+0800] 💓 Heartbeat — 20:24 — Watching for updates…
/Users/openclaw/Downloads/MYCHEF . MASTER/control-tower/watcher.sh: line 77: ((: 09: value too great for base (error token is "09")
[2026-05-18T20:25:04+0800] 💓 Heartbeat — 20:25 — Watching for updates…
/Users/openclaw/Downloads/MYCHEF . MASTER/control-tower/watcher.sh: line 77: ((: 09: value too great for base (error token is "09")
[2026-05-18T20:26:04+0800] 💓 Heartbeat — 20:26 — Watching for updates…
/Users/openclaw/Downloads/MYCHEF . MASTER/control-tower/watcher.sh: line 77: ((: 09: value too great for base (error token is "09")
[2026-05-18T20:27:00+0800] 💓 Heartbeat — 20:27 — Watching for updates…
[2026-05-18T20:28:00+0800] 💓 Heartbeat — 20:28 — Watching for updates…
[2026-05-18T20:29:00+0800] 💓 Heartbeat — 20:29 — Watching for updates…
[2026-05-18T20:30:00+0800] 💓 Heartbeat — 20:30 — Watching for updates…
[2026-05-18T20:31:01+0800] 💓 Heartbeat — 20:31 — Watching for updates…
[2026-05-18T20:32:01+0800] 💓 Heartbeat — 20:32 — Watching for updates…
[2026-05-18T20:33:01+0800] 💓 Heartbeat — 20:33 — Watching for updates…
[2026-05-18T20:34:02+0800] 💓 Heartbeat — 20:34 — Watching for updates…
[2026-05-18T20:35:02+0800] 💓 Heartbeat — 20:35 — Watching for updates…
[2026-05-18T20:36:02+0800] 💓 Heartbeat — 20:36 — Watching for updates…
[2026-05-18T20:37:03+0800] 💓 Heartbeat — 20:37 — Watching for updates…
/Users/openclaw/Downloads/MYCHEF . MASTER/control-tower/watcher.sh: line 77: ((: 08: value too great for base (error token is "08")
[2026-05-18T20:38:03+0800] 💓 Heartbeat — 20:38 — Watching for updates…
/Users/openclaw/Downloads/MYCHEF . MASTER/control-tower/watcher.sh: line 77: ((: 08: value too great for base (error token is "08")
[2026-05-18T20:39:04+0800] 💓 Heartbeat — 20:39 — Watching for updates…
/Users/openclaw/Downloads/MYCHEF . MASTER/control-tower/watcher.sh: line 77: ((: 09: value too great for base (error token is "09")
[2026-05-18T20:40:04+0800] 💓 Heartbeat — 20:40 — Watching for updates…
/Users/openclaw/Downloads/MYCHEF . MASTER/control-tower/watcher.sh: line 77: ((: 09: value too great for base (error token is "09")
[2026-05-18T20:41:04+0800] 💓 Heartbeat — 20:41 — Watching for updates…
/Users/openclaw/Downloads/MYCHEF . MASTER/control-tower/watcher.sh: line 77: ((: 09: value too great for base (error token is "09")
[2026-05-18T20:42:00+0800] 💓 Heartbeat — 20:42 — Watching for updates…
[2026-05-18T20:43:00+0800] 💓 Heartbeat — 20:43 — Watching for updates…
[2026-05-18T20:44:00+0800] 💓 Heartbeat — 20:44 — Watching for updates…
[2026-05-18T20:45:01+0800] 💓 Heartbeat — 20:45 — Watching for updates…
[2026-05-18T20:46:01+0800] 💓 Heartbeat — 20:46 — Watching for updates…
[2026-05-18T20:47:02+0800] 💓 Heartbeat — 20:47 — Watching for updates…
[2026-05-18T20:48:02+0800] 💓 Heartbeat — 20:48 — Watching for updates…
[2026-05-18T20:49:02+0800] 💓 Heartbeat — 20:49 — Watching for updates…
[2026-05-18T20:50:03+0800] 💓 Heartbeat — 20:50 — Watching for updates…
/Users/openclaw/Downloads/MYCHEF . MASTER/control-tower/watcher.sh: line 77: ((: 08: value too great for base (error token is "08")
[2026-05-18T20:51:04+0800] 💓 Heartbeat — 20:51 — Watching for updates…
/Users/openclaw/Downloads/MYCHEF . MASTER/control-tower/watcher.sh: line 77: ((: 09: value too great for base (error token is "09")
[2026-05-18T20:52:00+0800] 💓 Heartbeat — 20:52 — Watching for updates…
[2026-05-18T20:53:00+0800] 💓 Heartbeat — 20:53 — Watching for updates…
[2026-05-18T20:54:01+0800] 💓 Heartbeat — 20:54 — Watching for updates…
[2026-05-18T20:55:01+0800] 💓 Heartbeat — 20:55 — Watching for updates…
[2026-05-18T20:56:01+0800] 💓 Heartbeat — 20:56 — Watching for updates…
[2026-05-18T20:57:01+0800] 💓 Heartbeat — 20:57 — Watching for updates…
[2026-05-18T20:58:02+0800] 💓 Heartbeat — 20:58 — Watching for updates…
[2026-05-18T20:59:02+0800] 💓 Heartbeat — 20:59 — Watching for updates…
[2026-05-18T21:00:02+0800] 💓 Heartbeat — 21:00 — Watching for updates…
[2026-05-18T21:01:03+0800] 💓 Heartbeat — 21:01 — Watching for updates…
/Users/openclaw/Downloads/MYCHEF . MASTER/control-tower/watcher.sh: line 77: ((: 08: value too great for base (error token is "08")
[2026-05-18T21:02:03+0800] 💓 Heartbeat — 21:02 — Watching for updates…
/Users/openclaw/Downloads/MYCHEF . MASTER/control-tower/watcher.sh: line 77: ((: 08: value too great for base (error token is "08")
[2026-05-18T21:03:04+0800] 💓 Heartbeat — 21:03 — Watching for updates…
/Users/openclaw/Downloads/MYCHEF . MASTER/control-tower/watcher.sh: line 77: ((: 09: value too great for base (error token is "09")
[2026-05-18T21:04:04+0800] 💓 Heartbeat — 21:04 — Watching for updates…
/Users/openclaw/Downloads/MYCHEF . MASTER/control-tower/watcher.sh: line 77: ((: 09: value too great for base (error token is "09")
[2026-05-18T21:05:04+0800] 💓 Heartbeat — 21:05 — Watching for updates…
/Users/openclaw/Downloads/MYCHEF . MASTER/control-tower/watcher.sh: line 77: ((: 09: value too great for base (error token is "09")
[2026-05-18T21:06:00+0800] 💓 Heartbeat — 21:06 — Watching for updates…
[2026-05-18T21:07:00+0800] 💓 Heartbeat — 21:07 — Watching for updates…
[2026-05-18T21:08:01+0800] 💓 Heartbeat — 21:08 — Watching for updates…
[2026-05-18T21:09:01+0800] 💓 Heartbeat — 21:09 — Watching for updates…
[2026-05-18T21:10:01+0800] 💓 Heartbeat — 21:10 — Watching for updates…
[2026-05-18T21:11:02+0800] 💓 Heartbeat — 21:11 — Watching for updates…
[2026-05-18T21:12:02+0800] 💓 Heartbeat — 21:12 — Watching for updates…
[2026-05-18T21:13:03+0800] 💓 Heartbeat — 21:13 — Watching for updates…
/Users/openclaw/Downloads/MYCHEF . MASTER/control-tower/watcher.sh: line 77: ((: 08: value too great for base (error token is "08")
[2026-05-18T21:14:03+0800] 💓 Heartbeat — 21:14 — Watching for updates…
/Users/openclaw/Downloads/MYCHEF . MASTER/control-tower/watcher.sh: line 77: ((: 08: value too great for base (error token is "08")
[2026-05-18T21:15:03+0800] 💓 Heartbeat — 21:15 — Watching for updates…
/Users/openclaw/Downloads/MYCHEF . MASTER/control-tower/watcher.sh: line 77: ((: 08: value too great for base (error token is "08")
[2026-05-18T21:16:04+0800] 💓 Heartbeat — 21:16 — Watching for updates…
/Users/openclaw/Downloads/MYCHEF . MASTER/control-tower/watcher.sh: line 77: ((: 09: value too great for base (error token is "09")
[2026-05-18T21:17:04+0800] 💓 Heartbeat — 21:17 — Watching for updates…
/Users/openclaw/Downloads/MYCHEF . MASTER/control-tower/watcher.sh: line 77: ((: 09: value too great for base (error token is "09")
[2026-05-18T21:18:02+0800] 💓 Heartbeat — 21:18 — Watching for updates…
[2026-05-18T21:19:04+0800] 💓 Heartbeat — 21:19 — Watching for updates…
/Users/openclaw/Downloads/MYCHEF . MASTER/control-tower/watcher.sh: line 77: ((: 09: value too great for base (error token is "09")
[2026-05-18T21:20:04+0800] 💓 Heartbeat — 21:20 — Watching for updates…
/Users/openclaw/Downloads/MYCHEF . MASTER/control-tower/watcher.sh: line 77: ((: 09: value too great for base (error token is "09")
[2026-05-18T21:21:00+0800] 💓 Heartbeat — 21:21 — Watching for updates…
[2026-05-18T21:22:00+0800] 💓 Heartbeat — 21:22 — Watching for updates…
[2026-05-18T21:23:00+0800] 💓 Heartbeat — 21:23 — Watching for updates…
[2026-05-18T21:24:01+0800] 💓 Heartbeat — 21:24 — Watching for updates…
[2026-05-18T21:25:01+0800] 💓 Heartbeat — 21:25 — Watching for updates…
[2026-05-18T21:26:01+0800] 💓 Heartbeat — 21:26 — Watching for updates…
[2026-05-18T21:27:02+0800] 💓 Heartbeat — 21:27 — Watching for updates…
[2026-05-18T21:28:02+0800] 💓 Heartbeat — 21:28 — Watching for updates…
[2026-05-18T21:29:01+0800] 💓 Heartbeat — 21:29 — Watching for updates…
[2026-05-18T21:30:01+0800] 💓 Heartbeat — 21:30 — Watching for updates…
[2026-05-18T21:31:02+0800] 💓 Heartbeat — 21:31 — Watching for updates…
/Users/openclaw/Downloads/MYCHEF . MASTER/control-tower/watcher.sh: line 77: ((: 08: value too great for base (error token is "08")
[2026-05-18T21:32:07+0800] 💓 Heartbeat — 21:32 — Watching for updates…
[2026-05-18T21:33:00+0800] 💓 Heartbeat — 21:33 — Watching for updates…
[2026-05-18T21:34:00+0800] 💓 Heartbeat — 21:34 — Watching for updates…
[2026-05-18T21:35:01+0800] 💓 Heartbeat — 21:35 — Watching for updates…
[2026-05-18T21:36:01+0800] 💓 Heartbeat — 21:36 — Watching for updates…
[2026-05-18T21:37:01+0800] 💓 Heartbeat — 21:37 — Watching for updates…
[2026-05-18T21:38:03+0800] 💓 Heartbeat — 21:38 — Watching for updates…
/Users/openclaw/Downloads/MYCHEF . MASTER/control-tower/watcher.sh: line 77: ((: 08: value too great for base (error token is "08")
[2026-05-18T21:39:04+0800] 💓 Heartbeat — 21:39 — Watching for updates…
/Users/openclaw/Downloads/MYCHEF . MASTER/control-tower/watcher.sh: line 77: ((: 09: value too great for base (error token is "09")
[2026-05-18T21:40:04+0800] 💓 Heartbeat — 21:40 — Watching for updates…
/Users/openclaw/Downloads/MYCHEF . MASTER/control-tower/watcher.sh: line 77: ((: 09: value too great for base (error token is "09")
[2026-05-18T21:42:00+0800] 💓 Heartbeat — 21:42 — Watching for updates…
[2026-05-18T21:43:00+0800] 💓 Heartbeat — 21:43 — Watching for updates…
[2026-05-18T21:44:00+0800] 💓 Heartbeat — 21:44 — Watching for updates…
[2026-05-18T21:45:01+0800] 💓 Heartbeat — 21:45 — Watching for updates…
[2026-05-18T21:46:01+0800] 💓 Heartbeat — 21:46 — Watching for updates…
[2026-05-18T21:47:01+0800] 💓 Heartbeat — 21:47 — Watching for updates…
[2026-05-18T21:48:02+0800] 💓 Heartbeat — 21:48 — Watching for updates…
[2026-05-18T21:49:02+0800] 💓 Heartbeat — 21:49 — Watching for updates…
[2026-05-18T21:50:02+0800] 💓 Heartbeat — 21:50 — Watching for updates…
[2026-05-18T21:51:03+0800] 💓 Heartbeat — 21:51 — Watching for updates…
/Users/openclaw/Downloads/MYCHEF . MASTER/control-tower/watcher.sh: line 77: ((: 08: value too great for base (error token is "08")
[2026-05-18T21:52:03+0800] 💓 Heartbeat — 21:52 — Watching for updates…
/Users/openclaw/Downloads/MYCHEF . MASTER/control-tower/watcher.sh: line 77: ((: 08: value too great for base (error token is "08")
[2026-05-18T21:53:03+0800] 💓 Heartbeat — 21:53 — Watching for updates…
/Users/openclaw/Downloads/MYCHEF . MASTER/control-tower/watcher.sh: line 77: ((: 08: value too great for base (error token is "08")
[2026-05-18T21:54:03+0800] 💓 Heartbeat — 21:54 — Watching for updates…
/Users/openclaw/Downloads/MYCHEF . MASTER/control-tower/watcher.sh: line 77: ((: 08: value too great for base (error token is "08")
[2026-05-18T21:55:04+0800] 💓 Heartbeat — 21:55 — Watching for updates…
/Users/openclaw/Downloads/MYCHEF . MASTER/control-tower/watcher.sh: line 77: ((: 09: value too great for base (error token is "09")
[2026-05-18T21:56:04+0800] 💓 Heartbeat — 21:56 — Watching for updates…
/Users/openclaw/Downloads/MYCHEF . MASTER/control-tower/watcher.sh: line 77: ((: 09: value too great for base (error token is "09")
[2026-05-18T21:57:04+0800] 💓 Heartbeat — 21:57 — Watching for updates…
/Users/openclaw/Downloads/MYCHEF . MASTER/control-tower/watcher.sh: line 77: ((: 09: value too great for base (error token is "09")
[2026-05-18T21:58:00+0800] 💓 Heartbeat — 21:58 — Watching for updates…
[2026-05-18T21:59:00+0800] 💓 Heartbeat — 21:59 — Watching for updates…
[2026-05-18T22:00:00+0800] 💓 Heartbeat — 22:00 — Watching for updates…
[2026-05-18T22:01:01+0800] 💓 Heartbeat — 22:01 — Watching for updates…
[2026-05-18T22:02:01+0800] 💓 Heartbeat — 22:02 — Watching for updates…
[2026-05-18T22:03:01+0800] 💓 Heartbeat — 22:03 — Watching for updates…
[2026-05-18T22:04:02+0800] 💓 Heartbeat — 22:04 — Watching for updates…
[2026-05-18T22:05:02+0800] 💓 Heartbeat — 22:05 — Watching for updates…
[2026-05-18T22:06:02+0800] 💓 Heartbeat — 22:06 — Watching for updates…
[2026-05-18T22:07:03+0800] 💓 Heartbeat — 22:07 — Watching for updates…
/Users/openclaw/Downloads/MYCHEF . MASTER/control-tower/watcher.sh: line 77: ((: 08: value too great for base (error token is "08")
[2026-05-18T22:08:03+0800] 💓 Heartbeat — 22:08 — Watching for updates…
/Users/openclaw/Downloads/MYCHEF . MASTER/control-tower/watcher.sh: line 77: ((: 08: value too great for base (error token is "08")
[2026-05-18T22:09:03+0800] 💓 Heartbeat — 22:09 — Watching for updates…
/Users/openclaw/Downloads/MYCHEF . MASTER/control-tower/watcher.sh: line 77: ((: 08: value too great for base (error token is "08")
[2026-05-18T22:10:03+0800] 💓 Heartbeat — 22:10 — Watching for updates…
/Users/openclaw/Downloads/MYCHEF . MASTER/control-tower/watcher.sh: line 77: ((: 08: value too great for base (error token is "08")
[2026-05-18T22:11:04+0800] 💓 Heartbeat — 22:11 — Watching for updates…
/Users/openclaw/Downloads/MYCHEF . MASTER/control-tower/watcher.sh: line 77: ((: 09: value too great for base (error token is "09")
[2026-05-18T22:12:04+0800] 💓 Heartbeat — 22:12 — Watching for updates…
/Users/openclaw/Downloads/MYCHEF . MASTER/control-tower/watcher.sh: line 77: ((: 09: value too great for base (error token is "09")
[2026-05-18T22:13:04+0800] 💓 Heartbeat — 22:13 — Watching for updates…
/Users/openclaw/Downloads/MYCHEF . MASTER/control-tower/watcher.sh: line 77: ((: 09: value too great for base (error token is "09")
[2026-05-18T22:14:00+0800] 💓 Heartbeat — 22:14 — Watching for updates…
[2026-05-18T22:15:00+0800] 💓 Heartbeat — 22:15 — Watching for updates…
[2026-05-18T22:16:00+0800] 💓 Heartbeat — 22:16 — Watching for updates…
[2026-05-18T22:17:01+0800] 💓 Heartbeat — 22:17 — Watching for updates…
[2026-05-18T22:18:01+0800] 💓 Heartbeat — 22:18 — Watching for updates…
[2026-05-18T22:19:01+0800] 💓 Heartbeat — 22:19 — Watching for updates…
[2026-05-18T22:20:01+0800] 💓 Heartbeat — 22:20 — Watching for updates…
[2026-05-18T22:21:02+0800] 💓 Heartbeat — 22:21 — Watching for updates…
[2026-05-18T22:22:02+0800] 💓 Heartbeat — 22:22 — Watching for updates…
[2026-05-18T22:23:02+0800] 💓 Heartbeat — 22:23 — Watching for updates…
[2026-05-18T22:24:03+0800] 💓 Heartbeat — 22:24 — Watching for updates…
/Users/openclaw/Downloads/MYCHEF . MASTER/control-tower/watcher.sh: line 77: ((: 08: value too great for base (error token is "08")
[2026-05-18T22:25:03+0800] 💓 Heartbeat — 22:25 — Watching for updates…
/Users/openclaw/Downloads/MYCHEF . MASTER/control-tower/watcher.sh: line 77: ((: 08: value too great for base (error token is "08")
[2026-05-18T22:26:03+0800] 💓 Heartbeat — 22:26 — Watching for updates…
/Users/openclaw/Downloads/MYCHEF . MASTER/control-tower/watcher.sh: line 77: ((: 08: value too great for base (error token is "08")
[2026-05-18T22:27:04+0800] 💓 Heartbeat — 22:27 — Watching for updates…
/Users/openclaw/Downloads/MYCHEF . MASTER/control-tower/watcher.sh: line 77: ((: 09: value too great for base (error token is "09")
[2026-05-18T22:28:04+0800] 💓 Heartbeat — 22:28 — Watching for updates…
/Users/openclaw/Downloads/MYCHEF . MASTER/control-tower/watcher.sh: line 77: ((: 09: value too great for base (error token is "09")
[2026-05-18T22:29:04+0800] 💓 Heartbeat — 22:29 — Watching for updates…
/Users/openclaw/Downloads/MYCHEF . MASTER/control-tower/watcher.sh: line 77: ((: 09: value too great for base (error token is "09")
[2026-05-18T22:30:04+0800] 💓 Heartbeat — 22:30 — Watching for updates…
[2026-05-18T22:31:00+0800] 💓 Heartbeat — 22:31 — Watching for updates…
[2026-05-18T22:32:00+0800] 💓 Heartbeat — 22:32 — Watching for updates…
[2026-05-18T22:33:00+0800] 💓 Heartbeat — 22:33 — Watching for updates…
[2026-05-18T22:34:01+0800] 💓 Heartbeat — 22:34 — Watching for updates…
[2026-05-18T22:35:01+0800] 💓 Heartbeat — 22:35 — Watching for updates…
[2026-05-18T22:36:01+0800] 💓 Heartbeat — 22:36 — Watching for updates…
[2026-05-18T22:37:01+0800] 💓 Heartbeat — 22:37 — Watching for updates…
[2026-05-18T22:38:02+0800] 💓 Heartbeat — 22:38 — Watching for updates…
[2026-05-18T22:39:02+0800] 💓 Heartbeat — 22:39 — Watching for updates…
[2026-05-18T22:40:02+0800] 💓 Heartbeat — 22:40 — Watching for updates…
[2026-05-18T22:41:03+0800] 💓 Heartbeat — 22:41 — Watching for updates…
/Users/openclaw/Downloads/MYCHEF . MASTER/control-tower/watcher.sh: line 77: ((: 08: value too great for base (error token is "08")
[2026-05-18T22:42:03+0800] 💓 Heartbeat — 22:42 — Watching for updates…
/Users/openclaw/Downloads/MYCHEF . MASTER/control-tower/watcher.sh: line 77: ((: 08: value too great for base (error token is "08")
[2026-05-18T22:43:03+0800] 💓 Heartbeat — 22:43 — Watching for updates…
/Users/openclaw/Downloads/MYCHEF . MASTER/control-tower/watcher.sh: line 77: ((: 08: value too great for base (error token is "08")
[2026-05-18T22:44:03+0800] 💓 Heartbeat — 22:44 — Watching for updates…
/Users/openclaw/Downloads/MYCHEF . MASTER/control-tower/watcher.sh: line 77: ((: 08: value too great for base (error token is "08")
[2026-05-18T22:45:04+0800] 💓 Heartbeat — 22:45 — Watching for updates…
/Users/openclaw/Downloads/MYCHEF . MASTER/control-tower/watcher.sh: line 77: ((: 09: value too great for base (error token is "09")
[2026-05-18T22:46:04+0800] 💓 Heartbeat — 22:46 — Watching for updates…
/Users/openclaw/Downloads/MYCHEF . MASTER/control-tower/watcher.sh: line 77: ((: 09: value too great for base (error token is "09")
[2026-05-18T22:47:00+0800] 💓 Heartbeat — 22:47 — Watching for updates…
[2026-05-18T22:48:00+0800] 💓 Heartbeat — 22:48 — Watching for updates…
[2026-05-18T22:49:00+0800] 💓 Heartbeat — 22:49 — Watching for updates…
[2026-05-18T22:50:01+0800] 💓 Heartbeat — 22:50 — Watching for updates…
[2026-05-18T22:51:01+0800] 💓 Heartbeat — 22:51 — Watching for updates…
[2026-05-18T22:52:01+0800] 💓 Heartbeat — 22:52 — Watching for updates…
[2026-05-18T22:53:01+0800] 💓 Heartbeat — 22:53 — Watching for updates…
[2026-05-18T22:54:02+0800] 💓 Heartbeat — 22:54 — Watching for updates…
[2026-05-18T22:55:02+0800] 💓 Heartbeat — 22:55 — Watching for updates…
[2026-05-18T22:56:02+0800] 💓 Heartbeat — 22:56 — Watching for updates…
[2026-05-18T22:57:02+0800] 💓 Heartbeat — 22:57 — Watching for updates…
[2026-05-18T22:58:03+0800] 💓 Heartbeat — 22:58 — Watching for updates…
/Users/openclaw/Downloads/MYCHEF . MASTER/control-tower/watcher.sh: line 77: ((: 08: value too great for base (error token is "08")
[2026-05-18T22:59:03+0800] 💓 Heartbeat — 22:59 — Watching for updates…
/Users/openclaw/Downloads/MYCHEF . MASTER/control-tower/watcher.sh: line 77: ((: 08: value too great for base (error token is "08")
[2026-05-18T23:00:03+0800] 💓 Heartbeat — 23:00 — Watching for updates…
/Users/openclaw/Downloads/MYCHEF . MASTER/control-tower/watcher.sh: line 77: ((: 08: value too great for base (error token is "08")
[2026-05-18T23:01:04+0800] 💓 Heartbeat — 23:01 — Watching for updates…
/Users/openclaw/Downloads/MYCHEF . MASTER/control-tower/watcher.sh: line 77: ((: 09: value too great for base (error token is "09")
[2026-05-18T23:02:04+0800] 💓 Heartbeat — 23:02 — Watching for updates…
/Users/openclaw/Downloads/MYCHEF . MASTER/control-tower/watcher.sh: line 77: ((: 09: value too great for base (error token is "09")
[2026-05-18T23:03:04+0800] 💓 Heartbeat — 23:03 — Watching for updates…
/Users/openclaw/Downloads/MYCHEF . MASTER/control-tower/watcher.sh: line 77: ((: 09: value too great for base (error token is "09")
[2026-05-18T23:04:04+0800] 💓 Heartbeat — 23:04 — Watching for updates…
[2026-05-18T23:05:00+0800] 💓 Heartbeat — 23:05 — Watching for updates…
[2026-05-18T23:06:00+0800] 💓 Heartbeat — 23:06 — Watching for updates…
[2026-05-18T23:07:00+0800] 💓 Heartbeat — 23:07 — Watching for updates…
[2026-05-18T23:08:01+0800] 💓 Heartbeat — 23:08 — Watching for updates…
[2026-05-18T23:09:01+0800] 💓 Heartbeat — 23:09 — Watching for updates…
[2026-05-18T23:10:01+0800] 💓 Heartbeat — 23:10 — Watching for updates…
[2026-05-18T23:11:01+0800] 💓 Heartbeat — 23:11 — Watching for updates…
[2026-05-18T23:12:02+0800] 💓 Heartbeat — 23:12 — Watching for updates…
[2026-05-18T23:13:02+0800] 💓 Heartbeat — 23:13 — Watching for updates…
[2026-05-18T23:14:02+0800] 💓 Heartbeat — 23:14 — Watching for updates…
[2026-05-18T23:15:02+0800] 💓 Heartbeat — 23:15 — Watching for updates…
/Users/openclaw/Downloads/MYCHEF . MASTER/control-tower/watcher.sh: line 77: ((: 08: value too great for base (error token is "08")
[2026-05-18T23:16:03+0800] 💓 Heartbeat — 23:16 — Watching for updates…
/Users/openclaw/Downloads/MYCHEF . MASTER/control-tower/watcher.sh: line 77: ((: 08: value too great for base (error token is "08")
[2026-05-18T23:17:03+0800] 💓 Heartbeat — 23:17 — Watching for updates…
/Users/openclaw/Downloads/MYCHEF . MASTER/control-tower/watcher.sh: line 77: ((: 08: value too great for base (error token is "08")
[2026-05-18T23:18:03+0800] 💓 Heartbeat — 23:18 — Watching for updates…
/Users/openclaw/Downloads/MYCHEF . MASTER/control-tower/watcher.sh: line 77: ((: 08: value too great for base (error token is "08")
[2026-05-18T23:19:04+0800] 💓 Heartbeat — 23:19 — Watching for updates…
/Users/openclaw/Downloads/MYCHEF . MASTER/control-tower/watcher.sh: line 77: ((: 09: value too great for base (error token is "09")
[2026-05-18T23:20:04+0800] 💓 Heartbeat — 23:20 — Watching for updates…
/Users/openclaw/Downloads/MYCHEF . MASTER/control-tower/watcher.sh: line 77: ((: 09: value too great for base (error token is "09")
[2026-05-18T23:21:04+0800] 💓 Heartbeat — 23:21 — Watching for updates…
/Users/openclaw/Downloads/MYCHEF . MASTER/control-tower/watcher.sh: line 77: ((: 09: value too great for base (error token is "09")
[2026-05-18T23:22:00+0800] 💓 Heartbeat — 23:22 — Watching for updates…
[2026-05-18T23:23:00+0800] 💓 Heartbeat — 23:23 — Watching for updates…
[2026-05-18T23:24:00+0800] 💓 Heartbeat — 23:24 — Watching for updates…
[2026-05-18T23:25:01+0800] 💓 Heartbeat — 23:25 — Watching for updates…
[2026-05-18T23:26:01+0800] 💓 Heartbeat — 23:26 — Watching for updates…
[2026-05-18T23:27:01+0800] 💓 Heartbeat — 23:27 — Watching for updates…
[2026-05-18T23:28:02+0800] 💓 Heartbeat — 23:28 — Watching for updates…
[2026-05-18T23:29:02+0800] 💓 Heartbeat — 23:29 — Watching for updates…
[2026-05-18T23:30:02+0800] 💓 Heartbeat — 23:30 — Watching for updates…
[2026-05-18T23:31:03+0800] 💓 Heartbeat — 23:31 — Watching for updates…
/Users/openclaw/Downloads/MYCHEF . MASTER/control-tower/watcher.sh: line 77: ((: 08: value too great for base (error token is "08")
[2026-05-18T23:32:03+0800] 💓 Heartbeat — 23:32 — Watching for updates…
/Users/openclaw/Downloads/MYCHEF . MASTER/control-tower/watcher.sh: line 77: ((: 08: value too great for base (error token is "08")
[2026-05-18T23:33:03+0800] 💓 Heartbeat — 23:33 — Watching for updates…
/Users/openclaw/Downloads/MYCHEF . MASTER/control-tower/watcher.sh: line 77: ((: 08: value too great for base (error token is "08")
[2026-05-18T23:34:04+0800] 💓 Heartbeat — 23:34 — Watching for updates…
/Users/openclaw/Downloads/MYCHEF . MASTER/control-tower/watcher.sh: line 77: ((: 09: value too great for base (error token is "09")
[2026-05-18T23:35:04+0800] 💓 Heartbeat — 23:35 — Watching for updates…
/Users/openclaw/Downloads/MYCHEF . MASTER/control-tower/watcher.sh: line 77: ((: 09: value too great for base (error token is "09")
[2026-05-18T23:36:04+0800] 💓 Heartbeat — 23:36 — Watching for updates…
/Users/openclaw/Downloads/MYCHEF . MASTER/control-tower/watcher.sh: line 77: ((: 09: value too great for base (error token is "09")
[2026-05-18T23:37:00+0800] 💓 Heartbeat — 23:37 — Watching for updates…
[2026-05-18T23:38:00+0800] 💓 Heartbeat — 23:38 — Watching for updates…
[2026-05-18T23:39:01+0800] 💓 Heartbeat — 23:39 — Watching for updates…
[2026-05-18T23:40:01+0800] 💓 Heartbeat — 23:40 — Watching for updates…
[2026-05-18T23:41:01+0800] 💓 Heartbeat — 23:41 — Watching for updates…
[2026-05-18T23:42:01+0800] 💓 Heartbeat — 23:42 — Watching for updates…
[2026-05-18T23:43:02+0800] 💓 Heartbeat — 23:43 — Watching for updates…
[2026-05-18T23:44:02+0800] 💓 Heartbeat — 23:44 — Watching for updates…
[2026-05-18T23:45:02+0800] 💓 Heartbeat — 23:45 — Watching for updates…
[2026-05-18T23:46:03+0800] 💓 Heartbeat — 23:46 — Watching for updates…
/Users/openclaw/Downloads/MYCHEF . MASTER/control-tower/watcher.sh: line 77: ((: 08: value too great for base (error token is "08")
[2026-05-18T23:47:03+0800] 💓 Heartbeat — 23:47 — Watching for updates…
/Users/openclaw/Downloads/MYCHEF . MASTER/control-tower/watcher.sh: line 77: ((: 08: value too great for base (error token is "08")
[2026-05-18T23:48:03+0800] 💓 Heartbeat — 23:48 — Watching for updates…
/Users/openclaw/Downloads/MYCHEF . MASTER/control-tower/watcher.sh: line 77: ((: 08: value too great for base (error token is "08")
[2026-05-18T23:49:04+0800] 💓 Heartbeat — 23:49 — Watching for updates…
/Users/openclaw/Downloads/MYCHEF . MASTER/control-tower/watcher.sh: line 77: ((: 09: value too great for base (error token is "09")
[2026-05-18T23:50:04+0800] 💓 Heartbeat — 23:50 — Watching for updates…
/Users/openclaw/Downloads/MYCHEF . MASTER/control-tower/watcher.sh: line 77: ((: 09: value too great for base (error token is "09")
[2026-05-18T23:51:04+0800] 💓 Heartbeat — 23:51 — Watching for updates…
/Users/openclaw/Downloads/MYCHEF . MASTER/control-tower/watcher.sh: line 77: ((: 09: value too great for base (error token is "09")
[2026-05-18T23:52:00+0800] 💓 Heartbeat — 23:52 — Watching for updates…
[2026-05-18T23:53:00+0800] 💓 Heartbeat — 23:53 — Watching for updates…
[2026-05-18T23:54:00+0800] 💓 Heartbeat — 23:54 — Watching for updates…
[2026-05-18T23:55:01+0800] 💓 Heartbeat — 23:55 — Watching for updates…
[2026-05-18T23:56:01+0800] 💓 Heartbeat — 23:56 — Watching for updates…
[2026-05-18T23:57:01+0800] 💓 Heartbeat — 23:57 — Watching for updates…
[2026-05-18T23:58:01+0800] 💓 Heartbeat — 23:58 — Watching for updates…
[2026-05-18T23:59:02+0800] 💓 Heartbeat — 23:59 — Watching for updates…
[2026-05-19T00:00:02+0800] 💓 Heartbeat — 00:00 — Watching for updates…
[2026-05-19T00:01:02+0800] 💓 Heartbeat — 00:01 — Watching for updates…
[2026-05-19T00:02:03+0800] 💓 Heartbeat — 00:02 — Watching for updates…
/Users/openclaw/Downloads/MYCHEF . MASTER/control-tower/watcher.sh: line 77: ((: 08: value too great for base (error token is "08")
[2026-05-19T00:03:03+0800] 💓 Heartbeat — 00:03 — Watching for updates…
/Users/openclaw/Downloads/MYCHEF . MASTER/control-tower/watcher.sh: line 77: ((: 08: value too great for base (error token is "08")
[2026-05-19T00:04:03+0800] 💓 Heartbeat — 00:04 — Watching for updates…
/Users/openclaw/Downloads/MYCHEF . MASTER/control-tower/watcher.sh: line 77: ((: 08: value too great for base (error token is "08")
[2026-05-19T00:05:03+0800] 💓 Heartbeat — 00:05 — Watching for updates…
/Users/openclaw/Downloads/MYCHEF . MASTER/control-tower/watcher.sh: line 77: ((: 08: value too great for base (error token is "08")
[2026-05-19T00:06:04+0800] 💓 Heartbeat — 00:06 — Watching for updates…
/Users/openclaw/Downloads/MYCHEF . MASTER/control-tower/watcher.sh: line 77: ((: 09: value too great for base (error token is "09")
[2026-05-19T00:07:04+0800] 💓 Heartbeat — 00:07 — Watching for updates…
/Users/openclaw/Downloads/MYCHEF . MASTER/control-tower/watcher.sh: line 77: ((: 09: value too great for base (error token is "09")
[2026-05-19T00:08:04+0800] 💓 Heartbeat — 00:08 — Watching for updates…
/Users/openclaw/Downloads/MYCHEF . MASTER/control-tower/watcher.sh: line 77: ((: 09: value too great for base (error token is "09")
[2026-05-19T00:09:00+0800] 💓 Heartbeat — 00:09 — Watching for updates…
[2026-05-19T00:10:00+0800] 💓 Heartbeat — 00:10 — Watching for updates…
[2026-05-19T00:11:00+0800] 💓 Heartbeat — 00:11 — Watching for updates…
[2026-05-19T00:12:01+0800] 💓 Heartbeat — 00:12 — Watching for updates…
[2026-05-19T00:13:01+0800] 💓 Heartbeat — 00:13 — Watching for updates…
[2026-05-19T00:14:01+0800] 💓 Heartbeat — 00:14 — Watching for updates…
[2026-05-19T00:15:02+0800] 💓 Heartbeat — 00:15 — Watching for updates…
[2026-05-19T00:16:02+0800] 💓 Heartbeat — 00:16 — Watching for updates…
[2026-05-19T00:17:02+0800] 💓 Heartbeat — 00:17 — Watching for updates…
[2026-05-19T00:18:02+0800] 💓 Heartbeat — 00:18 — Watching for updates…
[2026-05-19T00:19:03+0800] 💓 Heartbeat — 00:19 — Watching for updates…
/Users/openclaw/Downloads/MYCHEF . MASTER/control-tower/watcher.sh: line 77: ((: 08: value too great for base (error token is "08")
[2026-05-19T00:20:03+0800] 💓 Heartbeat — 00:20 — Watching for updates…
/Users/openclaw/Downloads/MYCHEF . MASTER/control-tower/watcher.sh: line 77: ((: 08: value too great for base (error token is "08")
[2026-05-19T00:21:03+0800] 💓 Heartbeat — 00:21 — Watching for updates…
/Users/openclaw/Downloads/MYCHEF . MASTER/control-tower/watcher.sh: line 77: ((: 08: value too great for base (error token is "08")
[2026-05-19T00:22:04+0800] 💓 Heartbeat — 00:22 — Watching for updates…
/Users/openclaw/Downloads/MYCHEF . MASTER/control-tower/watcher.sh: line 77: ((: 09: value too great for base (error token is "09")
[2026-05-19T00:23:04+0800] 💓 Heartbeat — 00:23 — Watching for updates…
/Users/openclaw/Downloads/MYCHEF . MASTER/control-tower/watcher.sh: line 77: ((: 09: value too great for base (error token is "09")
[2026-05-19T00:24:04+0800] 💓 Heartbeat — 00:24 — Watching for updates…
/Users/openclaw/Downloads/MYCHEF . MASTER/control-tower/watcher.sh: line 77: ((: 09: value too great for base (error token is "09")
[2026-05-19T00:25:04+0800] 💓 Heartbeat — 00:25 — Watching for updates…
/Users/openclaw/Downloads/MYCHEF . MASTER/control-tower/watcher.sh: line 77: ((: 09: value too great for base (error token is "09")
[2026-05-19T00:26:00+0800] 💓 Heartbeat — 00:26 — Watching for updates…
[2026-05-19T00:27:00+0800] 💓 Heartbeat — 00:27 — Watching for updates…
[2026-05-19T00:28:00+0800] 💓 Heartbeat — 00:28 — Watching for updates…
[2026-05-19T00:29:00+0800] 💓 Heartbeat — 00:29 — Watching for updates…
[2026-05-19T00:30:01+0800] 💓 Heartbeat — 00:30 — Watching for updates…
[2026-05-19T00:31:01+0800] 💓 Heartbeat — 00:31 — Watching for updates…
[2026-05-19T00:32:01+0800] 💓 Heartbeat — 00:32 — Watching for updates…
[2026-05-19T00:33:02+0800] 💓 Heartbeat — 00:33 — Watching for updates…
[2026-05-19T00:34:02+0800] 💓 Heartbeat — 00:34 — Watching for updates…
[2026-05-19T00:35:02+0800] 💓 Heartbeat — 00:35 — Watching for updates…
[2026-05-19T00:36:03+0800] 💓 Heartbeat — 00:36 — Watching for updates…
/Users/openclaw/Downloads/MYCHEF . MASTER/control-tower/watcher.sh: line 77: ((: 08: value too great for base (error token is "08")
[2026-05-19T00:37:03+0800] 💓 Heartbeat — 00:37 — Watching for updates…
/Users/openclaw/Downloads/MYCHEF . MASTER/control-tower/watcher.sh: line 77: ((: 08: value too great for base (error token is "08")
[2026-05-19T00:38:03+0800] 💓 Heartbeat — 00:38 — Watching for updates…
/Users/openclaw/Downloads/MYCHEF . MASTER/control-tower/watcher.sh: line 77: ((: 08: value too great for base (error token is "08")
[2026-05-19T00:39:03+0800] 💓 Heartbeat — 00:39 — Watching for updates…
/Users/openclaw/Downloads/MYCHEF . MASTER/control-tower/watcher.sh: line 77: ((: 08: value too great for base (error token is "08")
[2026-05-19T00:40:04+0800] 💓 Heartbeat — 00:40 — Watching for updates…
/Users/openclaw/Downloads/MYCHEF . MASTER/control-tower/watcher.sh: line 77: ((: 09: value too great for base (error token is "09")
[2026-05-19T00:41:04+0800] 💓 Heartbeat — 00:41 — Watching for updates…
/Users/openclaw/Downloads/MYCHEF . MASTER/control-tower/watcher.sh: line 77: ((: 09: value too great for base (error token is "09")
[2026-05-19T00:42:04+0800] 💓 Heartbeat — 00:42 — Watching for updates…
/Users/openclaw/Downloads/MYCHEF . MASTER/control-tower/watcher.sh: line 77: ((: 09: value too great for base (error token is "09")
[2026-05-19T00:43:00+0800] 💓 Heartbeat — 00:43 — Watching for updates…
[2026-05-19T00:44:00+0800] 💓 Heartbeat — 00:44 — Watching for updates…
[2026-05-19T00:45:00+0800] 💓 Heartbeat — 00:45 — Watching for updates…
[2026-05-19T00:46:00+0800] 💓 Heartbeat — 00:46 — Watching for updates…
[2026-05-19T00:47:01+0800] 💓 Heartbeat — 00:47 — Watching for updates…
[2026-05-19T00:48:01+0800] 💓 Heartbeat — 00:48 — Watching for updates…
[2026-05-19T00:49:01+0800] 💓 Heartbeat — 00:49 — Watching for updates…
[2026-05-19T00:50:02+0800] 💓 Heartbeat — 00:50 — Watching for updates…
[2026-05-19T00:51:02+0800] 💓 Heartbeat — 00:51 — Watching for updates…
[2026-05-19T00:52:02+0800] 💓 Heartbeat — 00:52 — Watching for updates…
[2026-05-19T00:53:02+0800] 💓 Heartbeat — 00:53 — Watching for updates…
[2026-05-19T00:54:03+0800] 💓 Heartbeat — 00:54 — Watching for updates…
/Users/openclaw/Downloads/MYCHEF . MASTER/control-tower/watcher.sh: line 77: ((: 08: value too great for base (error token is "08")
[2026-05-19T00:55:03+0800] 💓 Heartbeat — 00:55 — Watching for updates…
/Users/openclaw/Downloads/MYCHEF . MASTER/control-tower/watcher.sh: line 77: ((: 08: value too great for base (error token is "08")
[2026-05-19T00:56:03+0800] 💓 Heartbeat — 00:56 — Watching for updates…
/Users/openclaw/Downloads/MYCHEF . MASTER/control-tower/watcher.sh: line 77: ((: 08: value too great for base (error token is "08")
[2026-05-19T00:57:04+0800] 💓 Heartbeat — 00:57 — Watching for updates…
/Users/openclaw/Downloads/MYCHEF . MASTER/control-tower/watcher.sh: line 77: ((: 09: value too great for base (error token is "09")
[2026-05-19T00:58:04+0800] 💓 Heartbeat — 00:58 — Watching for updates…
/Users/openclaw/Downloads/MYCHEF . MASTER/control-tower/watcher.sh: line 77: ((: 09: value too great for base (error token is "09")
[2026-05-19T00:59:04+0800] 💓 Heartbeat — 00:59 — Watching for updates…
/Users/openclaw/Downloads/MYCHEF . MASTER/control-tower/watcher.sh: line 77: ((: 09: value too great for base (error token is "09")
[2026-05-19T01:00:04+0800] 💓 Heartbeat — 01:00 — Watching for updates…
/Users/openclaw/Downloads/MYCHEF . MASTER/control-tower/watcher.sh: line 77: ((: 09: value too great for base (error token is "09")
[2026-05-19T01:01:00+0800] 💓 Heartbeat — 01:01 — Watching for updates…
[2026-05-19T01:02:00+0800] 💓 Heartbeat — 01:02 — Watching for updates…
[2026-05-19T01:03:00+0800] 💓 Heartbeat — 01:03 — Watching for updates…
[2026-05-19T01:04:01+0800] 💓 Heartbeat — 01:04 — Watching for updates…
[2026-05-19T01:05:01+0800] 💓 Heartbeat — 01:05 — Watching for updates…
[2026-05-19T01:06:01+0800] 💓 Heartbeat — 01:06 — Watching for updates…
[2026-05-19T01:07:01+0800] 💓 Heartbeat — 01:07 — Watching for updates…
[2026-05-19T01:08:02+0800] 💓 Heartbeat — 01:08 — Watching for updates…
[2026-05-19T01:09:02+0800] 💓 Heartbeat — 01:09 — Watching for updates…
[2026-05-19T01:10:02+0800] 💓 Heartbeat — 01:10 — Watching for updates…
[2026-05-19T01:11:03+0800] 💓 Heartbeat — 01:11 — Watching for updates…
/Users/openclaw/Downloads/MYCHEF . MASTER/control-tower/watcher.sh: line 77: ((: 08: value too great for base (error token is "08")
[2026-05-19T01:12:03+0800] 💓 Heartbeat — 01:12 — Watching for updates…
/Users/openclaw/Downloads/MYCHEF . MASTER/control-tower/watcher.sh: line 77: ((: 08: value too great for base (error token is "08")
[2026-05-19T01:13:03+0800] 💓 Heartbeat — 01:13 — Watching for updates…
/Users/openclaw/Downloads/MYCHEF . MASTER/control-tower/watcher.sh: line 77: ((: 08: value too great for base (error token is "08")
[2026-05-19T01:14:03+0800] 💓 Heartbeat — 01:14 — Watching for updates…
/Users/openclaw/Downloads/MYCHEF . MASTER/control-tower/watcher.sh: line 77: ((: 08: value too great for base (error token is "08")
[2026-05-19T01:15:04+0800] 💓 Heartbeat — 01:15 — Watching for updates…
/Users/openclaw/Downloads/MYCHEF . MASTER/control-tower/watcher.sh: line 77: ((: 09: value too great for base (error token is "09")
[2026-05-19T01:16:04+0800] 💓 Heartbeat — 01:16 — Watching for updates…
/Users/openclaw/Downloads/MYCHEF . MASTER/control-tower/watcher.sh: line 77: ((: 09: value too great for base (error token is "09")
[2026-05-19T01:17:04+0800] 💓 Heartbeat — 01:17 — Watching for updates…
/Users/openclaw/Downloads/MYCHEF . MASTER/control-tower/watcher.sh: line 77: ((: 09: value too great for base (error token is "09")
[2026-05-19T01:18:05+0800] 💓 Heartbeat — 01:18 — Watching for updates…
[2026-05-19T01:19:00+0800] 💓 Heartbeat — 01:19 — Watching for updates…
[2026-05-19T01:20:00+0800] 💓 Heartbeat — 01:20 — Watching for updates…
[2026-05-19T01:21:00+0800] 💓 Heartbeat — 01:21 — Watching for updates…
[2026-05-19T01:22:01+0800] 💓 Heartbeat — 01:22 — Watching for updates…
[2026-05-19T01:23:01+0800] 💓 Heartbeat — 01:23 — Watching for updates…
[2026-05-19T01:24:01+0800] 💓 Heartbeat — 01:24 — Watching for updates…
[2026-05-19T01:25:01+0800] 💓 Heartbeat — 01:25 — Watching for updates…
[2026-05-19T01:26:02+0800] 💓 Heartbeat — 01:26 — Watching for updates…
[2026-05-19T01:27:02+0800] 💓 Heartbeat — 01:27 — Watching for updates…
[2026-05-19T01:28:02+0800] 💓 Heartbeat — 01:28 — Watching for updates…
[2026-05-19T01:29:03+0800] 💓 Heartbeat — 01:29 — Watching for updates…
/Users/openclaw/Downloads/MYCHEF . MASTER/control-tower/watcher.sh: line 77: ((: 08: value too great for base (error token is "08")
[2026-05-19T01:30:03+0800] 💓 Heartbeat — 01:30 — Watching for updates…
/Users/openclaw/Downloads/MYCHEF . MASTER/control-tower/watcher.sh: line 77: ((: 08: value too great for base (error token is "08")
[2026-05-19T01:31:03+0800] 💓 Heartbeat — 01:31 — Watching for updates…
/Users/openclaw/Downloads/MYCHEF . MASTER/control-tower/watcher.sh: line 77: ((: 08: value too great for base (error token is "08")
[2026-05-19T01:32:04+0800] 💓 Heartbeat — 01:32 — Watching for updates…
/Users/openclaw/Downloads/MYCHEF . MASTER/control-tower/watcher.sh: line 77: ((: 09: value too great for base (error token is "09")
[2026-05-19T01:33:04+0800] 💓 Heartbeat — 01:33 — Watching for updates…
/Users/openclaw/Downloads/MYCHEF . MASTER/control-tower/watcher.sh: line 77: ((: 09: value too great for base (error token is "09")
[2026-05-19T01:34:04+0800] 💓 Heartbeat — 01:34 — Watching for updates…
/Users/openclaw/Downloads/MYCHEF . MASTER/control-tower/watcher.sh: line 77: ((: 09: value too great for base (error token is "09")
[2026-05-19T01:35:04+0800] 💓 Heartbeat — 01:35 — Watching for updates…
/Users/openclaw/Downloads/MYCHEF . MASTER/control-tower/watcher.sh: line 77: ((: 09: value too great for base (error token is "09")
[2026-05-19T01:36:00+0800] 💓 Heartbeat — 01:36 — Watching for updates…
[2026-05-19T01:37:00+0800] 💓 Heartbeat — 01:37 — Watching for updates…
[2026-05-19T01:38:00+0800] 💓 Heartbeat — 01:38 — Watching for updates…
[2026-05-19T01:39:00+0800] 💓 Heartbeat — 01:39 — Watching for updates…
[2026-05-19T01:40:01+0800] 💓 Heartbeat — 01:40 — Watching for updates…
[2026-05-19T01:41:01+0800] 💓 Heartbeat — 01:41 — Watching for updates…
[2026-05-19T01:42:01+0800] 💓 Heartbeat — 01:42 — Watching for updates…
[2026-05-19T01:43:02+0800] 💓 Heartbeat — 01:43 — Watching for updates…
[2026-05-19T01:44:02+0800] 💓 Heartbeat — 01:44 — Watching for updates…
[2026-05-19T01:45:02+0800] 💓 Heartbeat — 01:45 — Watching for updates…
[2026-05-19T01:46:03+0800] 💓 Heartbeat — 01:46 — Watching for updates…
/Users/openclaw/Downloads/MYCHEF . MASTER/control-tower/watcher.sh: line 77: ((: 08: value too great for base (error token is "08")
[2026-05-19T01:47:03+0800] 💓 Heartbeat — 01:47 — Watching for updates…
/Users/openclaw/Downloads/MYCHEF . MASTER/control-tower/watcher.sh: line 77: ((: 08: value too great for base (error token is "08")
[2026-05-19T01:48:03+0800] 💓 Heartbeat — 01:48 — Watching for updates…
/Users/openclaw/Downloads/MYCHEF . MASTER/control-tower/watcher.sh: line 77: ((: 08: value too great for base (error token is "08")
[2026-05-19T01:49:04+0800] 💓 Heartbeat — 01:49 — Watching for updates…
/Users/openclaw/Downloads/MYCHEF . MASTER/control-tower/watcher.sh: line 77: ((: 09: value too great for base (error token is "09")
[2026-05-19T01:50:04+0800] 💓 Heartbeat — 01:50 — Watching for updates…
/Users/openclaw/Downloads/MYCHEF . MASTER/control-tower/watcher.sh: line 77: ((: 09: value too great for base (error token is "09")
[2026-05-19T01:51:04+0800] 💓 Heartbeat — 01:51 — Watching for updates…
/Users/openclaw/Downloads/MYCHEF . MASTER/control-tower/watcher.sh: line 77: ((: 09: value too great for base (error token is "09")
[2026-05-19T01:52:04+0800] 💓 Heartbeat — 01:52 — Watching for updates…
/Users/openclaw/Downloads/MYCHEF . MASTER/control-tower/watcher.sh: line 77: ((: 09: value too great for base (error token is "09")
[2026-05-19T01:53:00+0800] 💓 Heartbeat — 01:53 — Watching for updates…
[2026-05-19T01:54:00+0800] 💓 Heartbeat — 01:54 — Watching for updates…
[2026-05-19T01:55:00+0800] 💓 Heartbeat — 01:55 — Watching for updates…
[2026-05-19T01:56:00+0800] 💓 Heartbeat — 01:56 — Watching for updates…
[2026-05-19T01:57:01+0800] 💓 Heartbeat — 01:57 — Watching for updates…
[2026-05-19T01:58:01+0800] 💓 Heartbeat — 01:58 — Watching for updates…
[2026-05-19T01:59:01+0800] 💓 Heartbeat — 01:59 — Watching for updates…
[2026-05-19T02:00:02+0800] 💓 Heartbeat — 02:00 — Watching for updates…
[2026-05-19T02:01:02+0800] 💓 Heartbeat — 02:01 — Watching for updates…
[2026-05-19T02:02:02+0800] 💓 Heartbeat — 02:02 — Watching for updates…
[2026-05-19T02:03:02+0800] 💓 Heartbeat — 02:03 — Watching for updates…
[2026-05-19T02:04:03+0800] 💓 Heartbeat — 02:04 — Watching for updates…
/Users/openclaw/Downloads/MYCHEF . MASTER/control-tower/watcher.sh: line 77: ((: 08: value too great for base (error token is "08")
[2026-05-19T02:05:03+0800] 💓 Heartbeat — 02:05 — Watching for updates…
/Users/openclaw/Downloads/MYCHEF . MASTER/control-tower/watcher.sh: line 77: ((: 08: value too great for base (error token is "08")
[2026-05-19T02:06:03+0800] 💓 Heartbeat — 02:06 — Watching for updates…
/Users/openclaw/Downloads/MYCHEF . MASTER/control-tower/watcher.sh: line 77: ((: 08: value too great for base (error token is "08")
[2026-05-19T02:07:03+0800] 💓 Heartbeat — 02:07 — Watching for updates…
/Users/openclaw/Downloads/MYCHEF . MASTER/control-tower/watcher.sh: line 77: ((: 08: value too great for base (error token is "08")
[2026-05-19T02:08:04+0800] 💓 Heartbeat — 02:08 — Watching for updates…
/Users/openclaw/Downloads/MYCHEF . MASTER/control-tower/watcher.sh: line 77: ((: 09: value too great for base (error token is "09")
[2026-05-19T02:09:04+0800] 💓 Heartbeat — 02:09 — Watching for updates…
/Users/openclaw/Downloads/MYCHEF . MASTER/control-tower/watcher.sh: line 77: ((: 09: value too great for base (error token is "09")
[2026-05-19T02:10:04+0800] 💓 Heartbeat — 02:10 — Watching for updates…
/Users/openclaw/Downloads/MYCHEF . MASTER/control-tower/watcher.sh: line 77: ((: 09: value too great for base (error token is "09")
[2026-05-19T02:11:04+0800] 💓 Heartbeat — 02:11 — Watching for updates…
/Users/openclaw/Downloads/MYCHEF . MASTER/control-tower/watcher.sh: line 77: ((: 09: value too great for base (error token is "09")
[2026-05-19T02:12:00+0800] 💓 Heartbeat — 02:12 — Watching for updates…
[2026-05-19T02:13:00+0800] 💓 Heartbeat — 02:13 — Watching for updates…
[2026-05-19T02:14:00+0800] 💓 Heartbeat — 02:14 — Watching for updates…
[2026-05-19T02:15:00+0800] 💓 Heartbeat — 02:15 — Watching for updates…
[2026-05-19T02:16:01+0800] 💓 Heartbeat — 02:16 — Watching for updates…
[2026-05-19T02:17:01+0800] 💓 Heartbeat — 02:17 — Watching for updates…
[2026-05-19T02:18:01+0800] 💓 Heartbeat — 02:18 — Watching for updates…
[2026-05-19T02:19:02+0800] 💓 Heartbeat — 02:19 — Watching for updates…
[2026-05-19T02:20:02+0800] 💓 Heartbeat — 02:20 — Watching for updates…
[2026-05-19T02:21:02+0800] 💓 Heartbeat — 02:21 — Watching for updates…
[2026-05-19T02:22:02+0800] 💓 Heartbeat — 02:22 — Watching for updates…
[2026-05-19T02:23:03+0800] 💓 Heartbeat — 02:23 — Watching for updates…
/Users/openclaw/Downloads/MYCHEF . MASTER/control-tower/watcher.sh: line 77: ((: 08: value too great for base (error token is "08")
[2026-05-19T02:24:03+0800] 💓 Heartbeat — 02:24 — Watching for updates…
/Users/openclaw/Downloads/MYCHEF . MASTER/control-tower/watcher.sh: line 77: ((: 08: value too great for base (error token is "08")
[2026-05-19T02:25:03+0800] 💓 Heartbeat — 02:25 — Watching for updates…
/Users/openclaw/Downloads/MYCHEF . MASTER/control-tower/watcher.sh: line 77: ((: 08: value too great for base (error token is "08")
[2026-05-19T02:26:04+0800] 💓 Heartbeat — 02:26 — Watching for updates…
/Users/openclaw/Downloads/MYCHEF . MASTER/control-tower/watcher.sh: line 77: ((: 09: value too great for base (error token is "09")
[2026-05-19T02:27:04+0800] 💓 Heartbeat — 02:27 — Watching for updates…
/Users/openclaw/Downloads/MYCHEF . MASTER/control-tower/watcher.sh: line 77: ((: 09: value too great for base (error token is "09")
[2026-05-19T02:28:04+0800] 💓 Heartbeat — 02:28 — Watching for updates…
/Users/openclaw/Downloads/MYCHEF . MASTER/control-tower/watcher.sh: line 77: ((: 09: value too great for base (error token is "09")
[2026-05-19T02:29:04+0800] 💓 Heartbeat — 02:29 — Watching for updates…
/Users/openclaw/Downloads/MYCHEF . MASTER/control-tower/watcher.sh: line 77: ((: 09: value too great for base (error token is "09")
[2026-05-19T02:30:00+0800] 💓 Heartbeat — 02:30 — Watching for updates…
[2026-05-19T02:31:00+0800] 💓 Heartbeat — 02:31 — Watching for updates…
[2026-05-19T02:32:00+0800] 💓 Heartbeat — 02:32 — Watching for updates…
[2026-05-19T02:33:00+0800] 💓 Heartbeat — 02:33 — Watching for updates…
[2026-05-19T02:34:01+0800] 💓 Heartbeat — 02:34 — Watching for updates…
[2026-05-19T02:35:01+0800] 💓 Heartbeat — 02:35 — Watching for updates…
[2026-05-19T02:36:01+0800] 💓 Heartbeat — 02:36 — Watching for updates…
[2026-05-19T02:37:02+0800] 💓 Heartbeat — 02:37 — Watching for updates…
[2026-05-19T02:38:02+0800] 💓 Heartbeat — 02:38 — Watching for updates…
[2026-05-19T02:39:02+0800] 💓 Heartbeat — 02:39 — Watching for updates…
[2026-05-19T02:40:02+0800] 💓 Heartbeat — 02:40 — Watching for updates…
[2026-05-19T02:41:03+0800] 💓 Heartbeat — 02:41 — Watching for updates…
/Users/openclaw/Downloads/MYCHEF . MASTER/control-tower/watcher.sh: line 77: ((: 08: value too great for base (error token is "08")
[2026-05-19T02:42:03+0800] 💓 Heartbeat — 02:42 — Watching for updates…
/Users/openclaw/Downloads/MYCHEF . MASTER/control-tower/watcher.sh: line 77: ((: 08: value too great for base (error token is "08")
[2026-05-19T02:43:03+0800] 💓 Heartbeat — 02:43 — Watching for updates…
/Users/openclaw/Downloads/MYCHEF . MASTER/control-tower/watcher.sh: line 77: ((: 08: value too great for base (error token is "08")
[2026-05-19T02:44:03+0800] 💓 Heartbeat — 02:44 — Watching for updates…
/Users/openclaw/Downloads/MYCHEF . MASTER/control-tower/watcher.sh: line 77: ((: 08: value too great for base (error token is "08")
[2026-05-19T02:45:04+0800] 💓 Heartbeat — 02:45 — Watching for updates…
/Users/openclaw/Downloads/MYCHEF . MASTER/control-tower/watcher.sh: line 77: ((: 09: value too great for base (error token is "09")
[2026-05-19T02:46:04+0800] 💓 Heartbeat — 02:46 — Watching for updates…
/Users/openclaw/Downloads/MYCHEF . MASTER/control-tower/watcher.sh: line 77: ((: 09: value too great for base (error token is "09")
[2026-05-19T02:47:04+0800] 💓 Heartbeat — 02:47 — Watching for updates…
/Users/openclaw/Downloads/MYCHEF . MASTER/control-tower/watcher.sh: line 77: ((: 09: value too great for base (error token is "09")
[2026-05-19T02:48:05+0800] 💓 Heartbeat — 02:48 — Watching for updates…
[2026-05-19T02:49:00+0800] 💓 Heartbeat — 02:49 — Watching for updates…
[2026-05-19T02:50:00+0800] 💓 Heartbeat — 02:50 — Watching for updates…
[2026-05-19T02:51:00+0800] 💓 Heartbeat — 02:51 — Watching for updates…
[2026-05-19T02:52:01+0800] 💓 Heartbeat — 02:52 — Watching for updates…
[2026-05-19T02:53:01+0800] 💓 Heartbeat — 02:53 — Watching for updates…
[2026-05-19T02:54:01+0800] 💓 Heartbeat — 02:54 — Watching for updates…
[2026-05-19T02:55:02+0800] 💓 Heartbeat — 02:55 — Watching for updates…
[2026-05-19T02:56:02+0800] 💓 Heartbeat — 02:56 — Watching for updates…
[2026-05-19T02:57:02+0800] 💓 Heartbeat — 02:57 — Watching for updates…
[2026-05-19T02:58:02+0800] 💓 Heartbeat — 02:58 — Watching for updates…
[2026-05-19T02:59:03+0800] 💓 Heartbeat — 02:59 — Watching for updates…
/Users/openclaw/Downloads/MYCHEF . MASTER/control-tower/watcher.sh: line 77: ((: 08: value too great for base (error token is "08")
[2026-05-19T03:00:03+0800] 💓 Heartbeat — 03:00 — Watching for updates…
/Users/openclaw/Downloads/MYCHEF . MASTER/control-tower/watcher.sh: line 77: ((: 08: value too great for base (error token is "08")
[2026-05-19T03:01:03+0800] 💓 Heartbeat — 03:01 — Watching for updates…
/Users/openclaw/Downloads/MYCHEF . MASTER/control-tower/watcher.sh: line 77: ((: 08: value too great for base (error token is "08")
[2026-05-19T03:02:03+0800] 💓 Heartbeat — 03:02 — Watching for updates…
/Users/openclaw/Downloads/MYCHEF . MASTER/control-tower/watcher.sh: line 77: ((: 08: value too great for base (error token is "08")
[2026-05-19T03:03:04+0800] 💓 Heartbeat — 03:03 — Watching for updates…
/Users/openclaw/Downloads/MYCHEF . MASTER/control-tower/watcher.sh: line 77: ((: 09: value too great for base (error token is "09")
[2026-05-19T03:04:04+0800] 💓 Heartbeat — 03:04 — Watching for updates…
/Users/openclaw/Downloads/MYCHEF . MASTER/control-tower/watcher.sh: line 77: ((: 09: value too great for base (error token is "09")
[2026-05-19T03:05:04+0800] 💓 Heartbeat — 03:05 — Watching for updates…
/Users/openclaw/Downloads/MYCHEF . MASTER/control-tower/watcher.sh: line 77: ((: 09: value too great for base (error token is "09")
[2026-05-19T03:06:04+0800] 💓 Heartbeat — 03:06 — Watching for updates…
/Users/openclaw/Downloads/MYCHEF . MASTER/control-tower/watcher.sh: line 77: ((: 09: value too great for base (error token is "09")
[2026-05-19T03:07:00+0800] 💓 Heartbeat — 03:07 — Watching for updates…
[2026-05-19T03:08:00+0800] 💓 Heartbeat — 03:08 — Watching for updates…
[2026-05-19T03:09:00+0800] 💓 Heartbeat — 03:09 — Watching for updates…
[2026-05-19T03:10:01+0800] 💓 Heartbeat — 03:10 — Watching for updates…
[2026-05-19T03:11:01+0800] 💓 Heartbeat — 03:11 — Watching for updates…
[2026-05-19T03:12:01+0800] 💓 Heartbeat — 03:12 — Watching for updates…
[2026-05-19T03:13:01+0800] 💓 Heartbeat — 03:13 — Watching for updates…
[2026-05-19T03:14:02+0800] 💓 Heartbeat — 03:14 — Watching for updates…
[2026-05-19T03:15:02+0800] 💓 Heartbeat — 03:15 — Watching for updates…
[2026-05-19T03:16:02+0800] 💓 Heartbeat — 03:16 — Watching for updates…
[2026-05-19T03:17:02+0800] 💓 Heartbeat — 03:17 — Watching for updates…
[2026-05-19T03:18:03+0800] 💓 Heartbeat — 03:18 — Watching for updates…
/Users/openclaw/Downloads/MYCHEF . MASTER/control-tower/watcher.sh: line 77: ((: 08: value too great for base (error token is "08")
[2026-05-19T03:19:03+0800] 💓 Heartbeat — 03:19 — Watching for updates…
/Users/openclaw/Downloads/MYCHEF . MASTER/control-tower/watcher.sh: line 77: ((: 08: value too great for base (error token is "08")
[2026-05-19T03:20:03+0800] 💓 Heartbeat — 03:20 — Watching for updates…
/Users/openclaw/Downloads/MYCHEF . MASTER/control-tower/watcher.sh: line 77: ((: 08: value too great for base (error token is "08")
[2026-05-19T03:21:04+0800] 💓 Heartbeat — 03:21 — Watching for updates…
/Users/openclaw/Downloads/MYCHEF . MASTER/control-tower/watcher.sh: line 77: ((: 09: value too great for base (error token is "09")
[2026-05-19T03:22:04+0800] 💓 Heartbeat — 03:22 — Watching for updates…
/Users/openclaw/Downloads/MYCHEF . MASTER/control-tower/watcher.sh: line 77: ((: 09: value too great for base (error token is "09")
[2026-05-19T03:23:04+0800] 💓 Heartbeat — 03:23 — Watching for updates…
/Users/openclaw/Downloads/MYCHEF . MASTER/control-tower/watcher.sh: line 77: ((: 09: value too great for base (error token is "09")
[2026-05-19T03:24:04+0800] 💓 Heartbeat — 03:24 — Watching for updates…
/Users/openclaw/Downloads/MYCHEF . MASTER/control-tower/watcher.sh: line 77: ((: 09: value too great for base (error token is "09")
[2026-05-19T03:25:00+0800] 💓 Heartbeat — 03:25 — Watching for updates…
[2026-05-19T03:26:00+0800] 💓 Heartbeat — 03:26 — Watching for updates…
[2026-05-19T03:27:00+0800] 💓 Heartbeat — 03:27 — Watching for updates…
[2026-05-19T03:28:01+0800] 💓 Heartbeat — 03:28 — Watching for updates…
[2026-05-19T03:29:01+0800] 💓 Heartbeat — 03:29 — Watching for updates…
[2026-05-19T03:30:01+0800] 💓 Heartbeat — 03:30 — Watching for updates…
[2026-05-19T03:31:01+0800] 💓 Heartbeat — 03:31 — Watching for updates…
[2026-05-19T03:32:02+0800] 💓 Heartbeat — 03:32 — Watching for updates…
[2026-05-19T03:33:02+0800] 💓 Heartbeat — 03:33 — Watching for updates…
[2026-05-19T03:34:02+0800] 💓 Heartbeat — 03:34 — Watching for updates…
[2026-05-19T03:35:02+0800] 💓 Heartbeat — 03:35 — Watching for updates…
[2026-05-19T03:36:03+0800] 💓 Heartbeat — 03:36 — Watching for updates…
/Users/openclaw/Downloads/MYCHEF . MASTER/control-tower/watcher.sh: line 77: ((: 08: value too great for base (error token is "08")
[2026-05-19T03:37:03+0800] 💓 Heartbeat — 03:37 — Watching for updates…
/Users/openclaw/Downloads/MYCHEF . MASTER/control-tower/watcher.sh: line 77: ((: 08: value too great for base (error token is "08")
[2026-05-19T03:38:03+0800] 💓 Heartbeat — 03:38 — Watching for updates…
/Users/openclaw/Downloads/MYCHEF . MASTER/control-tower/watcher.sh: line 77: ((: 08: value too great for base (error token is "08")
[2026-05-19T03:39:03+0800] 💓 Heartbeat — 03:39 — Watching for updates…
/Users/openclaw/Downloads/MYCHEF . MASTER/control-tower/watcher.sh: line 77: ((: 09: value too great for base (error token is "09")
[2026-05-19T03:40:04+0800] 💓 Heartbeat — 03:40 — Watching for updates…
/Users/openclaw/Downloads/MYCHEF . MASTER/control-tower/watcher.sh: line 77: ((: 09: value too great for base (error token is "09")
[2026-05-19T03:41:04+0800] 💓 Heartbeat — 03:41 — Watching for updates…
/Users/openclaw/Downloads/MYCHEF . MASTER/control-tower/watcher.sh: line 77: ((: 09: value too great for base (error token is "09")
[2026-05-19T03:42:04+0800] 💓 Heartbeat — 03:42 — Watching for updates…
/Users/openclaw/Downloads/MYCHEF . MASTER/control-tower/watcher.sh: line 77: ((: 09: value too great for base (error token is "09")
[2026-05-19T03:43:00+0800] 💓 Heartbeat — 03:43 — Watching for updates…
[2026-05-19T03:44:00+0800] 💓 Heartbeat — 03:44 — Watching for updates…
[2026-05-19T03:45:00+0800] 💓 Heartbeat — 03:45 — Watching for updates…
[2026-05-19T03:46:00+0800] 💓 Heartbeat — 03:46 — Watching for updates…
[2026-05-19T03:47:01+0800] 💓 Heartbeat — 03:47 — Watching for updates…
[2026-05-19T03:48:01+0800] 💓 Heartbeat — 03:48 — Watching for updates…
[2026-05-19T03:49:01+0800] 💓 Heartbeat — 03:49 — Watching for updates…
[2026-05-19T03:50:02+0800] 💓 Heartbeat — 03:50 — Watching for updates…
[2026-05-19T03:51:02+0800] 💓 Heartbeat — 03:51 — Watching for updates…
[2026-05-19T03:52:02+0800] 💓 Heartbeat — 03:52 — Watching for updates…
[2026-05-19T03:53:02+0800] 💓 Heartbeat — 03:53 — Watching for updates…
[2026-05-19T03:54:03+0800] 💓 Heartbeat — 03:54 — Watching for updates…
/Users/openclaw/Downloads/MYCHEF . MASTER/control-tower/watcher.sh: line 77: ((: 08: value too great for base (error token is "08")
[2026-05-19T03:55:03+0800] 💓 Heartbeat — 03:55 — Watching for updates…
/Users/openclaw/Downloads/MYCHEF . MASTER/control-tower/watcher.sh: line 77: ((: 08: value too great for base (error token is "08")
[2026-05-19T03:56:03+0800] 💓 Heartbeat — 03:56 — Watching for updates…
/Users/openclaw/Downloads/MYCHEF . MASTER/control-tower/watcher.sh: line 77: ((: 08: value too great for base (error token is "08")
[2026-05-19T03:57:04+0800] 💓 Heartbeat — 03:57 — Watching for updates…
/Users/openclaw/Downloads/MYCHEF . MASTER/control-tower/watcher.sh: line 77: ((: 09: value too great for base (error token is "09")
[2026-05-19T03:58:04+0800] 💓 Heartbeat — 03:58 — Watching for updates…
/Users/openclaw/Downloads/MYCHEF . MASTER/control-tower/watcher.sh: line 77: ((: 09: value too great for base (error token is "09")
[2026-05-19T03:59:04+0800] 💓 Heartbeat — 03:59 — Watching for updates…
/Users/openclaw/Downloads/MYCHEF . MASTER/control-tower/watcher.sh: line 77: ((: 09: value too great for base (error token is "09")
[2026-05-19T04:00:04+0800] 💓 Heartbeat — 04:00 — Watching for updates…
/Users/openclaw/Downloads/MYCHEF . MASTER/control-tower/watcher.sh: line 77: ((: 09: value too great for base (error token is "09")
[2026-05-19T04:01:00+0800] 💓 Heartbeat — 04:01 — Watching for updates…
[2026-05-19T04:02:00+0800] 💓 Heartbeat — 04:02 — Watching for updates…
[2026-05-19T04:03:00+0800] 💓 Heartbeat — 04:03 — Watching for updates…
[2026-05-19T04:04:00+0800] 💓 Heartbeat — 04:04 — Watching for updates…
[2026-05-19T04:05:01+0800] 💓 Heartbeat — 04:05 — Watching for updates…
[2026-05-19T04:06:01+0800] 💓 Heartbeat — 04:06 — Watching for updates…
[2026-05-19T04:07:01+0800] 💓 Heartbeat — 04:07 — Watching for updates…
[2026-05-19T04:08:01+0800] 💓 Heartbeat — 04:08 — Watching for updates…
[2026-05-19T04:09:02+0800] 💓 Heartbeat — 04:09 — Watching for updates…
[2026-05-19T04:10:02+0800] 💓 Heartbeat — 04:10 — Watching for updates…
[2026-05-19T04:11:02+0800] 💓 Heartbeat — 04:11 — Watching for updates…
[2026-05-19T04:12:03+0800] 💓 Heartbeat — 04:12 — Watching for updates…
/Users/openclaw/Downloads/MYCHEF . MASTER/control-tower/watcher.sh: line 77: ((: 08: value too great for base (error token is "08")
[2026-05-19T04:13:03+0800] 💓 Heartbeat — 04:13 — Watching for updates…
/Users/openclaw/Downloads/MYCHEF . MASTER/control-tower/watcher.sh: line 77: ((: 08: value too great for base (error token is "08")
[2026-05-19T04:14:03+0800] 💓 Heartbeat — 04:14 — Watching for updates…
/Users/openclaw/Downloads/MYCHEF . MASTER/control-tower/watcher.sh: line 77: ((: 08: value too great for base (error token is "08")
[2026-05-19T04:15:04+0800] 💓 Heartbeat — 04:15 — Watching for updates…
/Users/openclaw/Downloads/MYCHEF . MASTER/control-tower/watcher.sh: line 77: ((: 09: value too great for base (error token is "09")
[2026-05-19T04:16:04+0800] 💓 Heartbeat — 04:16 — Watching for updates…
/Users/openclaw/Downloads/MYCHEF . MASTER/control-tower/watcher.sh: line 77: ((: 09: value too great for base (error token is "09")
[2026-05-19T04:17:04+0800] 💓 Heartbeat — 04:17 — Watching for updates…
/Users/openclaw/Downloads/MYCHEF . MASTER/control-tower/watcher.sh: line 77: ((: 09: value too great for base (error token is "09")
[2026-05-19T04:18:04+0800] 💓 Heartbeat — 04:18 — Watching for updates…
/Users/openclaw/Downloads/MYCHEF . MASTER/control-tower/watcher.sh: line 77: ((: 09: value too great for base (error token is "09")
[2026-05-19T04:19:00+0800] 💓 Heartbeat — 04:19 — Watching for updates…
[2026-05-19T04:20:00+0800] 💓 Heartbeat — 04:20 — Watching for updates…
[2026-05-19T04:21:00+0800] 💓 Heartbeat — 04:21 — Watching for updates…
[2026-05-19T04:22:00+0800] 💓 Heartbeat — 04:22 — Watching for updates…
[2026-05-19T04:23:01+0800] 💓 Heartbeat — 04:23 — Watching for updates…
[2026-05-19T04:24:01+0800] 💓 Heartbeat — 04:24 — Watching for updates…
[2026-05-19T04:25:02+0800] 💓 Heartbeat — 04:25 — Watching for updates…
[2026-05-19T04:26:02+0800] 💓 Heartbeat — 04:26 — Watching for updates…
[2026-05-19T04:27:03+0800] 💓 Heartbeat — 04:27 — Watching for updates…
/Users/openclaw/Downloads/MYCHEF . MASTER/control-tower/watcher.sh: line 77: ((: 08: value too great for base (error token is "08")
[2026-05-19T04:28:03+0800] 💓 Heartbeat — 04:28 — Watching for updates…
/Users/openclaw/Downloads/MYCHEF . MASTER/control-tower/watcher.sh: line 77: ((: 08: value too great for base (error token is "08")
[2026-05-19T04:29:03+0800] 💓 Heartbeat — 04:29 — Watching for updates…
/Users/openclaw/Downloads/MYCHEF . MASTER/control-tower/watcher.sh: line 77: ((: 08: value too great for base (error token is "08")
[2026-05-19T04:30:03+0800] 💓 Heartbeat — 04:30 — Watching for updates…
/Users/openclaw/Downloads/MYCHEF . MASTER/control-tower/watcher.sh: line 77: ((: 08: value too great for base (error token is "08")
[2026-05-19T04:31:04+0800] 💓 Heartbeat — 04:31 — Watching for updates…
/Users/openclaw/Downloads/MYCHEF . MASTER/control-tower/watcher.sh: line 77: ((: 09: value too great for base (error token is "09")
[2026-05-19T04:32:04+0800] 💓 Heartbeat — 04:32 — Watching for updates…
/Users/openclaw/Downloads/MYCHEF . MASTER/control-tower/watcher.sh: line 77: ((: 09: value too great for base (error token is "09")
[2026-05-19T04:33:04+0800] 💓 Heartbeat — 04:33 — Watching for updates…
/Users/openclaw/Downloads/MYCHEF . MASTER/control-tower/watcher.sh: line 77: ((: 09: value too great for base (error token is "09")
[2026-05-19T04:34:00+0800] 💓 Heartbeat — 04:34 — Watching for updates…
[2026-05-19T04:35:00+0800] 💓 Heartbeat — 04:35 — Watching for updates…
[2026-05-19T04:36:00+0800] 💓 Heartbeat — 04:36 — Watching for updates…
[2026-05-19T04:37:00+0800] 💓 Heartbeat — 04:37 — Watching for updates…
[2026-05-19T04:38:01+0800] 💓 Heartbeat — 04:38 — Watching for updates…
[2026-05-19T04:39:01+0800] 💓 Heartbeat — 04:39 — Watching for updates…
[2026-05-19T04:40:01+0800] 💓 Heartbeat — 04:40 — Watching for updates…
[2026-05-19T04:41:02+0800] 💓 Heartbeat — 04:41 — Watching for updates…
[2026-05-19T04:42:02+0800] 💓 Heartbeat — 04:42 — Watching for updates…
[2026-05-19T04:43:02+0800] 💓 Heartbeat — 04:43 — Watching for updates…
[2026-05-19T04:44:02+0800] 💓 Heartbeat — 04:44 — Watching for updates…
[2026-05-19T04:45:03+0800] 💓 Heartbeat — 04:45 — Watching for updates…
/Users/openclaw/Downloads/MYCHEF . MASTER/control-tower/watcher.sh: line 77: ((: 08: value too great for base (error token is "08")
[2026-05-19T04:46:03+0800] 💓 Heartbeat — 04:46 — Watching for updates…
/Users/openclaw/Downloads/MYCHEF . MASTER/control-tower/watcher.sh: line 77: ((: 08: value too great for base (error token is "08")
[2026-05-19T04:47:03+0800] 💓 Heartbeat — 04:47 — Watching for updates…
/Users/openclaw/Downloads/MYCHEF . MASTER/control-tower/watcher.sh: line 77: ((: 08: value too great for base (error token is "08")
[2026-05-19T04:48:04+0800] 💓 Heartbeat — 04:48 — Watching for updates…
/Users/openclaw/Downloads/MYCHEF . MASTER/control-tower/watcher.sh: line 77: ((: 09: value too great for base (error token is "09")
[2026-05-19T04:49:04+0800] 💓 Heartbeat — 04:49 — Watching for updates…
/Users/openclaw/Downloads/MYCHEF . MASTER/control-tower/watcher.sh: line 77: ((: 09: value too great for base (error token is "09")
[2026-05-19T04:50:04+0800] 💓 Heartbeat — 04:50 — Watching for updates…
/Users/openclaw/Downloads/MYCHEF . MASTER/control-tower/watcher.sh: line 77: ((: 09: value too great for base (error token is "09")
[2026-05-19T04:51:04+0800] 💓 Heartbeat — 04:51 — Watching for updates…
/Users/openclaw/Downloads/MYCHEF . MASTER/control-tower/watcher.sh: line 77: ((: 09: value too great for base (error token is "09")
[2026-05-19T04:52:00+0800] 💓 Heartbeat — 04:52 — Watching for updates…
[2026-05-19T04:53:02+0800] 💓 Heartbeat — 04:53 — Watching for updates…
[2026-05-19T04:54:02+0800] 💓 Heartbeat — 04:54 — Watching for updates…
[2026-05-19T04:55:03+0800] 💓 Heartbeat — 04:55 — Watching for updates…
/Users/openclaw/Downloads/MYCHEF . MASTER/control-tower/watcher.sh: line 77: ((: 08: value too great for base (error token is "08")
[2026-05-19T04:56:03+0800] 💓 Heartbeat — 04:56 — Watching for updates…
/Users/openclaw/Downloads/MYCHEF . MASTER/control-tower/watcher.sh: line 77: ((: 08: value too great for base (error token is "08")
[2026-05-19T04:57:03+0800] 💓 Heartbeat — 04:57 — Watching for updates…
/Users/openclaw/Downloads/MYCHEF . MASTER/control-tower/watcher.sh: line 77: ((: 08: value too great for base (error token is "08")
[2026-05-19T04:58:03+0800] 💓 Heartbeat — 04:58 — Watching for updates…
/Users/openclaw/Downloads/MYCHEF . MASTER/control-tower/watcher.sh: line 77: ((: 08: value too great for base (error token is "08")
[2026-05-19T04:59:04+0800] 💓 Heartbeat — 04:59 — Watching for updates…
/Users/openclaw/Downloads/MYCHEF . MASTER/control-tower/watcher.sh: line 77: ((: 09: value too great for base (error token is "09")
[2026-05-19T05:00:04+0800] 💓 Heartbeat — 05:00 — Watching for updates…
/Users/openclaw/Downloads/MYCHEF . MASTER/control-tower/watcher.sh: line 77: ((: 09: value too great for base (error token is "09")
[2026-05-19T05:01:04+0800] 💓 Heartbeat — 05:01 — Watching for updates…
/Users/openclaw/Downloads/MYCHEF . MASTER/control-tower/watcher.sh: line 77: ((: 09: value too great for base (error token is "09")
[2026-05-19T05:02:00+0800] 💓 Heartbeat — 05:02 — Watching for updates…
[2026-05-19T05:03:00+0800] 💓 Heartbeat — 05:03 — Watching for updates…
[2026-05-19T05:04:00+0800] 💓 Heartbeat — 05:04 — Watching for updates…
[2026-05-19T05:05:01+0800] 💓 Heartbeat — 05:05 — Watching for updates…
[2026-05-19T05:06:01+0800] 💓 Heartbeat — 05:06 — Watching for updates…
[2026-05-19T05:07:01+0800] 💓 Heartbeat — 05:07 — Watching for updates…
[2026-05-19T05:08:01+0800] 💓 Heartbeat — 05:08 — Watching for updates…
[2026-05-19T05:09:02+0800] 💓 Heartbeat — 05:09 — Watching for updates…
[2026-05-19T05:10:02+0800] 💓 Heartbeat — 05:10 — Watching for updates…
[2026-05-19T05:11:02+0800] 💓 Heartbeat — 05:11 — Watching for updates…
[2026-05-19T05:12:03+0800] 💓 Heartbeat — 05:12 — Watching for updates…
/Users/openclaw/Downloads/MYCHEF . MASTER/control-tower/watcher.sh: line 77: ((: 08: value too great for base (error token is "08")
[2026-05-19T05:13:03+0800] 💓 Heartbeat — 05:13 — Watching for updates…
/Users/openclaw/Downloads/MYCHEF . MASTER/control-tower/watcher.sh: line 77: ((: 08: value too great for base (error token is "08")
[2026-05-19T05:14:03+0800] 💓 Heartbeat — 05:14 — Watching for updates…
/Users/openclaw/Downloads/MYCHEF . MASTER/control-tower/watcher.sh: line 77: ((: 08: value too great for base (error token is "08")
[2026-05-19T05:15:04+0800] 💓 Heartbeat — 05:15 — Watching for updates…
/Users/openclaw/Downloads/MYCHEF . MASTER/control-tower/watcher.sh: line 77: ((: 09: value too great for base (error token is "09")
[2026-05-19T05:16:04+0800] 💓 Heartbeat — 05:16 — Watching for updates…
/Users/openclaw/Downloads/MYCHEF . MASTER/control-tower/watcher.sh: line 77: ((: 09: value too great for base (error token is "09")
[2026-05-19T05:17:04+0800] 💓 Heartbeat — 05:17 — Watching for updates…
/Users/openclaw/Downloads/MYCHEF . MASTER/control-tower/watcher.sh: line 77: ((: 09: value too great for base (error token is "09")
[2026-05-19T05:18:00+0800] 💓 Heartbeat — 05:18 — Watching for updates…
[2026-05-19T05:19:00+0800] 💓 Heartbeat — 05:19 — Watching for updates…
[2026-05-19T05:20:00+0800] 💓 Heartbeat — 05:20 — Watching for updates…
[2026-05-19T05:21:01+0800] 💓 Heartbeat — 05:21 — Watching for updates…
[2026-05-19T05:22:01+0800] 💓 Heartbeat — 05:22 — Watching for updates…
[2026-05-19T05:23:01+0800] 💓 Heartbeat — 05:23 — Watching for updates…
[2026-05-19T05:24:02+0800] 💓 Heartbeat — 05:24 — Watching for updates…
[2026-05-19T05:25:02+0800] 💓 Heartbeat — 05:25 — Watching for updates…
[2026-05-19T05:26:02+0800] 💓 Heartbeat — 05:26 — Watching for updates…
[2026-05-19T05:27:03+0800] 💓 Heartbeat — 05:27 — Watching for updates…
/Users/openclaw/Downloads/MYCHEF . MASTER/control-tower/watcher.sh: line 77: ((: 08: value too great for base (error token is "08")
[2026-05-19T05:28:03+0800] 💓 Heartbeat — 05:28 — Watching for updates…
/Users/openclaw/Downloads/MYCHEF . MASTER/control-tower/watcher.sh: line 77: ((: 08: value too great for base (error token is "08")
[2026-05-19T05:29:03+0800] 💓 Heartbeat — 05:29 — Watching for updates…
/Users/openclaw/Downloads/MYCHEF . MASTER/control-tower/watcher.sh: line 77: ((: 09: value too great for base (error token is "09")
[2026-05-19T05:30:04+0800] 💓 Heartbeat — 05:30 — Watching for updates…
/Users/openclaw/Downloads/MYCHEF . MASTER/control-tower/watcher.sh: line 77: ((: 09: value too great for base (error token is "09")
[2026-05-19T05:31:04+0800] 💓 Heartbeat — 05:31 — Watching for updates…
/Users/openclaw/Downloads/MYCHEF . MASTER/control-tower/watcher.sh: line 77: ((: 09: value too great for base (error token is "09")
[2026-05-19T05:32:04+0800] 💓 Heartbeat — 05:32 — Watching for updates…
/Users/openclaw/Downloads/MYCHEF . MASTER/control-tower/watcher.sh: line 77: ((: 09: value too great for base (error token is "09")
[2026-05-19T05:33:00+0800] 💓 Heartbeat — 05:33 — Watching for updates…
[2026-05-19T05:34:00+0800] 💓 Heartbeat — 05:34 — Watching for updates…
[2026-05-19T05:35:00+0800] 💓 Heartbeat — 05:35 — Watching for updates…
[2026-05-19T05:36:01+0800] 💓 Heartbeat — 05:36 — Watching for updates…
[2026-05-19T05:37:01+0800] 💓 Heartbeat — 05:37 — Watching for updates…
[2026-05-19T05:38:01+0800] 💓 Heartbeat — 05:38 — Watching for updates…
[2026-05-19T05:39:02+0800] 💓 Heartbeat — 05:39 — Watching for updates…
[2026-05-19T05:40:02+0800] 💓 Heartbeat — 05:40 — Watching for updates…
[2026-05-19T05:41:03+0800] 💓 Heartbeat — 05:41 — Watching for updates…
/Users/openclaw/Downloads/MYCHEF . MASTER/control-tower/watcher.sh: line 77: ((: 08: value too great for base (error token is "08")
[2026-05-19T05:42:03+0800] 💓 Heartbeat — 05:42 — Watching for updates…
/Users/openclaw/Downloads/MYCHEF . MASTER/control-tower/watcher.sh: line 77: ((: 08: value too great for base (error token is "08")
[2026-05-19T05:43:03+0800] 💓 Heartbeat — 05:43 — Watching for updates…
/Users/openclaw/Downloads/MYCHEF . MASTER/control-tower/watcher.sh: line 77: ((: 08: value too great for base (error token is "08")
[2026-05-19T05:44:04+0800] 💓 Heartbeat — 05:44 — Watching for updates…
/Users/openclaw/Downloads/MYCHEF . MASTER/control-tower/watcher.sh: line 77: ((: 09: value too great for base (error token is "09")
[2026-05-19T05:45:04+0800] 💓 Heartbeat — 05:45 — Watching for updates…
/Users/openclaw/Downloads/MYCHEF . MASTER/control-tower/watcher.sh: line 77: ((: 09: value too great for base (error token is "09")
[2026-05-19T05:46:04+0800] 💓 Heartbeat — 05:46 — Watching for updates…
/Users/openclaw/Downloads/MYCHEF . MASTER/control-tower/watcher.sh: line 77: ((: 09: value too great for base (error token is "09")
[2026-05-19T05:47:04+0800] 💓 Heartbeat — 05:47 — Watching for updates…
[2026-05-19T05:48:00+0800] 💓 Heartbeat — 05:48 — Watching for updates…
[2026-05-19T05:49:00+0800] 💓 Heartbeat — 05:49 — Watching for updates…
[2026-05-19T05:50:00+0800] 💓 Heartbeat — 05:50 — Watching for updates…
[2026-05-19T05:51:01+0800] 💓 Heartbeat — 05:51 — Watching for updates…
[2026-05-19T05:52:01+0800] 💓 Heartbeat — 05:52 — Watching for updates…
[2026-05-19T05:53:01+0800] 💓 Heartbeat — 05:53 — Watching for updates…
[2026-05-19T05:54:02+0800] 💓 Heartbeat — 05:54 — Watching for updates…
[2026-05-19T05:55:02+0800] 💓 Heartbeat — 05:55 — Watching for updates…
[2026-05-19T05:56:02+0800] 💓 Heartbeat — 05:56 — Watching for updates…
[2026-05-19T05:57:03+0800] 💓 Heartbeat — 05:57 — Watching for updates…
/Users/openclaw/Downloads/MYCHEF . MASTER/control-tower/watcher.sh: line 77: ((: 08: value too great for base (error token is "08")
[2026-05-19T05:58:03+0800] 💓 Heartbeat — 05:58 — Watching for updates…
/Users/openclaw/Downloads/MYCHEF . MASTER/control-tower/watcher.sh: line 77: ((: 08: value too great for base (error token is "08")
[2026-05-19T05:59:03+0800] 💓 Heartbeat — 05:59 — Watching for updates…
/Users/openclaw/Downloads/MYCHEF . MASTER/control-tower/watcher.sh: line 77: ((: 08: value too great for base (error token is "08")
[2026-05-19T06:00:04+0800] 💓 Heartbeat — 06:00 — Watching for updates…
/Users/openclaw/Downloads/MYCHEF . MASTER/control-tower/watcher.sh: line 77: ((: 09: value too great for base (error token is "09")
[2026-05-19T06:01:04+0800] 💓 Heartbeat — 06:01 — Watching for updates…
/Users/openclaw/Downloads/MYCHEF . MASTER/control-tower/watcher.sh: line 77: ((: 09: value too great for base (error token is "09")
[2026-05-19T06:02:00+0800] 💓 Heartbeat — 06:02 — Watching for updates…
[2026-05-19T06:03:00+0800] 💓 Heartbeat — 06:03 — Watching for updates…
[2026-05-19T06:04:00+0800] 💓 Heartbeat — 06:04 — Watching for updates…
[2026-05-19T06:05:01+0800] 💓 Heartbeat — 06:05 — Watching for updates…
[2026-05-19T06:06:01+0800] 💓 Heartbeat — 06:06 — Watching for updates…
[2026-05-19T06:07:01+0800] 💓 Heartbeat — 06:07 — Watching for updates…
[2026-05-19T06:08:02+0800] 💓 Heartbeat — 06:08 — Watching for updates…
[2026-05-19T06:09:02+0800] 💓 Heartbeat — 06:09 — Watching for updates…
[2026-05-19T06:10:02+0800] 💓 Heartbeat — 06:10 — Watching for updates…
[2026-05-19T06:11:03+0800] 💓 Heartbeat — 06:11 — Watching for updates…
/Users/openclaw/Downloads/MYCHEF . MASTER/control-tower/watcher.sh: line 77: ((: 08: value too great for base (error token is "08")
[2026-05-19T06:12:03+0800] 💓 Heartbeat — 06:12 — Watching for updates…
/Users/openclaw/Downloads/MYCHEF . MASTER/control-tower/watcher.sh: line 77: ((: 08: value too great for base (error token is "08")
[2026-05-19T06:13:03+0800] 💓 Heartbeat — 06:13 — Watching for updates…
/Users/openclaw/Downloads/MYCHEF . MASTER/control-tower/watcher.sh: line 77: ((: 08: value too great for base (error token is "08")
[2026-05-19T06:14:04+0800] 💓 Heartbeat — 06:14 — Watching for updates…
/Users/openclaw/Downloads/MYCHEF . MASTER/control-tower/watcher.sh: line 77: ((: 09: value too great for base (error token is "09")
[2026-05-19T06:15:04+0800] 💓 Heartbeat — 06:15 — Watching for updates…
/Users/openclaw/Downloads/MYCHEF . MASTER/control-tower/watcher.sh: line 77: ((: 09: value too great for base (error token is "09")
[2026-05-19T06:16:04+0800] 💓 Heartbeat — 06:16 — Watching for updates…
/Users/openclaw/Downloads/MYCHEF . MASTER/control-tower/watcher.sh: line 77: ((: 09: value too great for base (error token is "09")
[2026-05-19T06:17:04+0800] 💓 Heartbeat — 06:17 — Watching for updates…
/Users/openclaw/Downloads/MYCHEF . MASTER/control-tower/watcher.sh: line 77: ((: 09: value too great for base (error token is "09")
[2026-05-19T06:18:00+0800] 💓 Heartbeat — 06:18 — Watching for updates…
[2026-05-19T06:19:00+0800] 💓 Heartbeat — 06:19 — Watching for updates…
[2026-05-19T06:20:00+0800] 💓 Heartbeat — 06:20 — Watching for updates…
[2026-05-19T06:21:00+0800] 💓 Heartbeat — 06:21 — Watching for updates…
[2026-05-19T06:22:01+0800] 💓 Heartbeat — 06:22 — Watching for updates…
[2026-05-19T06:23:01+0800] 💓 Heartbeat — 06:23 — Watching for updates…
[2026-05-19T06:24:01+0800] 💓 Heartbeat — 06:24 — Watching for updates…
[2026-05-19T06:25:01+0800] 💓 Heartbeat — 06:25 — Watching for updates…
[2026-05-19T06:26:02+0800] 💓 Heartbeat — 06:26 — Watching for updates…
[2026-05-19T06:27:02+0800] 💓 Heartbeat — 06:27 — Watching for updates…
[2026-05-19T06:28:02+0800] 💓 Heartbeat — 06:28 — Watching for updates…
[2026-05-19T06:29:02+0800] 💓 Heartbeat — 06:29 — Watching for updates…
[2026-05-19T06:30:03+0800] 💓 Heartbeat — 06:30 — Watching for updates…
/Users/openclaw/Downloads/MYCHEF . MASTER/control-tower/watcher.sh: line 77: ((: 08: value too great for base (error token is "08")
[2026-05-19T06:31:03+0800] 💓 Heartbeat — 06:31 — Watching for updates…
/Users/openclaw/Downloads/MYCHEF . MASTER/control-tower/watcher.sh: line 77: ((: 08: value too great for base (error token is "08")
[2026-05-19T06:32:03+0800] 💓 Heartbeat — 06:32 — Watching for updates…
/Users/openclaw/Downloads/MYCHEF . MASTER/control-tower/watcher.sh: line 77: ((: 08: value too great for base (error token is "08")
[2026-05-19T06:33:04+0800] 💓 Heartbeat — 06:33 — Watching for updates…
/Users/openclaw/Downloads/MYCHEF . MASTER/control-tower/watcher.sh: line 77: ((: 09: value too great for base (error token is "09")
[2026-05-19T06:34:04+0800] 💓 Heartbeat — 06:34 — Watching for updates…
/Users/openclaw/Downloads/MYCHEF . MASTER/control-tower/watcher.sh: line 77: ((: 09: value too great for base (error token is "09")
[2026-05-19T06:35:04+0800] 💓 Heartbeat — 06:35 — Watching for updates…
/Users/openclaw/Downloads/MYCHEF . MASTER/control-tower/watcher.sh: line 77: ((: 09: value too great for base (error token is "09")
[2026-05-19T06:36:04+0800] 💓 Heartbeat — 06:36 — Watching for updates…
/Users/openclaw/Downloads/MYCHEF . MASTER/control-tower/watcher.sh: line 77: ((: 09: value too great for base (error token is "09")
[2026-05-19T06:37:00+0800] 💓 Heartbeat — 06:37 — Watching for updates…
[2026-05-19T06:38:00+0800] 💓 Heartbeat — 06:38 — Watching for updates…
[2026-05-19T06:39:00+0800] 💓 Heartbeat — 06:39 — Watching for updates…
[2026-05-19T06:40:00+0800] 💓 Heartbeat — 06:40 — Watching for updates…
[2026-05-19T06:41:01+0800] 💓 Heartbeat — 06:41 — Watching for updates…
[2026-05-19T06:42:01+0800] 💓 Heartbeat — 06:42 — Watching for updates…
[2026-05-19T06:43:01+0800] 💓 Heartbeat — 06:43 — Watching for updates…
[2026-05-19T06:44:02+0800] 💓 Heartbeat — 06:44 — Watching for updates…
[2026-05-19T06:45:02+0800] 💓 Heartbeat — 06:45 — Watching for updates…
[2026-05-19T06:46:02+0800] 💓 Heartbeat — 06:46 — Watching for updates…
[2026-05-19T06:47:03+0800] 💓 Heartbeat — 06:47 — Watching for updates…
/Users/openclaw/Downloads/MYCHEF . MASTER/control-tower/watcher.sh: line 77: ((: 08: value too great for base (error token is "08")
[2026-05-19T06:48:03+0800] 💓 Heartbeat — 06:48 — Watching for updates…
/Users/openclaw/Downloads/MYCHEF . MASTER/control-tower/watcher.sh: line 77: ((: 08: value too great for base (error token is "08")
[2026-05-19T06:49:03+0800] 💓 Heartbeat — 06:49 — Watching for updates…
/Users/openclaw/Downloads/MYCHEF . MASTER/control-tower/watcher.sh: line 77: ((: 08: value too great for base (error token is "08")
[2026-05-19T06:50:04+0800] 💓 Heartbeat — 06:50 — Watching for updates…
/Users/openclaw/Downloads/MYCHEF . MASTER/control-tower/watcher.sh: line 77: ((: 09: value too great for base (error token is "09")
[2026-05-19T06:51:04+0800] 💓 Heartbeat — 06:51 — Watching for updates…
/Users/openclaw/Downloads/MYCHEF . MASTER/control-tower/watcher.sh: line 77: ((: 09: value too great for base (error token is "09")
[2026-05-19T06:52:04+0800] 💓 Heartbeat — 06:52 — Watching for updates…
/Users/openclaw/Downloads/MYCHEF . MASTER/control-tower/watcher.sh: line 77: ((: 09: value too great for base (error token is "09")
[2026-05-19T06:53:04+0800] 💓 Heartbeat — 06:53 — Watching for updates…
/Users/openclaw/Downloads/MYCHEF . MASTER/control-tower/watcher.sh: line 77: ((: 09: value too great for base (error token is "09")
[2026-05-19T06:54:00+0800] 💓 Heartbeat — 06:54 — Watching for updates…
[2026-05-19T06:55:00+0800] 💓 Heartbeat — 06:55 — Watching for updates…
[2026-05-19T06:56:00+0800] 💓 Heartbeat — 06:56 — Watching for updates…
[2026-05-19T06:57:00+0800] 💓 Heartbeat — 06:57 — Watching for updates…
[2026-05-19T06:58:01+0800] 💓 Heartbeat — 06:58 — Watching for updates…
[2026-05-19T06:59:01+0800] 💓 Heartbeat — 06:59 — Watching for updates…
[2026-05-19T07:00:01+0800] 💓 Heartbeat — 07:00 — Watching for updates…
[2026-05-19T07:01:02+0800] 💓 Heartbeat — 07:01 — Watching for updates…
[2026-05-19T07:02:02+0800] 💓 Heartbeat — 07:02 — Watching for updates…
[2026-05-19T07:03:02+0800] 💓 Heartbeat — 07:03 — Watching for updates…
[2026-05-19T07:04:02+0800] 💓 Heartbeat — 07:04 — Watching for updates…
/Users/openclaw/Downloads/MYCHEF . MASTER/control-tower/watcher.sh: line 77: ((: 08: value too great for base (error token is "08")
[2026-05-19T07:05:03+0800] 💓 Heartbeat — 07:05 — Watching for updates…
/Users/openclaw/Downloads/MYCHEF . MASTER/control-tower/watcher.sh: line 77: ((: 08: value too great for base (error token is "08")
[2026-05-19T07:06:03+0800] 💓 Heartbeat — 07:06 — Watching for updates…
/Users/openclaw/Downloads/MYCHEF . MASTER/control-tower/watcher.sh: line 77: ((: 08: value too great for base (error token is "08")
[2026-05-19T07:07:04+0800] 💓 Heartbeat — 07:07 — Watching for updates…
/Users/openclaw/Downloads/MYCHEF . MASTER/control-tower/watcher.sh: line 77: ((: 09: value too great for base (error token is "09")
[2026-05-19T07:08:04+0800] 💓 Heartbeat — 07:08 — Watching for updates…
/Users/openclaw/Downloads/MYCHEF . MASTER/control-tower/watcher.sh: line 77: ((: 09: value too great for base (error token is "09")
[2026-05-19T07:09:05+0800] 💓 Heartbeat — 07:09 — Watching for updates…
[2026-05-19T07:10:00+0800] 💓 Heartbeat — 07:10 — Watching for updates…
[2026-05-19T07:11:01+0800] 💓 Heartbeat — 07:11 — Watching for updates…
[2026-05-19T07:12:01+0800] 💓 Heartbeat — 07:12 — Watching for updates…
[2026-05-19T07:13:02+0800] 💓 Heartbeat — 07:13 — Watching for updates…
[2026-05-19T07:14:02+0800] 💓 Heartbeat — 07:14 — Watching for updates…
[2026-05-19T07:15:03+0800] 💓 Heartbeat — 07:15 — Watching for updates…
/Users/openclaw/Downloads/MYCHEF . MASTER/control-tower/watcher.sh: line 77: ((: 08: value too great for base (error token is "08")
[2026-05-19T07:16:02+0800] 💓 Heartbeat — 07:16 — Watching for updates…
[2026-05-19T07:17:04+0800] 💓 Heartbeat — 07:17 — Watching for updates…
/Users/openclaw/Downloads/MYCHEF . MASTER/control-tower/watcher.sh: line 77: ((: 09: value too great for base (error token is "09")
[2026-05-19T07:18:00+0800] 💓 Heartbeat — 07:18 — Watching for updates…
[2026-05-19T07:19:00+0800] 💓 Heartbeat — 07:19 — Watching for updates…
[2026-05-19T07:20:00+0800] 💓 Heartbeat — 07:20 — Watching for updates…
[2026-05-19T07:21:01+0800] 💓 Heartbeat — 07:21 — Watching for updates…
[2026-05-19T07:22:01+0800] 💓 Heartbeat — 07:22 — Watching for updates…
[2026-05-19T07:23:02+0800] 💓 Heartbeat — 07:23 — Watching for updates…
[2026-05-19T07:24:02+0800] 💓 Heartbeat — 07:24 — Watching for updates…
[2026-05-19T07:25:02+0800] 💓 Heartbeat — 07:25 — Watching for updates…
[2026-05-19T07:26:02+0800] 💓 Heartbeat — 07:26 — Watching for updates…
/Users/openclaw/Downloads/MYCHEF . MASTER/control-tower/watcher.sh: line 77: ((: 08: value too great for base (error token is "08")
[2026-05-19T07:27:03+0800] 💓 Heartbeat — 07:27 — Watching for updates…
/Users/openclaw/Downloads/MYCHEF . MASTER/control-tower/watcher.sh: line 77: ((: 08: value too great for base (error token is "08")
[2026-05-19T07:28:03+0800] 💓 Heartbeat — 07:28 — Watching for updates…
/Users/openclaw/Downloads/MYCHEF . MASTER/control-tower/watcher.sh: line 77: ((: 08: value too great for base (error token is "08")
[2026-05-19T07:29:04+0800] 💓 Heartbeat — 07:29 — Watching for updates…
/Users/openclaw/Downloads/MYCHEF . MASTER/control-tower/watcher.sh: line 77: ((: 09: value too great for base (error token is "09")
[2026-05-19T07:30:04+0800] 💓 Heartbeat — 07:30 — Watching for updates…
/Users/openclaw/Downloads/MYCHEF . MASTER/control-tower/watcher.sh: line 77: ((: 09: value too great for base (error token is "09")
[2026-05-19T07:31:04+0800] 💓 Heartbeat — 07:31 — Watching for updates…
/Users/openclaw/Downloads/MYCHEF . MASTER/control-tower/watcher.sh: line 77: ((: 09: value too great for base (error token is "09")
[2026-05-19T07:32:04+0800] 💓 Heartbeat — 07:32 — Watching for updates…
/Users/openclaw/Downloads/MYCHEF . MASTER/control-tower/watcher.sh: line 77: ((: 09: value too great for base (error token is "09")
[2026-05-19T07:33:00+0800] 💓 Heartbeat — 07:33 — Watching for updates…
[2026-05-19T07:34:00+0800] 💓 Heartbeat — 07:34 — Watching for updates…
[2026-05-19T07:35:00+0800] 💓 Heartbeat — 07:35 — Watching for updates…
[2026-05-19T07:36:01+0800] 💓 Heartbeat — 07:36 — Watching for updates…
[2026-05-19T07:37:01+0800] 💓 Heartbeat — 07:37 — Watching for updates…
[2026-05-19T07:38:01+0800] 💓 Heartbeat — 07:38 — Watching for updates…
[2026-05-19T07:39:02+0800] 💓 Heartbeat — 07:39 — Watching for updates…
[2026-05-19T07:40:02+0800] 💓 Heartbeat — 07:40 — Watching for updates…
[2026-05-19T07:41:02+0800] 💓 Heartbeat — 07:41 — Watching for updates…
[2026-05-19T07:42:03+0800] 💓 Heartbeat — 07:42 — Watching for updates…
/Users/openclaw/Downloads/MYCHEF . MASTER/control-tower/watcher.sh: line 77: ((: 08: value too great for base (error token is "08")
[2026-05-19T07:43:03+0800] 💓 Heartbeat — 07:43 — Watching for updates…
/Users/openclaw/Downloads/MYCHEF . MASTER/control-tower/watcher.sh: line 77: ((: 08: value too great for base (error token is "08")
[2026-05-19T07:44:04+0800] 💓 Heartbeat — 07:44 — Watching for updates…
/Users/openclaw/Downloads/MYCHEF . MASTER/control-tower/watcher.sh: line 77: ((: 09: value too great for base (error token is "09")
[2026-05-19T07:45:04+0800] 💓 Heartbeat — 07:45 — Watching for updates…
/Users/openclaw/Downloads/MYCHEF . MASTER/control-tower/watcher.sh: line 77: ((: 09: value too great for base (error token is "09")
[2026-05-19T07:46:04+0800] 💓 Heartbeat — 07:46 — Watching for updates…
/Users/openclaw/Downloads/MYCHEF . MASTER/control-tower/watcher.sh: line 77: ((: 09: value too great for base (error token is "09")
[2026-05-19T07:47:05+0800] 💓 Heartbeat — 07:47 — Watching for updates…
[2026-05-19T07:48:00+0800] 💓 Heartbeat — 07:48 — Watching for updates…
[2026-05-19T07:49:00+0800] 💓 Heartbeat — 07:49 — Watching for updates…
[2026-05-19T07:50:00+0800] 💓 Heartbeat — 07:50 — Watching for updates…
[2026-05-19T07:51:01+0800] 💓 Heartbeat — 07:51 — Watching for updates…
[2026-05-19T07:52:01+0800] 💓 Heartbeat — 07:52 — Watching for updates…
[2026-05-19T07:53:01+0800] 💓 Heartbeat — 07:53 — Watching for updates…
[2026-05-19T07:54:02+0800] 💓 Heartbeat — 07:54 — Watching for updates…
[2026-05-19T07:55:02+0800] 💓 Heartbeat — 07:55 — Watching for updates…
[2026-05-19T07:56:03+0800] 💓 Heartbeat — 07:56 — Watching for updates…
/Users/openclaw/Downloads/MYCHEF . MASTER/control-tower/watcher.sh: line 77: ((: 08: value too great for base (error token is "08")
[2026-05-19T07:57:03+0800] 💓 Heartbeat — 07:57 — Watching for updates…
/Users/openclaw/Downloads/MYCHEF . MASTER/control-tower/watcher.sh: line 77: ((: 08: value too great for base (error token is "08")
[2026-05-19T07:58:03+0800] 💓 Heartbeat — 07:58 — Watching for updates…
/Users/openclaw/Downloads/MYCHEF . MASTER/control-tower/watcher.sh: line 77: ((: 08: value too great for base (error token is "08")
[2026-05-19T07:59:04+0800] 💓 Heartbeat — 07:59 — Watching for updates…
/Users/openclaw/Downloads/MYCHEF . MASTER/control-tower/watcher.sh: line 77: ((: 09: value too great for base (error token is "09")
[2026-05-19T08:00:04+0800] 💓 Heartbeat — 08:00 — Watching for updates…
/Users/openclaw/Downloads/MYCHEF . MASTER/control-tower/watcher.sh: line 77: ((: 09: value too great for base (error token is "09")
[2026-05-19T08:01:04+0800] 💓 Heartbeat — 08:01 — Watching for updates…
/Users/openclaw/Downloads/MYCHEF . MASTER/control-tower/watcher.sh: line 77: ((: 09: value too great for base (error token is "09")
[2026-05-19T08:02:00+0800] 💓 Heartbeat — 08:02 — Watching for updates…
[2026-05-19T08:03:00+0800] 💓 Heartbeat — 08:03 — Watching for updates…
[2026-05-19T08:04:00+0800] 💓 Heartbeat — 08:04 — Watching for updates…
[2026-05-19T08:05:01+0800] 💓 Heartbeat — 08:05 — Watching for updates…
[2026-05-19T08:06:01+0800] 💓 Heartbeat — 08:06 — Watching for updates…
[2026-05-19T08:07:01+0800] 💓 Heartbeat — 08:07 — Watching for updates…
[2026-05-19T08:08:02+0800] 💓 Heartbeat — 08:08 — Watching for updates…
[2026-05-19T08:09:02+0800] 💓 Heartbeat — 08:09 — Watching for updates…
[2026-05-19T08:10:02+0800] 💓 Heartbeat — 08:10 — Watching for updates…
[2026-05-19T08:11:03+0800] 💓 Heartbeat — 08:11 — Watching for updates…
/Users/openclaw/Downloads/MYCHEF . MASTER/control-tower/watcher.sh: line 77: ((: 08: value too great for base (error token is "08")
[2026-05-19T08:12:03+0800] 💓 Heartbeat — 08:12 — Watching for updates…
/Users/openclaw/Downloads/MYCHEF . MASTER/control-tower/watcher.sh: line 77: ((: 08: value too great for base (error token is "08")
[2026-05-19T08:13:03+0800] 💓 Heartbeat — 08:13 — Watching for updates…
/Users/openclaw/Downloads/MYCHEF . MASTER/control-tower/watcher.sh: line 77: ((: 08: value too great for base (error token is "08")
[2026-05-19T08:14:04+0800] 💓 Heartbeat — 08:14 — Watching for updates…
/Users/openclaw/Downloads/MYCHEF . MASTER/control-tower/watcher.sh: line 77: ((: 09: value too great for base (error token is "09")
[2026-05-19T08:15:04+0800] 💓 Heartbeat — 08:15 — Watching for updates…
/Users/openclaw/Downloads/MYCHEF . MASTER/control-tower/watcher.sh: line 77: ((: 09: value too great for base (error token is "09")
[2026-05-19T08:16:04+0800] 💓 Heartbeat — 08:16 — Watching for updates…
/Users/openclaw/Downloads/MYCHEF . MASTER/control-tower/watcher.sh: line 77: ((: 09: value too great for base (error token is "09")
[2026-05-19T08:17:00+0800] 💓 Heartbeat — 08:17 — Watching for updates…
[2026-05-19T08:18:00+0800] 💓 Heartbeat — 08:18 — Watching for updates…
[2026-05-19T08:19:00+0800] 💓 Heartbeat — 08:19 — Watching for updates…
[2026-05-19T08:20:01+0800] 💓 Heartbeat — 08:20 — Watching for updates…
[2026-05-19T08:21:01+0800] 💓 Heartbeat — 08:21 — Watching for updates…
[2026-05-19T08:22:01+0800] 💓 Heartbeat — 08:22 — Watching for updates…
[2026-05-19T08:23:02+0800] 💓 Heartbeat — 08:23 — Watching for updates…
[2026-05-19T08:24:02+0800] 💓 Heartbeat — 08:24 — Watching for updates…
[2026-05-19T08:25:02+0800] 💓 Heartbeat — 08:25 — Watching for updates…
[2026-05-19T08:26:03+0800] 💓 Heartbeat — 08:26 — Watching for updates…
/Users/openclaw/Downloads/MYCHEF . MASTER/control-tower/watcher.sh: line 77: ((: 08: value too great for base (error token is "08")
[2026-05-19T08:27:03+0800] 💓 Heartbeat — 08:27 — Watching for updates…
/Users/openclaw/Downloads/MYCHEF . MASTER/control-tower/watcher.sh: line 77: ((: 08: value too great for base (error token is "08")
[2026-05-19T08:28:03+0800] 💓 Heartbeat — 08:28 — Watching for updates…
/Users/openclaw/Downloads/MYCHEF . MASTER/control-tower/watcher.sh: line 77: ((: 08: value too great for base (error token is "08")
[2026-05-19T08:29:04+0800] 💓 Heartbeat — 08:29 — Watching for updates…
/Users/openclaw/Downloads/MYCHEF . MASTER/control-tower/watcher.sh: line 77: ((: 09: value too great for base (error token is "09")
[2026-05-19T08:30:04+0800] 💓 Heartbeat — 08:30 — Watching for updates…
/Users/openclaw/Downloads/MYCHEF . MASTER/control-tower/watcher.sh: line 77: ((: 09: value too great for base (error token is "09")
[2026-05-19T08:31:04+0800] 💓 Heartbeat — 08:31 — Watching for updates…
/Users/openclaw/Downloads/MYCHEF . MASTER/control-tower/watcher.sh: line 77: ((: 09: value too great for base (error token is "09")
[2026-05-19T08:32:00+0800] 💓 Heartbeat — 08:32 — Watching for updates…
[2026-05-19T08:33:00+0800] 💓 Heartbeat — 08:33 — Watching for updates…
[2026-05-19T08:34:00+0800] 💓 Heartbeat — 08:34 — Watching for updates…
[2026-05-19T08:35:01+0800] 💓 Heartbeat — 08:35 — Watching for updates…
[2026-05-19T08:36:01+0800] 💓 Heartbeat — 08:36 — Watching for updates…
[2026-05-19T08:37:01+0800] 💓 Heartbeat — 08:37 — Watching for updates…
[2026-05-19T08:38:02+0800] 💓 Heartbeat — 08:38 — Watching for updates…
[2026-05-19T08:39:02+0800] 💓 Heartbeat — 08:39 — Watching for updates…
[2026-05-19T08:40:02+0800] 💓 Heartbeat — 08:40 — Watching for updates…
[2026-05-19T08:41:03+0800] 💓 Heartbeat — 08:41 — Watching for updates…
/Users/openclaw/Downloads/MYCHEF . MASTER/control-tower/watcher.sh: line 77: ((: 08: value too great for base (error token is "08")
[2026-05-19T08:42:03+0800] 💓 Heartbeat — 08:42 — Watching for updates…
/Users/openclaw/Downloads/MYCHEF . MASTER/control-tower/watcher.sh: line 77: ((: 08: value too great for base (error token is "08")
[2026-05-19T08:43:03+0800] 💓 Heartbeat — 08:43 — Watching for updates…
/Users/openclaw/Downloads/MYCHEF . MASTER/control-tower/watcher.sh: line 77: ((: 08: value too great for base (error token is "08")
[2026-05-19T08:44:04+0800] 💓 Heartbeat — 08:44 — Watching for updates…
/Users/openclaw/Downloads/MYCHEF . MASTER/control-tower/watcher.sh: line 77: ((: 09: value too great for base (error token is "09")
[2026-05-19T08:45:04+0800] 💓 Heartbeat — 08:45 — Watching for updates…
/Users/openclaw/Downloads/MYCHEF . MASTER/control-tower/watcher.sh: line 77: ((: 09: value too great for base (error token is "09")
[2026-05-19T08:46:04+0800] 💓 Heartbeat — 08:46 — Watching for updates…
/Users/openclaw/Downloads/MYCHEF . MASTER/control-tower/watcher.sh: line 77: ((: 09: value too great for base (error token is "09")
[2026-05-19T08:47:00+0800] 💓 Heartbeat — 08:47 — Watching for updates…
[2026-05-19T08:48:00+0800] 💓 Heartbeat — 08:48 — Watching for updates…
[2026-05-19T08:49:00+0800] 💓 Heartbeat — 08:49 — Watching for updates…
[2026-05-19T08:50:01+0800] 💓 Heartbeat — 08:50 — Watching for updates…
[2026-05-19T08:51:01+0800] 💓 Heartbeat — 08:51 — Watching for updates…
[2026-05-19T08:52:01+0800] 💓 Heartbeat — 08:52 — Watching for updates…
[2026-05-19T08:53:02+0800] 💓 Heartbeat — 08:53 — Watching for updates…
[2026-05-19T08:54:02+0800] 💓 Heartbeat — 08:54 — Watching for updates…
[2026-05-19T08:55:02+0800] 💓 Heartbeat — 08:55 — Watching for updates…
[2026-05-19T08:56:03+0800] 💓 Heartbeat — 08:56 — Watching for updates…
/Users/openclaw/Downloads/MYCHEF . MASTER/control-tower/watcher.sh: line 77: ((: 08: value too great for base (error token is "08")
[2026-05-19T08:57:03+0800] 💓 Heartbeat — 08:57 — Watching for updates…
/Users/openclaw/Downloads/MYCHEF . MASTER/control-tower/watcher.sh: line 77: ((: 09: value too great for base (error token is "09")
[2026-05-19T08:58:04+0800] 💓 Heartbeat — 08:58 — Watching for updates…
/Users/openclaw/Downloads/MYCHEF . MASTER/control-tower/watcher.sh: line 77: ((: 09: value too great for base (error token is "09")
[2026-05-19T08:59:00+0800] 💓 Heartbeat — 08:59 — Watching for updates…
[2026-05-19T09:00:01+0800] 💓 Heartbeat — 09:00 — Watching for updates…
[2026-05-19T09:01:02+0800] 💓 Heartbeat — 09:01 — Watching for updates…
[2026-05-19T09:02:02+0800] 💓 Heartbeat — 09:02 — Watching for updates…
[2026-05-19T09:03:03+0800] 💓 Heartbeat — 09:03 — Watching for updates…
/Users/openclaw/Downloads/MYCHEF . MASTER/control-tower/watcher.sh: line 77: ((: 08: value too great for base (error token is "08")
[2026-05-19T09:04:03+0800] 💓 Heartbeat — 09:04 — Watching for updates…
/Users/openclaw/Downloads/MYCHEF . MASTER/control-tower/watcher.sh: line 77: ((: 08: value too great for base (error token is "08")
[2026-05-19T09:05:00+0800] 💓 Heartbeat — 09:05 — Watching for updates…
[2026-05-19T09:06:01+0800] 💓 Heartbeat — 09:06 — Watching for updates…
[2026-05-19T09:07:01+0800] 💓 Heartbeat — 09:07 — Watching for updates…
[2026-05-19T09:08:02+0800] 💓 Heartbeat — 09:08 — Watching for updates…
[2026-05-19T09:09:03+0800] 💓 Heartbeat — 09:09 — Watching for updates…
/Users/openclaw/Downloads/MYCHEF . MASTER/control-tower/watcher.sh: line 77: ((: 08: value too great for base (error token is "08")
[2026-05-19T09:10:04+0800] 💓 Heartbeat — 09:10 — Watching for updates…
/Users/openclaw/Downloads/MYCHEF . MASTER/control-tower/watcher.sh: line 77: ((: 09: value too great for base (error token is "09")
[2026-05-19T09:11:04+0800] 💓 Heartbeat — 09:11 — Watching for updates…
/Users/openclaw/Downloads/MYCHEF . MASTER/control-tower/watcher.sh: line 77: ((: 09: value too great for base (error token is "09")
[2026-05-19T09:12:00+0800] 💓 Heartbeat — 09:12 — Watching for updates…
[2026-05-19T09:13:01+0800] 💓 Heartbeat — 09:13 — Watching for updates…
[2026-05-19T09:14:01+0800] 💓 Heartbeat — 09:14 — Watching for updates…
[2026-05-19T09:15:02+0800] 💓 Heartbeat — 09:15 — Watching for updates…
[2026-05-19T09:16:03+0800] 💓 Heartbeat — 09:16 — Watching for updates…
/Users/openclaw/Downloads/MYCHEF . MASTER/control-tower/watcher.sh: line 77: ((: 08: value too great for base (error token is "08")
[2026-05-19T09:17:03+0800] 💓 Heartbeat — 09:17 — Watching for updates…
/Users/openclaw/Downloads/MYCHEF . MASTER/control-tower/watcher.sh: line 77: ((: 08: value too great for base (error token is "08")
[2026-05-19T17:13:01+0800] 💓 Heartbeat — 17:13 — Watching for updates…
[2026-05-19T17:14:03+0800] 💓 Heartbeat — 17:14 — Watching for updates…
/Users/openclaw/Downloads/MYCHEF . MASTER/control-tower/watcher.sh: line 77: ((: 09: value too great for base (error token is "09")
[2026-05-19T17:16:04+0800] 💓 Heartbeat — 17:16 — Watching for updates…
[2026-05-19T17:17:00+0800] 💓 Heartbeat — 17:17 — Watching for updates…
[2026-05-19T17:18:02+0800] 💓 Heartbeat — 17:18 — Watching for updates…
[2026-05-19T17:19:02+0800] 💓 Heartbeat — 17:19 — Watching for updates…
[2026-05-19T17:20:02+0800] 💓 Heartbeat — 17:20 — Watching for updates…
[2026-05-19T17:21:03+0800] 💓 Heartbeat — 17:21 — Watching for updates…
/Users/openclaw/Downloads/MYCHEF . MASTER/control-tower/watcher.sh: line 77: ((: 08: value too great for base (error token is "08")
[2026-05-19T17:22:03+0800] 💓 Heartbeat — 17:22 — Watching for updates…
/Users/openclaw/Downloads/MYCHEF . MASTER/control-tower/watcher.sh: line 77: ((: 08: value too great for base (error token is "08")
[2026-05-19T17:23:03+0800] 💓 Heartbeat — 17:23 — Watching for updates…
/Users/openclaw/Downloads/MYCHEF . MASTER/control-tower/watcher.sh: line 77: ((: 08: value too great for base (error token is "08")
[2026-05-19T17:24:04+0800] 💓 Heartbeat — 17:24 — Watching for updates…
/Users/openclaw/Downloads/MYCHEF . MASTER/control-tower/watcher.sh: line 77: ((: 09: value too great for base (error token is "09")
[2026-05-19T17:25:04+0800] 💓 Heartbeat — 17:25 — Watching for updates…
/Users/openclaw/Downloads/MYCHEF . MASTER/control-tower/watcher.sh: line 77: ((: 09: value too great for base (error token is "09")
[2026-05-19T17:26:04+0800] 💓 Heartbeat — 17:26 — Watching for updates…
/Users/openclaw/Downloads/MYCHEF . MASTER/control-tower/watcher.sh: line 77: ((: 09: value too great for base (error token is "09")
[2026-05-19T17:27:00+0800] 💓 Heartbeat — 17:27 — Watching for updates…
[2026-05-19T17:28:00+0800] 💓 Heartbeat — 17:28 — Watching for updates…
[2026-05-19T17:29:00+0800] 💓 Heartbeat — 17:29 — Watching for updates…
[2026-05-19T17:30:00+0800] 💓 Heartbeat — 17:30 — Watching for updates…
[2026-05-19T17:31:01+0800] 💓 Heartbeat — 17:31 — Watching for updates…
[2026-05-19T17:32:01+0800] 💓 Heartbeat — 17:32 — Watching for updates…
[2026-05-19T17:33:01+0800] 💓 Heartbeat — 17:33 — Watching for updates…
[2026-05-19T17:34:01+0800] 💓 Heartbeat — 17:34 — Watching for updates…
[2026-05-19T17:35:02+0800] 💓 Heartbeat — 17:35 — Watching for updates…
[2026-05-19T17:36:02+0800] 💓 Heartbeat — 17:36 — Watching for updates…
[2026-05-19T17:37:02+0800] 💓 Heartbeat — 17:37 — Watching for updates…
[2026-05-19T17:38:03+0800] 💓 Heartbeat — 17:38 — Watching for updates…
/Users/openclaw/Downloads/MYCHEF . MASTER/control-tower/watcher.sh: line 77: ((: 08: value too great for base (error token is "08")
[2026-05-19T17:39:03+0800] 💓 Heartbeat — 17:39 — Watching for updates…
/Users/openclaw/Downloads/MYCHEF . MASTER/control-tower/watcher.sh: line 77: ((: 08: value too great for base (error token is "08")
[2026-05-19T17:40:03+0800] 💓 Heartbeat — 17:40 — Watching for updates…
/Users/openclaw/Downloads/MYCHEF . MASTER/control-tower/watcher.sh: line 77: ((: 08: value too great for base (error token is "08")
[2026-05-19T17:41:03+0800] 💓 Heartbeat — 17:41 — Watching for updates…
/Users/openclaw/Downloads/MYCHEF . MASTER/control-tower/watcher.sh: line 77: ((: 09: value too great for base (error token is "09")
[2026-05-19T17:42:04+0800] 💓 Heartbeat — 17:42 — Watching for updates…
/Users/openclaw/Downloads/MYCHEF . MASTER/control-tower/watcher.sh: line 77: ((: 09: value too great for base (error token is "09")
[2026-05-19T17:43:04+0800] 💓 Heartbeat — 17:43 — Watching for updates…
/Users/openclaw/Downloads/MYCHEF . MASTER/control-tower/watcher.sh: line 77: ((: 09: value too great for base (error token is "09")
[2026-05-19T17:44:04+0800] 💓 Heartbeat — 17:44 — Watching for updates…
/Users/openclaw/Downloads/MYCHEF . MASTER/control-tower/watcher.sh: line 77: ((: 09: value too great for base (error token is "09")
[2026-05-19T17:45:04+0800] 💓 Heartbeat — 17:45 — Watching for updates…
/Users/openclaw/Downloads/MYCHEF . MASTER/control-tower/watcher.sh: line 77: ((: 09: value too great for base (error token is "09")
[2026-05-19T17:46:00+0800] 💓 Heartbeat — 17:46 — Watching for updates…
[2026-05-19T17:47:00+0800] 💓 Heartbeat — 17:47 — Watching for updates…
[2026-05-19T17:48:00+0800] 💓 Heartbeat — 17:48 — Watching for updates…
[2026-05-19T17:49:01+0800] 💓 Heartbeat — 17:49 — Watching for updates…
[2026-05-19T17:50:01+0800] 💓 Heartbeat — 17:50 — Watching for updates…
[2026-05-19T17:51:01+0800] 💓 Heartbeat — 17:51 — Watching for updates…
[2026-05-19T17:52:01+0800] 💓 Heartbeat — 17:52 — Watching for updates…
[2026-05-19T17:53:02+0800] 💓 Heartbeat — 17:53 — Watching for updates…
[2026-05-19T17:54:02+0800] 💓 Heartbeat — 17:54 — Watching for updates…
[2026-05-19T17:55:02+0800] 💓 Heartbeat — 17:55 — Watching for updates…
[2026-05-19T17:56:02+0800] 💓 Heartbeat — 17:56 — Watching for updates…
[2026-05-19T17:57:03+0800] 💓 Heartbeat — 17:57 — Watching for updates…
/Users/openclaw/Downloads/MYCHEF . MASTER/control-tower/watcher.sh: line 77: ((: 08: value too great for base (error token is "08")
[2026-05-19T17:58:03+0800] 💓 Heartbeat — 17:58 — Watching for updates…
/Users/openclaw/Downloads/MYCHEF . MASTER/control-tower/watcher.sh: line 77: ((: 08: value too great for base (error token is "08")
[2026-05-19T17:59:03+0800] 💓 Heartbeat — 17:59 — Watching for updates…
/Users/openclaw/Downloads/MYCHEF . MASTER/control-tower/watcher.sh: line 77: ((: 08: value too great for base (error token is "08")
[2026-05-19T18:00:03+0800] 💓 Heartbeat — 18:00 — Watching for updates…
/Users/openclaw/Downloads/MYCHEF . MASTER/control-tower/watcher.sh: line 77: ((: 08: value too great for base (error token is "08")
[2026-05-19T18:01:04+0800] 💓 Heartbeat — 18:01 — Watching for updates…
/Users/openclaw/Downloads/MYCHEF . MASTER/control-tower/watcher.sh: line 77: ((: 09: value too great for base (error token is "09")
[2026-05-19T18:02:04+0800] 💓 Heartbeat — 18:02 — Watching for updates…
/Users/openclaw/Downloads/MYCHEF . MASTER/control-tower/watcher.sh: line 77: ((: 09: value too great for base (error token is "09")
[2026-05-19T18:03:04+0800] 💓 Heartbeat — 18:03 — Watching for updates…
/Users/openclaw/Downloads/MYCHEF . MASTER/control-tower/watcher.sh: line 77: ((: 09: value too great for base (error token is "09")
[2026-05-19T18:04:04+0800] 💓 Heartbeat — 18:04 — Watching for updates…
/Users/openclaw/Downloads/MYCHEF . MASTER/control-tower/watcher.sh: line 77: ((: 09: value too great for base (error token is "09")
[2026-05-19T18:05:00+0800] 💓 Heartbeat — 18:05 — Watching for updates…
[2026-05-19T18:06:00+0800] 💓 Heartbeat — 18:06 — Watching for updates…
[2026-05-19T18:07:00+0800] 💓 Heartbeat — 18:07 — Watching for updates…
[2026-05-19T18:08:01+0800] 💓 Heartbeat — 18:08 — Watching for updates…
[2026-05-19T18:09:01+0800] 💓 Heartbeat — 18:09 — Watching for updates…
[2026-05-19T18:10:01+0800] 💓 Heartbeat — 18:10 — Watching for updates…
[2026-05-19T18:11:01+0800] 💓 Heartbeat — 18:11 — Watching for updates…
[2026-05-19T18:12:02+0800] 💓 Heartbeat — 18:12 — Watching for updates…
[2026-05-19T18:13:02+0800] 💓 Heartbeat — 18:13 — Watching for updates…
[2026-05-19T18:14:02+0800] 💓 Heartbeat — 18:14 — Watching for updates…
[2026-05-19T18:15:03+0800] 💓 Heartbeat — 18:15 — Watching for updates…
/Users/openclaw/Downloads/MYCHEF . MASTER/control-tower/watcher.sh: line 77: ((: 08: value too great for base (error token is "08")
[2026-05-19T18:16:03+0800] 💓 Heartbeat — 18:16 — Watching for updates…
/Users/openclaw/Downloads/MYCHEF . MASTER/control-tower/watcher.sh: line 77: ((: 08: value too great for base (error token is "08")
[2026-05-19T18:17:03+0800] 💓 Heartbeat — 18:17 — Watching for updates…
/Users/openclaw/Downloads/MYCHEF . MASTER/control-tower/watcher.sh: line 77: ((: 08: value too great for base (error token is "08")
[2026-05-19T18:18:03+0800] 💓 Heartbeat — 18:18 — Watching for updates…
/Users/openclaw/Downloads/MYCHEF . MASTER/control-tower/watcher.sh: line 77: ((: 08: value too great for base (error token is "08")
[2026-05-19T18:19:04+0800] 💓 Heartbeat — 18:19 — Watching for updates…
/Users/openclaw/Downloads/MYCHEF . MASTER/control-tower/watcher.sh: line 77: ((: 09: value too great for base (error token is "09")
[2026-05-19T18:20:04+0800] 💓 Heartbeat — 18:20 — Watching for updates…
/Users/openclaw/Downloads/MYCHEF . MASTER/control-tower/watcher.sh: line 77: ((: 09: value too great for base (error token is "09")
[2026-05-19T18:21:04+0800] 💓 Heartbeat — 18:21 — Watching for updates…
/Users/openclaw/Downloads/MYCHEF . MASTER/control-tower/watcher.sh: line 77: ((: 09: value too great for base (error token is "09")
[2026-05-19T18:23:00+0800] 💓 Heartbeat — 18:23 — Watching for updates…
[2026-05-19T18:24:00+0800] 💓 Heartbeat — 18:24 — Watching for updates…
[2026-05-19T18:25:00+0800] 💓 Heartbeat — 18:25 — Watching for updates…
[2026-05-19T18:26:01+0800] 💓 Heartbeat — 18:26 — Watching for updates…
[2026-05-19T18:27:01+0800] 💓 Heartbeat — 18:27 — Watching for updates…
[2026-05-19T18:28:01+0800] 💓 Heartbeat — 18:28 — Watching for updates…
[2026-05-19T18:29:01+0800] 💓 Heartbeat — 18:29 — Watching for updates…
[2026-05-19T18:30:02+0800] 💓 Heartbeat — 18:30 — Watching for updates…
[2026-05-19T18:31:02+0800] 💓 Heartbeat — 18:31 — Watching for updates…
[2026-05-19T18:32:02+0800] 💓 Heartbeat — 18:32 — Watching for updates…
[2026-05-19T18:33:03+0800] 💓 Heartbeat — 18:33 — Watching for updates…
/Users/openclaw/Downloads/MYCHEF . MASTER/control-tower/watcher.sh: line 77: ((: 08: value too great for base (error token is "08")
[2026-05-19T18:34:03+0800] 💓 Heartbeat — 18:34 — Watching for updates…
/Users/openclaw/Downloads/MYCHEF . MASTER/control-tower/watcher.sh: line 77: ((: 08: value too great for base (error token is "08")
[2026-05-19T18:35:03+0800] 💓 Heartbeat — 18:35 — Watching for updates…
/Users/openclaw/Downloads/MYCHEF . MASTER/control-tower/watcher.sh: line 77: ((: 08: value too great for base (error token is "08")
[2026-05-19T18:36:03+0800] 💓 Heartbeat — 18:36 — Watching for updates…
/Users/openclaw/Downloads/MYCHEF . MASTER/control-tower/watcher.sh: line 77: ((: 09: value too great for base (error token is "09")
[2026-05-19T18:37:04+0800] 💓 Heartbeat — 18:37 — Watching for updates…
/Users/openclaw/Downloads/MYCHEF . MASTER/control-tower/watcher.sh: line 77: ((: 09: value too great for base (error token is "09")
[2026-05-19T18:38:04+0800] 💓 Heartbeat — 18:38 — Watching for updates…
/Users/openclaw/Downloads/MYCHEF . MASTER/control-tower/watcher.sh: line 77: ((: 09: value too great for base (error token is "09")
[2026-05-19T18:39:04+0800] 💓 Heartbeat — 18:39 — Watching for updates…
/Users/openclaw/Downloads/MYCHEF . MASTER/control-tower/watcher.sh: line 77: ((: 09: value too great for base (error token is "09")
[2026-05-19T18:40:00+0800] 💓 Heartbeat — 18:40 — Watching for updates…
[2026-05-19T18:41:00+0800] 💓 Heartbeat — 18:41 — Watching for updates…
[2026-05-19T18:42:00+0800] 💓 Heartbeat — 18:42 — Watching for updates…
[2026-05-19T18:43:00+0800] 💓 Heartbeat — 18:43 — Watching for updates…
[2026-05-19T18:44:01+0800] 💓 Heartbeat — 18:44 — Watching for updates…
[2026-05-19T18:45:01+0800] 💓 Heartbeat — 18:45 — Watching for updates…
[2026-05-19T18:46:01+0800] 💓 Heartbeat — 18:46 — Watching for updates…
[2026-05-19T18:47:02+0800] 💓 Heartbeat — 18:47 — Watching for updates…
[2026-05-19T18:48:02+0800] 💓 Heartbeat — 18:48 — Watching for updates…
[2026-05-19T18:49:02+0800] 💓 Heartbeat — 18:49 — Watching for updates…
[2026-05-19T18:50:02+0800] 💓 Heartbeat — 18:50 — Watching for updates…
[2026-05-19T18:51:03+0800] 💓 Heartbeat — 18:51 — Watching for updates…
/Users/openclaw/Downloads/MYCHEF . MASTER/control-tower/watcher.sh: line 77: ((: 08: value too great for base (error token is "08")
[2026-05-19T18:52:03+0800] 💓 Heartbeat — 18:52 — Watching for updates…
/Users/openclaw/Downloads/MYCHEF . MASTER/control-tower/watcher.sh: line 77: ((: 08: value too great for base (error token is "08")
[2026-05-19T18:53:03+0800] 💓 Heartbeat — 18:53 — Watching for updates…
/Users/openclaw/Downloads/MYCHEF . MASTER/control-tower/watcher.sh: line 77: ((: 08: value too great for base (error token is "08")
[2026-05-19T18:54:03+0800] 💓 Heartbeat — 18:54 — Watching for updates…
/Users/openclaw/Downloads/MYCHEF . MASTER/control-tower/watcher.sh: line 77: ((: 08: value too great for base (error token is "08")
[2026-05-19T18:55:04+0800] 💓 Heartbeat — 18:55 — Watching for updates…
/Users/openclaw/Downloads/MYCHEF . MASTER/control-tower/watcher.sh: line 77: ((: 09: value too great for base (error token is "09")
[2026-05-19T18:56:04+0800] 💓 Heartbeat — 18:56 — Watching for updates…
/Users/openclaw/Downloads/MYCHEF . MASTER/control-tower/watcher.sh: line 77: ((: 09: value too great for base (error token is "09")
[2026-05-19T18:57:04+0800] 💓 Heartbeat — 18:57 — Watching for updates…
/Users/openclaw/Downloads/MYCHEF . MASTER/control-tower/watcher.sh: line 77: ((: 09: value too great for base (error token is "09")
[2026-05-19T18:58:04+0800] 💓 Heartbeat — 18:58 — Watching for updates…
/Users/openclaw/Downloads/MYCHEF . MASTER/control-tower/watcher.sh: line 77: ((: 09: value too great for base (error token is "09")
[2026-05-19T18:59:00+0800] 💓 Heartbeat — 18:59 — Watching for updates…
[2026-05-19T19:00:00+0800] 💓 Heartbeat — 19:00 — Watching for updates…
[2026-05-19T19:01:00+0800] 💓 Heartbeat — 19:01 — Watching for updates…
[2026-05-19T19:02:00+0800] 💓 Heartbeat — 19:02 — Watching for updates…
[2026-05-19T19:03:01+0800] 💓 Heartbeat — 19:03 — Watching for updates…
[2026-05-19T19:04:01+0800] 💓 Heartbeat — 19:04 — Watching for updates…
[2026-05-19T19:05:01+0800] 💓 Heartbeat — 19:05 — Watching for updates…
[2026-05-19T19:06:02+0800] 💓 Heartbeat — 19:06 — Watching for updates…
[2026-05-19T19:07:02+0800] 💓 Heartbeat — 19:07 — Watching for updates…
[2026-05-19T19:08:02+0800] 💓 Heartbeat — 19:08 — Watching for updates…
[2026-05-19T19:09:02+0800] 💓 Heartbeat — 19:09 — Watching for updates…
/Users/openclaw/Downloads/MYCHEF . MASTER/control-tower/watcher.sh: line 77: ((: 08: value too great for base (error token is "08")
[2026-05-19T19:10:03+0800] 💓 Heartbeat — 19:10 — Watching for updates…
/Users/openclaw/Downloads/MYCHEF . MASTER/control-tower/watcher.sh: line 77: ((: 08: value too great for base (error token is "08")
[2026-05-19T19:11:03+0800] 💓 Heartbeat — 19:11 — Watching for updates…
/Users/openclaw/Downloads/MYCHEF . MASTER/control-tower/watcher.sh: line 77: ((: 08: value too great for base (error token is "08")
[2026-05-19T19:12:03+0800] 💓 Heartbeat — 19:12 — Watching for updates…
/Users/openclaw/Downloads/MYCHEF . MASTER/control-tower/watcher.sh: line 77: ((: 08: value too great for base (error token is "08")
[2026-05-19T19:13:04+0800] 💓 Heartbeat — 19:13 — Watching for updates…
/Users/openclaw/Downloads/MYCHEF . MASTER/control-tower/watcher.sh: line 77: ((: 09: value too great for base (error token is "09")
[2026-05-19T19:14:04+0800] 💓 Heartbeat — 19:14 — Watching for updates…
/Users/openclaw/Downloads/MYCHEF . MASTER/control-tower/watcher.sh: line 77: ((: 09: value too great for base (error token is "09")
[2026-05-19T19:15:04+0800] 💓 Heartbeat — 19:15 — Watching for updates…
/Users/openclaw/Downloads/MYCHEF . MASTER/control-tower/watcher.sh: line 77: ((: 09: value too great for base (error token is "09")
[2026-05-19T19:16:00+0800] 💓 Heartbeat — 19:16 — Watching for updates…
[2026-05-19T19:17:00+0800] 💓 Heartbeat — 19:17 — Watching for updates…
[2026-05-19T19:18:00+0800] 💓 Heartbeat — 19:18 — Watching for updates…
[2026-05-19T19:19:00+0800] 💓 Heartbeat — 19:19 — Watching for updates…
[2026-05-19T19:20:01+0800] 💓 Heartbeat — 19:20 — Watching for updates…
[2026-05-19T19:21:01+0800] 💓 Heartbeat — 19:21 — Watching for updates…
[2026-05-19T19:22:01+0800] 💓 Heartbeat — 19:22 — Watching for updates…
[2026-05-19T19:23:02+0800] 💓 Heartbeat — 19:23 — Watching for updates…
[2026-05-19T19:24:02+0800] 💓 Heartbeat — 19:24 — Watching for updates…
[2026-05-19T19:25:02+0800] 💓 Heartbeat — 19:25 — Watching for updates…
[2026-05-19T19:26:03+0800] 💓 Heartbeat — 19:26 — Watching for updates…
/Users/openclaw/Downloads/MYCHEF . MASTER/control-tower/watcher.sh: line 77: ((: 08: value too great for base (error token is "08")
[2026-05-19T19:27:03+0800] 💓 Heartbeat — 19:27 — Watching for updates…
/Users/openclaw/Downloads/MYCHEF . MASTER/control-tower/watcher.sh: line 77: ((: 08: value too great for base (error token is "08")
[2026-05-19T19:28:03+0800] 💓 Heartbeat — 19:28 — Watching for updates…
/Users/openclaw/Downloads/MYCHEF . MASTER/control-tower/watcher.sh: line 77: ((: 08: value too great for base (error token is "08")
[2026-05-19T19:29:03+0800] 💓 Heartbeat — 19:29 — Watching for updates…
/Users/openclaw/Downloads/MYCHEF . MASTER/control-tower/watcher.sh: line 77: ((: 09: value too great for base (error token is "09")
[2026-05-19T19:30:04+0800] 💓 Heartbeat — 19:30 — Watching for updates…
/Users/openclaw/Downloads/MYCHEF . MASTER/control-tower/watcher.sh: line 77: ((: 09: value too great for base (error token is "09")
[2026-05-19T19:31:04+0800] 💓 Heartbeat — 19:31 — Watching for updates…
/Users/openclaw/Downloads/MYCHEF . MASTER/control-tower/watcher.sh: line 77: ((: 09: value too great for base (error token is "09")
[2026-05-19T19:32:00+0800] 💓 Heartbeat — 19:32 — Watching for updates…
[2026-05-19T19:33:00+0800] 💓 Heartbeat — 19:33 — Watching for updates…
[2026-05-19T19:34:00+0800] 💓 Heartbeat — 19:34 — Watching for updates…
[2026-05-19T19:35:00+0800] 💓 Heartbeat — 19:35 — Watching for updates…
[2026-05-19T19:36:01+0800] 💓 Heartbeat — 19:36 — Watching for updates…
[2026-05-19T19:37:01+0800] 💓 Heartbeat — 19:37 — Watching for updates…
[2026-05-19T19:38:01+0800] 💓 Heartbeat — 19:38 — Watching for updates…
[2026-05-19T19:39:02+0800] 💓 Heartbeat — 19:39 — Watching for updates…
[2026-05-19T19:40:02+0800] 💓 Heartbeat — 19:40 — Watching for updates…
[2026-05-19T19:41:02+0800] 💓 Heartbeat — 19:41 — Watching for updates…
[2026-05-19T19:42:02+0800] 💓 Heartbeat — 19:42 — Watching for updates…
[2026-05-19T19:43:03+0800] 💓 Heartbeat — 19:43 — Watching for updates…
/Users/openclaw/Downloads/MYCHEF . MASTER/control-tower/watcher.sh: line 77: ((: 08: value too great for base (error token is "08")
[2026-05-19T19:44:03+0800] 💓 Heartbeat — 19:44 — Watching for updates…
/Users/openclaw/Downloads/MYCHEF . MASTER/control-tower/watcher.sh: line 77: ((: 08: value too great for base (error token is "08")
[2026-05-19T19:45:03+0800] 💓 Heartbeat — 19:45 — Watching for updates…
/Users/openclaw/Downloads/MYCHEF . MASTER/control-tower/watcher.sh: line 77: ((: 08: value too great for base (error token is "08")
[2026-05-19T19:46:03+0800] 💓 Heartbeat — 19:46 — Watching for updates…
/Users/openclaw/Downloads/MYCHEF . MASTER/control-tower/watcher.sh: line 77: ((: 08: value too great for base (error token is "08")
[2026-05-19T19:47:04+0800] 💓 Heartbeat — 19:47 — Watching for updates…
/Users/openclaw/Downloads/MYCHEF . MASTER/control-tower/watcher.sh: line 77: ((: 09: value too great for base (error token is "09")
[2026-05-19T19:48:04+0800] 💓 Heartbeat — 19:48 — Watching for updates…
/Users/openclaw/Downloads/MYCHEF . MASTER/control-tower/watcher.sh: line 77: ((: 09: value too great for base (error token is "09")
[2026-05-19T19:49:04+0800] 💓 Heartbeat — 19:49 — Watching for updates…
/Users/openclaw/Downloads/MYCHEF . MASTER/control-tower/watcher.sh: line 77: ((: 09: value too great for base (error token is "09")
[2026-05-19T19:50:00+0800] 💓 Heartbeat — 19:50 — Watching for updates…
[2026-05-19T19:51:00+0800] 💓 Heartbeat — 19:51 — Watching for updates…
[2026-05-19T19:52:00+0800] 💓 Heartbeat — 19:52 — Watching for updates…
[2026-05-19T19:53:01+0800] 💓 Heartbeat — 19:53 — Watching for updates…
[2026-05-19T19:54:01+0800] 💓 Heartbeat — 19:54 — Watching for updates…
[2026-05-19T19:55:02+0800] 💓 Heartbeat — 19:55 — Watching for updates…
[2026-05-19T19:56:02+0800] 💓 Heartbeat — 19:56 — Watching for updates…
[2026-05-19T19:57:03+0800] 💓 Heartbeat — 19:57 — Watching for updates…
/Users/openclaw/Downloads/MYCHEF . MASTER/control-tower/watcher.sh: line 77: ((: 08: value too great for base (error token is "08")
[2026-05-19T19:58:03+0800] 💓 Heartbeat — 19:58 — Watching for updates…
/Users/openclaw/Downloads/MYCHEF . MASTER/control-tower/watcher.sh: line 77: ((: 08: value too great for base (error token is "08")
[2026-05-19T19:59:03+0800] 💓 Heartbeat — 19:59 — Watching for updates…
/Users/openclaw/Downloads/MYCHEF . MASTER/control-tower/watcher.sh: line 77: ((: 08: value too great for base (error token is "08")
[2026-05-19T20:00:04+0800] 💓 Heartbeat — 20:00 — Watching for updates…
/Users/openclaw/Downloads/MYCHEF . MASTER/control-tower/watcher.sh: line 77: ((: 09: value too great for base (error token is "09")
[2026-05-19T20:01:04+0800] 💓 Heartbeat — 20:01 — Watching for updates…
/Users/openclaw/Downloads/MYCHEF . MASTER/control-tower/watcher.sh: line 77: ((: 09: value too great for base (error token is "09")
[2026-05-19T20:02:04+0800] 💓 Heartbeat — 20:02 — Watching for updates…
/Users/openclaw/Downloads/MYCHEF . MASTER/control-tower/watcher.sh: line 77: ((: 09: value too great for base (error token is "09")
[2026-05-19T20:03:04+0800] 💓 Heartbeat — 20:03 — Watching for updates…
/Users/openclaw/Downloads/MYCHEF . MASTER/control-tower/watcher.sh: line 77: ((: 09: value too great for base (error token is "09")
[2026-05-19T20:04:00+0800] 💓 Heartbeat — 20:04 — Watching for updates…
[2026-05-19T20:05:00+0800] 💓 Heartbeat — 20:05 — Watching for updates…
[2026-05-19T20:06:00+0800] 💓 Heartbeat — 20:06 — Watching for updates…
[2026-05-19T20:07:01+0800] 💓 Heartbeat — 20:07 — Watching for updates…
[2026-05-19T20:08:01+0800] 💓 Heartbeat — 20:08 — Watching for updates…
[2026-05-19T20:09:01+0800] 💓 Heartbeat — 20:09 — Watching for updates…
[2026-05-19T20:10:02+0800] 💓 Heartbeat — 20:10 — Watching for updates…
[2026-05-19T20:11:02+0800] 💓 Heartbeat — 20:11 — Watching for updates…
[2026-05-19T20:12:02+0800] 💓 Heartbeat — 20:12 — Watching for updates…
[2026-05-19T20:13:02+0800] 💓 Heartbeat — 20:13 — Watching for updates…
[2026-05-19T20:14:03+0800] 💓 Heartbeat — 20:14 — Watching for updates…
/Users/openclaw/Downloads/MYCHEF . MASTER/control-tower/watcher.sh: line 77: ((: 08: value too great for base (error token is "08")
[2026-05-19T20:15:03+0800] 💓 Heartbeat — 20:15 — Watching for updates…
/Users/openclaw/Downloads/MYCHEF . MASTER/control-tower/watcher.sh: line 77: ((: 08: value too great for base (error token is "08")
[2026-05-19T20:16:03+0800] 💓 Heartbeat — 20:16 — Watching for updates…
/Users/openclaw/Downloads/MYCHEF . MASTER/control-tower/watcher.sh: line 77: ((: 08: value too great for base (error token is "08")
[2026-05-19T20:17:04+0800] 💓 Heartbeat — 20:17 — Watching for updates…
/Users/openclaw/Downloads/MYCHEF . MASTER/control-tower/watcher.sh: line 77: ((: 09: value too great for base (error token is "09")
[2026-05-19T20:18:04+0800] 💓 Heartbeat — 20:18 — Watching for updates…
/Users/openclaw/Downloads/MYCHEF . MASTER/control-tower/watcher.sh: line 77: ((: 09: value too great for base (error token is "09")
[2026-05-19T20:19:04+0800] 💓 Heartbeat — 20:19 — Watching for updates…
/Users/openclaw/Downloads/MYCHEF . MASTER/control-tower/watcher.sh: line 77: ((: 09: value too great for base (error token is "09")
[2026-05-19T20:20:00+0800] 💓 Heartbeat — 20:20 — Watching for updates…
[2026-05-19T20:21:00+0800] 💓 Heartbeat — 20:21 — Watching for updates…
[2026-05-19T20:22:00+0800] 💓 Heartbeat — 20:22 — Watching for updates…
[2026-05-19T20:23:01+0800] 💓 Heartbeat — 20:23 — Watching for updates…
[2026-05-19T20:24:01+0800] 💓 Heartbeat — 20:24 — Watching for updates…
[2026-05-19T20:25:01+0800] 💓 Heartbeat — 20:25 — Watching for updates…
[2026-05-19T20:26:02+0800] 💓 Heartbeat — 20:26 — Watching for updates…
[2026-05-19T20:27:02+0800] 💓 Heartbeat — 20:27 — Watching for updates…
[2026-05-19T20:28:02+0800] 💓 Heartbeat — 20:28 — Watching for updates…
[2026-05-19T20:29:02+0800] 💓 Heartbeat — 20:29 — Watching for updates…
[2026-05-19T20:30:03+0800] 💓 Heartbeat — 20:30 — Watching for updates…
/Users/openclaw/Downloads/MYCHEF . MASTER/control-tower/watcher.sh: line 77: ((: 08: value too great for base (error token is "08")
[2026-05-19T20:31:03+0800] 💓 Heartbeat — 20:31 — Watching for updates…
/Users/openclaw/Downloads/MYCHEF . MASTER/control-tower/watcher.sh: line 77: ((: 08: value too great for base (error token is "08")
[2026-05-19T20:32:03+0800] 💓 Heartbeat — 20:32 — Watching for updates…
/Users/openclaw/Downloads/MYCHEF . MASTER/control-tower/watcher.sh: line 77: ((: 08: value too great for base (error token is "08")
[2026-05-19T20:33:04+0800] 💓 Heartbeat — 20:33 — Watching for updates…
/Users/openclaw/Downloads/MYCHEF . MASTER/control-tower/watcher.sh: line 77: ((: 09: value too great for base (error token is "09")
[2026-05-19T20:34:04+0800] 💓 Heartbeat — 20:34 — Watching for updates…
/Users/openclaw/Downloads/MYCHEF . MASTER/control-tower/watcher.sh: line 77: ((: 09: value too great for base (error token is "09")
[2026-05-19T20:35:04+0800] 💓 Heartbeat — 20:35 — Watching for updates…
/Users/openclaw/Downloads/MYCHEF . MASTER/control-tower/watcher.sh: line 77: ((: 09: value too great for base (error token is "09")
[2026-05-19T20:36:00+0800] 💓 Heartbeat — 20:36 — Watching for updates…
[2026-05-19T20:37:00+0800] 💓 Heartbeat — 20:37 — Watching for updates…
[2026-05-19T20:38:00+0800] 💓 Heartbeat — 20:38 — Watching for updates…
[2026-05-19T20:39:00+0800] 💓 Heartbeat — 20:39 — Watching for updates…
[2026-05-19T20:40:01+0800] 💓 Heartbeat — 20:40 — Watching for updates…
[2026-05-19T20:41:01+0800] 💓 Heartbeat — 20:41 — Watching for updates…
[2026-05-19T20:42:01+0800] 💓 Heartbeat — 20:42 — Watching for updates…
[2026-05-19T20:43:02+0800] 💓 Heartbeat — 20:43 — Watching for updates…
[2026-05-19T20:44:02+0800] 💓 Heartbeat — 20:44 — Watching for updates…
[2026-05-19T20:45:02+0800] 💓 Heartbeat — 20:45 — Watching for updates…
[2026-05-19T20:46:02+0800] 💓 Heartbeat — 20:46 — Watching for updates…
[2026-05-19T20:47:03+0800] 💓 Heartbeat — 20:47 — Watching for updates…
/Users/openclaw/Downloads/MYCHEF . MASTER/control-tower/watcher.sh: line 77: ((: 08: value too great for base (error token is "08")
[2026-05-19T20:48:03+0800] 💓 Heartbeat — 20:48 — Watching for updates…
/Users/openclaw/Downloads/MYCHEF . MASTER/control-tower/watcher.sh: line 77: ((: 08: value too great for base (error token is "08")
[2026-05-19T20:49:04+0800] 💓 Heartbeat — 20:49 — Watching for updates…
/Users/openclaw/Downloads/MYCHEF . MASTER/control-tower/watcher.sh: line 77: ((: 09: value too great for base (error token is "09")
[2026-05-19T20:50:00+0800] 💓 Heartbeat — 20:50 — Watching for updates…
[2026-05-19T20:51:01+0800] 💓 Heartbeat — 20:51 — Watching for updates…
[2026-05-19T20:52:01+0800] 💓 Heartbeat — 20:52 — Watching for updates…
[2026-05-19T20:53:01+0800] 💓 Heartbeat — 20:53 — Watching for updates…
[2026-05-19T20:54:03+0800] 💓 Heartbeat — 20:54 — Watching for updates…
/Users/openclaw/Downloads/MYCHEF . MASTER/control-tower/watcher.sh: line 77: ((: 08: value too great for base (error token is "08")
[2026-05-19T20:55:04+0800] 💓 Heartbeat — 20:55 — Watching for updates…
/Users/openclaw/Downloads/MYCHEF . MASTER/control-tower/watcher.sh: line 77: ((: 09: value too great for base (error token is "09")
[2026-05-19T20:56:04+0800] 💓 Heartbeat — 20:56 — Watching for updates…
/Users/openclaw/Downloads/MYCHEF . MASTER/control-tower/watcher.sh: line 77: ((: 09: value too great for base (error token is "09")
[2026-05-19T20:57:04+0800] 💓 Heartbeat — 20:57 — Watching for updates…
/Users/openclaw/Downloads/MYCHEF . MASTER/control-tower/watcher.sh: line 77: ((: 09: value too great for base (error token is "09")
[2026-05-19T20:58:04+0800] 💓 Heartbeat — 20:58 — Watching for updates…
/Users/openclaw/Downloads/MYCHEF . MASTER/control-tower/watcher.sh: line 77: ((: 09: value too great for base (error token is "09")
[2026-05-19T20:59:00+0800] 💓 Heartbeat — 20:59 — Watching for updates…
[2026-05-19T21:00:01+0800] 💓 Heartbeat — 21:00 — Watching for updates…
[2026-05-19T21:01:01+0800] 💓 Heartbeat — 21:01 — Watching for updates…
[2026-05-19T21:02:01+0800] 💓 Heartbeat — 21:02 — Watching for updates…
[2026-05-19T21:03:02+0800] 💓 Heartbeat — 21:03 — Watching for updates…
[2026-05-19T21:04:02+0800] 💓 Heartbeat — 21:04 — Watching for updates…
[2026-05-19T21:05:03+0800] 💓 Heartbeat — 21:05 — Watching for updates…
/Users/openclaw/Downloads/MYCHEF . MASTER/control-tower/watcher.sh: line 77: ((: 08: value too great for base (error token is "08")
[2026-05-19T21:06:03+0800] 💓 Heartbeat — 21:06 — Watching for updates…
/Users/openclaw/Downloads/MYCHEF . MASTER/control-tower/watcher.sh: line 77: ((: 08: value too great for base (error token is "08")
[2026-05-19T21:07:03+0800] 💓 Heartbeat — 21:07 — Watching for updates…
/Users/openclaw/Downloads/MYCHEF . MASTER/control-tower/watcher.sh: line 77: ((: 08: value too great for base (error token is "08")
[2026-05-19T21:08:04+0800] 💓 Heartbeat — 21:08 — Watching for updates…
/Users/openclaw/Downloads/MYCHEF . MASTER/control-tower/watcher.sh: line 77: ((: 09: value too great for base (error token is "09")
[2026-05-19T21:09:04+0800] 💓 Heartbeat — 21:09 — Watching for updates…
/Users/openclaw/Downloads/MYCHEF . MASTER/control-tower/watcher.sh: line 77: ((: 09: value too great for base (error token is "09")
[2026-05-19T21:10:04+0800] 💓 Heartbeat — 21:10 — Watching for updates…
/Users/openclaw/Downloads/MYCHEF . MASTER/control-tower/watcher.sh: line 77: ((: 09: value too great for base (error token is "09")
[2026-05-19T21:11:00+0800] 💓 Heartbeat — 21:11 — Watching for updates…
[2026-05-19T21:12:00+0800] 💓 Heartbeat — 21:12 — Watching for updates…
[2026-05-19T21:13:00+0800] 💓 Heartbeat — 21:13 — Watching for updates…
[2026-05-19T21:14:01+0800] 💓 Heartbeat — 21:14 — Watching for updates…
[2026-05-19T21:15:01+0800] 💓 Heartbeat — 21:15 — Watching for updates…
[2026-05-19T21:16:02+0800] 💓 Heartbeat — 21:16 — Watching for updates…
[2026-05-19T21:17:02+0800] 💓 Heartbeat — 21:17 — Watching for updates…
[2026-05-19T21:18:02+0800] 💓 Heartbeat — 21:18 — Watching for updates…
[2026-05-19T21:19:03+0800] 💓 Heartbeat — 21:19 — Watching for updates…
/Users/openclaw/Downloads/MYCHEF . MASTER/control-tower/watcher.sh: line 77: ((: 08: value too great for base (error token is "08")
[2026-05-19T21:20:03+0800] 💓 Heartbeat — 21:20 — Watching for updates…
/Users/openclaw/Downloads/MYCHEF . MASTER/control-tower/watcher.sh: line 77: ((: 08: value too great for base (error token is "08")
[2026-05-19T21:21:03+0800] 💓 Heartbeat — 21:21 — Watching for updates…
/Users/openclaw/Downloads/MYCHEF . MASTER/control-tower/watcher.sh: line 77: ((: 08: value too great for base (error token is "08")
[2026-05-19T21:22:04+0800] 💓 Heartbeat — 21:22 — Watching for updates…
/Users/openclaw/Downloads/MYCHEF . MASTER/control-tower/watcher.sh: line 77: ((: 09: value too great for base (error token is "09")
[2026-05-19T21:23:04+0800] 💓 Heartbeat — 21:23 — Watching for updates…
/Users/openclaw/Downloads/MYCHEF . MASTER/control-tower/watcher.sh: line 77: ((: 09: value too great for base (error token is "09")
[2026-05-19T21:24:04+0800] 💓 Heartbeat — 21:24 — Watching for updates…
/Users/openclaw/Downloads/MYCHEF . MASTER/control-tower/watcher.sh: line 77: ((: 09: value too great for base (error token is "09")
[2026-05-19T21:25:04+0800] 💓 Heartbeat — 21:25 — Watching for updates…
/Users/openclaw/Downloads/MYCHEF . MASTER/control-tower/watcher.sh: line 77: ((: 09: value too great for base (error token is "09")
[2026-05-19T21:26:00+0800] 💓 Heartbeat — 21:26 — Watching for updates…
[2026-05-19T21:27:00+0800] 💓 Heartbeat — 21:27 — Watching for updates…
[2026-05-19T21:28:01+0800] 💓 Heartbeat — 21:28 — Watching for updates…
[2026-05-19T21:29:01+0800] 💓 Heartbeat — 21:29 — Watching for updates…
[2026-05-19T21:30:02+0800] 💓 Heartbeat — 21:30 — Watching for updates…
[2026-05-19T21:31:02+0800] 💓 Heartbeat — 21:31 — Watching for updates…
[2026-05-19T21:32:04+0800] 💓 Heartbeat — 21:32 — Watching for updates…
/Users/openclaw/Downloads/MYCHEF . MASTER/control-tower/watcher.sh: line 77: ((: 09: value too great for base (error token is "09")
[2026-05-19T21:33:02+0800] 💓 Heartbeat — 21:33 — Watching for updates…
[2026-05-19T21:34:00+0800] 💓 Heartbeat — 21:34 — Watching for updates…
[2026-05-19T21:35:01+0800] 💓 Heartbeat — 21:35 — Watching for updates…
[2026-05-19T21:36:02+0800] 💓 Heartbeat — 21:36 — Watching for updates…
[2026-05-19T21:37:03+0800] 💓 Heartbeat — 21:37 — Watching for updates…
/Users/openclaw/Downloads/MYCHEF . MASTER/control-tower/watcher.sh: line 77: ((: 08: value too great for base (error token is "08")
[2026-05-19T21:38:03+0800] 💓 Heartbeat — 21:38 — Watching for updates…
/Users/openclaw/Downloads/MYCHEF . MASTER/control-tower/watcher.sh: line 77: ((: 08: value too great for base (error token is "08")
[2026-05-19T21:39:04+0800] 💓 Heartbeat — 21:39 — Watching for updates…
/Users/openclaw/Downloads/MYCHEF . MASTER/control-tower/watcher.sh: line 77: ((: 09: value too great for base (error token is "09")
[2026-05-19T21:40:04+0800] 💓 Heartbeat — 21:40 — Watching for updates…
/Users/openclaw/Downloads/MYCHEF . MASTER/control-tower/watcher.sh: line 77: ((: 09: value too great for base (error token is "09")
[2026-05-19T21:42:00+0800] 💓 Heartbeat — 21:42 — Watching for updates…
[2026-05-19T21:43:00+0800] 💓 Heartbeat — 21:43 — Watching for updates…
[2026-05-19T21:44:00+0800] 💓 Heartbeat — 21:44 — Watching for updates…
[2026-05-19T21:45:01+0800] 💓 Heartbeat — 21:45 — Watching for updates…
[2026-05-19T21:46:01+0800] 💓 Heartbeat — 21:46 — Watching for updates…
[2026-05-19T21:47:01+0800] 💓 Heartbeat — 21:47 — Watching for updates…
[2026-05-19T21:48:02+0800] 💓 Heartbeat — 21:48 — Watching for updates…
[2026-05-19T21:49:02+0800] 💓 Heartbeat — 21:49 — Watching for updates…
[2026-05-19T21:50:03+0800] 💓 Heartbeat — 21:50 — Watching for updates…
/Users/openclaw/Downloads/MYCHEF . MASTER/control-tower/watcher.sh: line 77: ((: 08: value too great for base (error token is "08")
[2026-05-19T21:51:03+0800] 💓 Heartbeat — 21:51 — Watching for updates…
/Users/openclaw/Downloads/MYCHEF . MASTER/control-tower/watcher.sh: line 77: ((: 08: value too great for base (error token is "08")
[2026-05-19T21:52:04+0800] 💓 Heartbeat — 21:52 — Watching for updates…
/Users/openclaw/Downloads/MYCHEF . MASTER/control-tower/watcher.sh: line 77: ((: 09: value too great for base (error token is "09")
[2026-05-19T21:53:04+0800] 💓 Heartbeat — 21:53 — Watching for updates…
/Users/openclaw/Downloads/MYCHEF . MASTER/control-tower/watcher.sh: line 77: ((: 09: value too great for base (error token is "09")
[2026-05-19T21:54:04+0800] 💓 Heartbeat — 21:54 — Watching for updates…
/Users/openclaw/Downloads/MYCHEF . MASTER/control-tower/watcher.sh: line 77: ((: 09: value too great for base (error token is "09")
[2026-05-19T21:55:04+0800] 💓 Heartbeat — 21:55 — Watching for updates…
/Users/openclaw/Downloads/MYCHEF . MASTER/control-tower/watcher.sh: line 77: ((: 09: value too great for base (error token is "09")
[2026-05-19T21:56:00+0800] 💓 Heartbeat — 21:56 — Watching for updates…
[2026-05-19T21:57:00+0800] 💓 Heartbeat — 21:57 — Watching for updates…
[2026-05-19T21:58:00+0800] 💓 Heartbeat — 21:58 — Watching for updates…
[2026-05-19T21:59:00+0800] 💓 Heartbeat — 21:59 — Watching for updates…
[2026-05-19T22:00:01+0800] 💓 Heartbeat — 22:00 — Watching for updates…
[2026-05-19T22:01:01+0800] 💓 Heartbeat — 22:01 — Watching for updates…
[2026-05-19T22:02:01+0800] 💓 Heartbeat — 22:02 — Watching for updates…
[2026-05-19T22:03:02+0800] 💓 Heartbeat — 22:03 — Watching for updates…
[2026-05-19T22:04:02+0800] 💓 Heartbeat — 22:04 — Watching for updates…
[2026-05-19T22:05:02+0800] 💓 Heartbeat — 22:05 — Watching for updates…
[2026-05-19T22:06:03+0800] 💓 Heartbeat — 22:06 — Watching for updates…
/Users/openclaw/Downloads/MYCHEF . MASTER/control-tower/watcher.sh: line 77: ((: 08: value too great for base (error token is "08")
[2026-05-19T22:07:03+0800] 💓 Heartbeat — 22:07 — Watching for updates…
/Users/openclaw/Downloads/MYCHEF . MASTER/control-tower/watcher.sh: line 77: ((: 08: value too great for base (error token is "08")
[2026-05-19T22:08:03+0800] 💓 Heartbeat — 22:08 — Watching for updates…
/Users/openclaw/Downloads/MYCHEF . MASTER/control-tower/watcher.sh: line 77: ((: 08: value too great for base (error token is "08")
[2026-05-19T22:09:04+0800] 💓 Heartbeat — 22:09 — Watching for updates…
/Users/openclaw/Downloads/MYCHEF . MASTER/control-tower/watcher.sh: line 77: ((: 09: value too great for base (error token is "09")
[2026-05-19T22:10:04+0800] 💓 Heartbeat — 22:10 — Watching for updates…
/Users/openclaw/Downloads/MYCHEF . MASTER/control-tower/watcher.sh: line 77: ((: 09: value too great for base (error token is "09")
[2026-05-19T22:11:04+0800] 💓 Heartbeat — 22:11 — Watching for updates…
/Users/openclaw/Downloads/MYCHEF . MASTER/control-tower/watcher.sh: line 77: ((: 09: value too great for base (error token is "09")
[2026-05-19T22:12:04+0800] 💓 Heartbeat — 22:12 — Watching for updates…
/Users/openclaw/Downloads/MYCHEF . MASTER/control-tower/watcher.sh: line 77: ((: 09: value too great for base (error token is "09")
[2026-05-19T22:13:00+0800] 💓 Heartbeat — 22:13 — Watching for updates…
[2026-05-19T22:14:00+0800] 💓 Heartbeat — 22:14 — Watching for updates…
[2026-05-19T22:15:00+0800] 💓 Heartbeat — 22:15 — Watching for updates…
[2026-05-19T22:16:02+0800] 💓 Heartbeat — 22:16 — Watching for updates…
[2026-05-19T22:17:03+0800] 💓 Heartbeat — 22:17 — Watching for updates…
/Users/openclaw/Downloads/MYCHEF . MASTER/control-tower/watcher.sh: line 77: ((: 08: value too great for base (error token is "08")
[2026-05-19T22:18:03+0800] 💓 Heartbeat — 22:18 — Watching for updates…
/Users/openclaw/Downloads/MYCHEF . MASTER/control-tower/watcher.sh: line 77: ((: 08: value too great for base (error token is "08")
[2026-05-19T22:19:03+0800] 💓 Heartbeat — 22:19 — Watching for updates…
/Users/openclaw/Downloads/MYCHEF . MASTER/control-tower/watcher.sh: line 77: ((: 08: value too great for base (error token is "08")
[2026-05-19T22:20:03+0800] 💓 Heartbeat — 22:20 — Watching for updates…
/Users/openclaw/Downloads/MYCHEF . MASTER/control-tower/watcher.sh: line 77: ((: 08: value too great for base (error token is "08")
[2026-05-19T22:21:04+0800] 💓 Heartbeat — 22:21 — Watching for updates…
/Users/openclaw/Downloads/MYCHEF . MASTER/control-tower/watcher.sh: line 77: ((: 09: value too great for base (error token is "09")
[2026-05-19T22:22:04+0800] 💓 Heartbeat — 22:22 — Watching for updates…
/Users/openclaw/Downloads/MYCHEF . MASTER/control-tower/watcher.sh: line 77: ((: 09: value too great for base (error token is "09")
[2026-05-19T22:23:00+0800] 💓 Heartbeat — 22:23 — Watching for updates…
[2026-05-19T22:24:00+0800] 💓 Heartbeat — 22:24 — Watching for updates…
[2026-05-19T22:25:00+0800] 💓 Heartbeat — 22:25 — Watching for updates…
[2026-05-19T22:26:00+0800] 💓 Heartbeat — 22:26 — Watching for updates…
[2026-05-19T22:27:01+0800] 💓 Heartbeat — 22:27 — Watching for updates…
[2026-05-19T22:28:01+0800] 💓 Heartbeat — 22:28 — Watching for updates…
[2026-05-19T22:29:01+0800] 💓 Heartbeat — 22:29 — Watching for updates…
[2026-05-19T22:30:02+0800] 💓 Heartbeat — 22:30 — Watching for updates…
[2026-05-19T22:31:02+0800] 💓 Heartbeat — 22:31 — Watching for updates…
[2026-05-19T22:32:02+0800] 💓 Heartbeat — 22:32 — Watching for updates…
[2026-05-19T22:33:03+0800] 💓 Heartbeat — 22:33 — Watching for updates…
/Users/openclaw/Downloads/MYCHEF . MASTER/control-tower/watcher.sh: line 77: ((: 08: value too great for base (error token is "08")
[2026-05-19T22:34:03+0800] 💓 Heartbeat — 22:34 — Watching for updates…
/Users/openclaw/Downloads/MYCHEF . MASTER/control-tower/watcher.sh: line 77: ((: 08: value too great for base (error token is "08")
[2026-05-19T22:35:03+0800] 💓 Heartbeat — 22:35 — Watching for updates…
/Users/openclaw/Downloads/MYCHEF . MASTER/control-tower/watcher.sh: line 77: ((: 08: value too great for base (error token is "08")
[2026-05-19T22:36:04+0800] 💓 Heartbeat — 22:36 — Watching for updates…
/Users/openclaw/Downloads/MYCHEF . MASTER/control-tower/watcher.sh: line 77: ((: 09: value too great for base (error token is "09")
[2026-05-19T22:37:04+0800] 💓 Heartbeat — 22:37 — Watching for updates…
/Users/openclaw/Downloads/MYCHEF . MASTER/control-tower/watcher.sh: line 77: ((: 09: value too great for base (error token is "09")
[2026-05-19T22:38:04+0800] 💓 Heartbeat — 22:38 — Watching for updates…
/Users/openclaw/Downloads/MYCHEF . MASTER/control-tower/watcher.sh: line 77: ((: 09: value too great for base (error token is "09")
[2026-05-19T22:39:04+0800] 💓 Heartbeat — 22:39 — Watching for updates…
/Users/openclaw/Downloads/MYCHEF . MASTER/control-tower/watcher.sh: line 77: ((: 09: value too great for base (error token is "09")
[2026-05-19T22:40:00+0800] 💓 Heartbeat — 22:40 — Watching for updates…
[2026-05-19T22:41:00+0800] 💓 Heartbeat — 22:41 — Watching for updates…
[2026-05-19T22:42:00+0800] 💓 Heartbeat — 22:42 — Watching for updates…
[2026-05-19T22:43:01+0800] 💓 Heartbeat — 22:43 — Watching for updates…
[2026-05-19T22:44:01+0800] 💓 Heartbeat — 22:44 — Watching for updates…
[2026-05-19T22:45:01+0800] 💓 Heartbeat — 22:45 — Watching for updates…
[2026-05-19T22:46:02+0800] 💓 Heartbeat — 22:46 — Watching for updates…
[2026-05-19T22:47:02+0800] 💓 Heartbeat — 22:47 — Watching for updates…
[2026-05-19T22:48:02+0800] 💓 Heartbeat — 22:48 — Watching for updates…
[2026-05-19T22:49:02+0800] 💓 Heartbeat — 22:49 — Watching for updates…
[2026-05-19T22:50:03+0800] 💓 Heartbeat — 22:50 — Watching for updates…
/Users/openclaw/Downloads/MYCHEF . MASTER/control-tower/watcher.sh: line 77: ((: 08: value too great for base (error token is "08")
[2026-05-19T22:51:03+0800] 💓 Heartbeat — 22:51 — Watching for updates…
/Users/openclaw/Downloads/MYCHEF . MASTER/control-tower/watcher.sh: line 77: ((: 08: value too great for base (error token is "08")
[2026-05-19T22:52:04+0800] 💓 Heartbeat — 22:52 — Watching for updates…
/Users/openclaw/Downloads/MYCHEF . MASTER/control-tower/watcher.sh: line 77: ((: 09: value too great for base (error token is "09")
[2026-05-19T22:53:04+0800] 💓 Heartbeat — 22:53 — Watching for updates…
/Users/openclaw/Downloads/MYCHEF . MASTER/control-tower/watcher.sh: line 77: ((: 09: value too great for base (error token is "09")
[2026-05-19T22:54:04+0800] 💓 Heartbeat — 22:54 — Watching for updates…
/Users/openclaw/Downloads/MYCHEF . MASTER/control-tower/watcher.sh: line 77: ((: 09: value too great for base (error token is "09")
[2026-05-19T22:55:04+0800] 💓 Heartbeat — 22:55 — Watching for updates…
/Users/openclaw/Downloads/MYCHEF . MASTER/control-tower/watcher.sh: line 77: ((: 09: value too great for base (error token is "09")
[2026-05-19T22:56:00+0800] 💓 Heartbeat — 22:56 — Watching for updates…
[2026-05-19T22:57:00+0800] 💓 Heartbeat — 22:57 — Watching for updates…
[2026-05-19T22:58:00+0800] 💓 Heartbeat — 22:58 — Watching for updates…
[2026-05-19T22:59:00+0800] 💓 Heartbeat — 22:59 — Watching for updates…
[2026-05-19T23:00:01+0800] 💓 Heartbeat — 23:00 — Watching for updates…
[2026-05-19T23:01:01+0800] 💓 Heartbeat — 23:01 — Watching for updates…
[2026-05-19T23:02:02+0800] 💓 Heartbeat — 23:02 — Watching for updates…
[2026-05-19T23:03:02+0800] 💓 Heartbeat — 23:03 — Watching for updates…
[2026-05-19T23:04:02+0800] 💓 Heartbeat — 23:04 — Watching for updates…
[2026-05-19T23:05:02+0800] 💓 Heartbeat — 23:05 — Watching for updates…
[2026-05-19T23:06:03+0800] 💓 Heartbeat — 23:06 — Watching for updates…
/Users/openclaw/Downloads/MYCHEF . MASTER/control-tower/watcher.sh: line 77: ((: 08: value too great for base (error token is "08")
[2026-05-19T23:07:03+0800] 💓 Heartbeat — 23:07 — Watching for updates…
/Users/openclaw/Downloads/MYCHEF . MASTER/control-tower/watcher.sh: line 77: ((: 08: value too great for base (error token is "08")
[2026-05-19T23:08:03+0800] 💓 Heartbeat — 23:08 — Watching for updates…
/Users/openclaw/Downloads/MYCHEF . MASTER/control-tower/watcher.sh: line 77: ((: 08: value too great for base (error token is "08")
[2026-05-19T23:09:04+0800] 💓 Heartbeat — 23:09 — Watching for updates…
/Users/openclaw/Downloads/MYCHEF . MASTER/control-tower/watcher.sh: line 77: ((: 09: value too great for base (error token is "09")
[2026-05-19T23:10:04+0800] 💓 Heartbeat — 23:10 — Watching for updates…
/Users/openclaw/Downloads/MYCHEF . MASTER/control-tower/watcher.sh: line 77: ((: 09: value too great for base (error token is "09")
[2026-05-19T23:11:04+0800] 💓 Heartbeat — 23:11 — Watching for updates…
/Users/openclaw/Downloads/MYCHEF . MASTER/control-tower/watcher.sh: line 77: ((: 09: value too great for base (error token is "09")
[2026-05-19T23:12:00+0800] 💓 Heartbeat — 23:12 — Watching for updates…
[2026-05-19T23:13:00+0800] 💓 Heartbeat — 23:13 — Watching for updates…
[2026-05-19T23:14:00+0800] 💓 Heartbeat — 23:14 — Watching for updates…
[2026-05-19T23:15:00+0800] 💓 Heartbeat — 23:15 — Watching for updates…
[2026-05-19T23:16:01+0800] 💓 Heartbeat — 23:16 — Watching for updates…
[2026-05-19T23:17:01+0800] 💓 Heartbeat — 23:17 — Watching for updates…
[2026-05-19T23:18:01+0800] 💓 Heartbeat — 23:18 — Watching for updates…
[2026-05-19T23:19:02+0800] 💓 Heartbeat — 23:19 — Watching for updates…
[2026-05-19T23:20:02+0800] 💓 Heartbeat — 23:20 — Watching for updates…
[2026-05-19T23:21:02+0800] 💓 Heartbeat — 23:21 — Watching for updates…
[2026-05-19T23:22:02+0800] 💓 Heartbeat — 23:22 — Watching for updates…
[2026-05-19T23:23:03+0800] 💓 Heartbeat — 23:23 — Watching for updates…
/Users/openclaw/Downloads/MYCHEF . MASTER/control-tower/watcher.sh: line 77: ((: 08: value too great for base (error token is "08")
[2026-05-19T23:24:03+0800] 💓 Heartbeat — 23:24 — Watching for updates…
/Users/openclaw/Downloads/MYCHEF . MASTER/control-tower/watcher.sh: line 77: ((: 08: value too great for base (error token is "08")
[2026-05-19T23:25:04+0800] 💓 Heartbeat — 23:25 — Watching for updates…
/Users/openclaw/Downloads/MYCHEF . MASTER/control-tower/watcher.sh: line 77: ((: 09: value too great for base (error token is "09")
[2026-05-19T23:26:04+0800] 💓 Heartbeat — 23:26 — Watching for updates…
/Users/openclaw/Downloads/MYCHEF . MASTER/control-tower/watcher.sh: line 77: ((: 09: value too great for base (error token is "09")
[2026-05-19T23:27:04+0800] 💓 Heartbeat — 23:27 — Watching for updates…
/Users/openclaw/Downloads/MYCHEF . MASTER/control-tower/watcher.sh: line 77: ((: 09: value too great for base (error token is "09")
[2026-05-19T23:28:04+0800] 💓 Heartbeat — 23:28 — Watching for updates…
/Users/openclaw/Downloads/MYCHEF . MASTER/control-tower/watcher.sh: line 77: ((: 09: value too great for base (error token is "09")
[2026-05-19T23:29:00+0800] 💓 Heartbeat — 23:29 — Watching for updates…
[2026-05-19T23:30:00+0800] 💓 Heartbeat — 23:30 — Watching for updates…
[2026-05-19T23:31:00+0800] 💓 Heartbeat — 23:31 — Watching for updates…
[2026-05-19T23:32:01+0800] 💓 Heartbeat — 23:32 — Watching for updates…
[2026-05-19T23:33:01+0800] 💓 Heartbeat — 23:33 — Watching for updates…
[2026-05-19T23:34:01+0800] 💓 Heartbeat — 23:34 — Watching for updates…
[2026-05-19T23:35:01+0800] 💓 Heartbeat — 23:35 — Watching for updates…
[2026-05-19T23:36:02+0800] 💓 Heartbeat — 23:36 — Watching for updates…
[2026-05-19T23:37:02+0800] 💓 Heartbeat — 23:37 — Watching for updates…
[2026-05-19T23:38:03+0800] 💓 Heartbeat — 23:38 — Watching for updates…
/Users/openclaw/Downloads/MYCHEF . MASTER/control-tower/watcher.sh: line 77: ((: 08: value too great for base (error token is "08")
[2026-05-19T23:39:03+0800] 💓 Heartbeat — 23:39 — Watching for updates…
/Users/openclaw/Downloads/MYCHEF . MASTER/control-tower/watcher.sh: line 77: ((: 08: value too great for base (error token is "08")
[2026-05-19T23:40:03+0800] 💓 Heartbeat — 23:40 — Watching for updates…
/Users/openclaw/Downloads/MYCHEF . MASTER/control-tower/watcher.sh: line 77: ((: 08: value too great for base (error token is "08")
[2026-05-19T23:41:04+0800] 💓 Heartbeat — 23:41 — Watching for updates…
/Users/openclaw/Downloads/MYCHEF . MASTER/control-tower/watcher.sh: line 77: ((: 09: value too great for base (error token is "09")
[2026-05-19T23:42:04+0800] 💓 Heartbeat — 23:42 — Watching for updates…
/Users/openclaw/Downloads/MYCHEF . MASTER/control-tower/watcher.sh: line 77: ((: 09: value too great for base (error token is "09")
[2026-05-19T23:43:04+0800] 💓 Heartbeat — 23:43 — Watching for updates…
/Users/openclaw/Downloads/MYCHEF . MASTER/control-tower/watcher.sh: line 77: ((: 09: value too great for base (error token is "09")
[2026-05-19T23:44:00+0800] 💓 Heartbeat — 23:44 — Watching for updates…
[2026-05-19T23:45:00+0800] 💓 Heartbeat — 23:45 — Watching for updates…
[2026-05-19T23:46:00+0800] 💓 Heartbeat — 23:46 — Watching for updates…
[2026-05-19T23:47:01+0800] 💓 Heartbeat — 23:47 — Watching for updates…
[2026-05-19T23:48:01+0800] 💓 Heartbeat — 23:48 — Watching for updates…
[2026-05-19T23:49:01+0800] 💓 Heartbeat — 23:49 — Watching for updates…
[2026-05-19T23:50:01+0800] 💓 Heartbeat — 23:50 — Watching for updates…
[2026-05-19T23:51:02+0800] 💓 Heartbeat — 23:51 — Watching for updates…
[2026-05-19T23:52:02+0800] 💓 Heartbeat — 23:52 — Watching for updates…
[2026-05-19T23:53:02+0800] 💓 Heartbeat — 23:53 — Watching for updates…
[2026-05-19T23:54:03+0800] 💓 Heartbeat — 23:54 — Watching for updates…
/Users/openclaw/Downloads/MYCHEF . MASTER/control-tower/watcher.sh: line 77: ((: 08: value too great for base (error token is "08")
[2026-05-19T23:55:03+0800] 💓 Heartbeat — 23:55 — Watching for updates…
/Users/openclaw/Downloads/MYCHEF . MASTER/control-tower/watcher.sh: line 77: ((: 08: value too great for base (error token is "08")
[2026-05-19T23:56:03+0800] 💓 Heartbeat — 23:56 — Watching for updates…
/Users/openclaw/Downloads/MYCHEF . MASTER/control-tower/watcher.sh: line 77: ((: 08: value too great for base (error token is "08")
[2026-05-19T23:57:03+0800] 💓 Heartbeat — 23:57 — Watching for updates…
/Users/openclaw/Downloads/MYCHEF . MASTER/control-tower/watcher.sh: line 77: ((: 08: value too great for base (error token is "08")
[2026-05-19T23:58:04+0800] 💓 Heartbeat — 23:58 — Watching for updates…
/Users/openclaw/Downloads/MYCHEF . MASTER/control-tower/watcher.sh: line 77: ((: 09: value too great for base (error token is "09")
[2026-05-19T23:59:04+0800] 💓 Heartbeat — 23:59 — Watching for updates…
/Users/openclaw/Downloads/MYCHEF . MASTER/control-tower/watcher.sh: line 77: ((: 09: value too great for base (error token is "09")
[2026-05-20T00:00:04+0800] 💓 Heartbeat — 00:00 — Watching for updates…
/Users/openclaw/Downloads/MYCHEF . MASTER/control-tower/watcher.sh: line 77: ((: 09: value too great for base (error token is "09")
[2026-05-20T00:01:00+0800] 💓 Heartbeat — 00:01 — Watching for updates…
[2026-05-20T00:02:00+0800] 💓 Heartbeat — 00:02 — Watching for updates…
[2026-05-20T00:03:00+0800] 💓 Heartbeat — 00:03 — Watching for updates…
[2026-05-20T00:04:01+0800] 💓 Heartbeat — 00:04 — Watching for updates…
[2026-05-20T00:05:01+0800] 💓 Heartbeat — 00:05 — Watching for updates…
[2026-05-20T00:06:01+0800] 💓 Heartbeat — 00:06 — Watching for updates…
[2026-05-20T00:07:01+0800] 💓 Heartbeat — 00:07 — Watching for updates…
[2026-05-20T00:08:02+0800] 💓 Heartbeat — 00:08 — Watching for updates…
[2026-05-20T00:09:02+0800] 💓 Heartbeat — 00:09 — Watching for updates…
[2026-05-20T00:10:02+0800] 💓 Heartbeat — 00:10 — Watching for updates…
[2026-05-20T00:11:03+0800] 💓 Heartbeat — 00:11 — Watching for updates…
/Users/openclaw/Downloads/MYCHEF . MASTER/control-tower/watcher.sh: line 77: ((: 08: value too great for base (error token is "08")
[2026-05-20T00:12:03+0800] 💓 Heartbeat — 00:12 — Watching for updates…
/Users/openclaw/Downloads/MYCHEF . MASTER/control-tower/watcher.sh: line 77: ((: 08: value too great for base (error token is "08")
[2026-05-20T00:13:03+0800] 💓 Heartbeat — 00:13 — Watching for updates…
/Users/openclaw/Downloads/MYCHEF . MASTER/control-tower/watcher.sh: line 77: ((: 08: value too great for base (error token is "08")
[2026-05-20T00:14:03+0800] 💓 Heartbeat — 00:14 — Watching for updates…
/Users/openclaw/Downloads/MYCHEF . MASTER/control-tower/watcher.sh: line 77: ((: 08: value too great for base (error token is "08")
[2026-05-20T00:15:04+0800] 💓 Heartbeat — 00:15 — Watching for updates…
/Users/openclaw/Downloads/MYCHEF . MASTER/control-tower/watcher.sh: line 77: ((: 09: value too great for base (error token is "09")
[2026-05-20T00:16:04+0800] 💓 Heartbeat — 00:16 — Watching for updates…
/Users/openclaw/Downloads/MYCHEF . MASTER/control-tower/watcher.sh: line 77: ((: 09: value too great for base (error token is "09")
[2026-05-20T00:17:00+0800] 💓 Heartbeat — 00:17 — Watching for updates…
[2026-05-20T00:18:00+0800] 💓 Heartbeat — 00:18 — Watching for updates…
[2026-05-20T00:19:00+0800] 💓 Heartbeat — 00:19 — Watching for updates…
[2026-05-20T00:20:01+0800] 💓 Heartbeat — 00:20 — Watching for updates…
[2026-05-20T00:21:01+0800] 💓 Heartbeat — 00:21 — Watching for updates…
[2026-05-20T00:22:01+0800] 💓 Heartbeat — 00:22 — Watching for updates…
[2026-05-20T00:23:01+0800] 💓 Heartbeat — 00:23 — Watching for updates…
[2026-05-20T00:24:02+0800] 💓 Heartbeat — 00:24 — Watching for updates…
[2026-05-20T00:25:02+0800] 💓 Heartbeat — 00:25 — Watching for updates…
[2026-05-20T00:26:02+0800] 💓 Heartbeat — 00:26 — Watching for updates…
[2026-05-20T00:27:03+0800] 💓 Heartbeat — 00:27 — Watching for updates…
/Users/openclaw/Downloads/MYCHEF . MASTER/control-tower/watcher.sh: line 77: ((: 08: value too great for base (error token is "08")
[2026-05-20T00:28:03+0800] 💓 Heartbeat — 00:28 — Watching for updates…
/Users/openclaw/Downloads/MYCHEF . MASTER/control-tower/watcher.sh: line 77: ((: 08: value too great for base (error token is "08")
[2026-05-20T00:29:03+0800] 💓 Heartbeat — 00:29 — Watching for updates…
/Users/openclaw/Downloads/MYCHEF . MASTER/control-tower/watcher.sh: line 77: ((: 08: value too great for base (error token is "08")
[2026-05-20T00:30:03+0800] 💓 Heartbeat — 00:30 — Watching for updates…
/Users/openclaw/Downloads/MYCHEF . MASTER/control-tower/watcher.sh: line 77: ((: 08: value too great for base (error token is "08")
[2026-05-20T00:31:04+0800] 💓 Heartbeat — 00:31 — Watching for updates…
/Users/openclaw/Downloads/MYCHEF . MASTER/control-tower/watcher.sh: line 77: ((: 09: value too great for base (error token is "09")
[2026-05-20T00:32:04+0800] 💓 Heartbeat — 00:32 — Watching for updates…
/Users/openclaw/Downloads/MYCHEF . MASTER/control-tower/watcher.sh: line 77: ((: 09: value too great for base (error token is "09")
[2026-05-20T00:33:04+0800] 💓 Heartbeat — 00:33 — Watching for updates…
/Users/openclaw/Downloads/MYCHEF . MASTER/control-tower/watcher.sh: line 77: ((: 09: value too great for base (error token is "09")
[2026-05-20T00:34:04+0800] 💓 Heartbeat — 00:34 — Watching for updates…
/Users/openclaw/Downloads/MYCHEF . MASTER/control-tower/watcher.sh: line 77: ((: 09: value too great for base (error token is "09")
[2026-05-20T00:35:00+0800] 💓 Heartbeat — 00:35 — Watching for updates…
[2026-05-20T00:36:00+0800] 💓 Heartbeat — 00:36 — Watching for updates…
[2026-05-20T00:37:01+0800] 💓 Heartbeat — 00:37 — Watching for updates…
[2026-05-20T00:38:01+0800] 💓 Heartbeat — 00:38 — Watching for updates…
[2026-05-20T00:39:01+0800] 💓 Heartbeat — 00:39 — Watching for updates…
[2026-05-20T00:40:01+0800] 💓 Heartbeat — 00:40 — Watching for updates…
[2026-05-20T00:41:02+0800] 💓 Heartbeat — 00:41 — Watching for updates…
[2026-05-20T00:42:02+0800] 💓 Heartbeat — 00:42 — Watching for updates…
[2026-05-20T00:43:02+0800] 💓 Heartbeat — 00:43 — Watching for updates…
/Users/openclaw/Downloads/MYCHEF . MASTER/control-tower/watcher.sh: line 77: ((: 08: value too great for base (error token is "08")
[2026-05-20T00:44:03+0800] 💓 Heartbeat — 00:44 — Watching for updates…
/Users/openclaw/Downloads/MYCHEF . MASTER/control-tower/watcher.sh: line 77: ((: 08: value too great for base (error token is "08")
[2026-05-20T00:45:03+0800] 💓 Heartbeat — 00:45 — Watching for updates…
/Users/openclaw/Downloads/MYCHEF . MASTER/control-tower/watcher.sh: line 77: ((: 08: value too great for base (error token is "08")
[2026-05-20T00:46:03+0800] 💓 Heartbeat — 00:46 — Watching for updates…
/Users/openclaw/Downloads/MYCHEF . MASTER/control-tower/watcher.sh: line 77: ((: 08: value too great for base (error token is "08")
[2026-05-20T00:47:04+0800] 💓 Heartbeat — 00:47 — Watching for updates…
/Users/openclaw/Downloads/MYCHEF . MASTER/control-tower/watcher.sh: line 77: ((: 09: value too great for base (error token is "09")
[2026-05-20T00:48:04+0800] 💓 Heartbeat — 00:48 — Watching for updates…
/Users/openclaw/Downloads/MYCHEF . MASTER/control-tower/watcher.sh: line 77: ((: 09: value too great for base (error token is "09")
[2026-05-20T00:49:04+0800] 💓 Heartbeat — 00:49 — Watching for updates…
/Users/openclaw/Downloads/MYCHEF . MASTER/control-tower/watcher.sh: line 77: ((: 09: value too great for base (error token is "09")
[2026-05-20T00:50:00+0800] 💓 Heartbeat — 00:50 — Watching for updates…
[2026-05-20T00:51:00+0800] 💓 Heartbeat — 00:51 — Watching for updates…
[2026-05-20T00:52:00+0800] 💓 Heartbeat — 00:52 — Watching for updates…
[2026-05-20T00:53:01+0800] 💓 Heartbeat — 00:53 — Watching for updates…
[2026-05-20T00:54:01+0800] 💓 Heartbeat — 00:54 — Watching for updates…
[2026-05-20T00:55:01+0800] 💓 Heartbeat — 00:55 — Watching for updates…
[2026-05-20T00:56:01+0800] 💓 Heartbeat — 00:56 — Watching for updates…
[2026-05-20T00:57:02+0800] 💓 Heartbeat — 00:57 — Watching for updates…
[2026-05-20T00:58:02+0800] 💓 Heartbeat — 00:58 — Watching for updates…
[2026-05-20T00:59:02+0800] 💓 Heartbeat — 00:59 — Watching for updates…
[2026-05-20T01:00:03+0800] 💓 Heartbeat — 01:00 — Watching for updates…
/Users/openclaw/Downloads/MYCHEF . MASTER/control-tower/watcher.sh: line 77: ((: 08: value too great for base (error token is "08")
[2026-05-20T01:01:03+0800] 💓 Heartbeat — 01:01 — Watching for updates…
/Users/openclaw/Downloads/MYCHEF . MASTER/control-tower/watcher.sh: line 77: ((: 08: value too great for base (error token is "08")
[2026-05-20T01:02:03+0800] 💓 Heartbeat — 01:02 — Watching for updates…
/Users/openclaw/Downloads/MYCHEF . MASTER/control-tower/watcher.sh: line 77: ((: 08: value too great for base (error token is "08")
[2026-05-20T01:03:03+0800] 💓 Heartbeat — 01:03 — Watching for updates…
/Users/openclaw/Downloads/MYCHEF . MASTER/control-tower/watcher.sh: line 77: ((: 08: value too great for base (error token is "08")
[2026-05-20T01:04:04+0800] 💓 Heartbeat — 01:04 — Watching for updates…
/Users/openclaw/Downloads/MYCHEF . MASTER/control-tower/watcher.sh: line 77: ((: 09: value too great for base (error token is "09")
[2026-05-20T01:05:04+0800] 💓 Heartbeat — 01:05 — Watching for updates…
/Users/openclaw/Downloads/MYCHEF . MASTER/control-tower/watcher.sh: line 77: ((: 09: value too great for base (error token is "09")
[2026-05-20T01:06:04+0800] 💓 Heartbeat — 01:06 — Watching for updates…
/Users/openclaw/Downloads/MYCHEF . MASTER/control-tower/watcher.sh: line 77: ((: 09: value too great for base (error token is "09")
[2026-05-20T01:07:00+0800] 💓 Heartbeat — 01:07 — Watching for updates…
[2026-05-20T01:08:00+0800] 💓 Heartbeat — 01:08 — Watching for updates…
[2026-05-20T01:09:00+0800] 💓 Heartbeat — 01:09 — Watching for updates…
[2026-05-20T01:10:00+0800] 💓 Heartbeat — 01:10 — Watching for updates…
[2026-05-20T01:11:01+0800] 💓 Heartbeat — 01:11 — Watching for updates…
[2026-05-20T01:12:01+0800] 💓 Heartbeat — 01:12 — Watching for updates…
[2026-05-20T01:13:01+0800] 💓 Heartbeat — 01:13 — Watching for updates…
[2026-05-20T01:14:02+0800] 💓 Heartbeat — 01:14 — Watching for updates…
[2026-05-20T01:15:02+0800] 💓 Heartbeat — 01:15 — Watching for updates…
[2026-05-20T01:16:02+0800] 💓 Heartbeat — 01:16 — Watching for updates…
[2026-05-20T01:17:03+0800] 💓 Heartbeat — 01:17 — Watching for updates…
/Users/openclaw/Downloads/MYCHEF . MASTER/control-tower/watcher.sh: line 77: ((: 08: value too great for base (error token is "08")
[2026-05-20T01:18:03+0800] 💓 Heartbeat — 01:18 — Watching for updates…
/Users/openclaw/Downloads/MYCHEF . MASTER/control-tower/watcher.sh: line 77: ((: 08: value too great for base (error token is "08")
[2026-05-20T01:19:03+0800] 💓 Heartbeat — 01:19 — Watching for updates…
/Users/openclaw/Downloads/MYCHEF . MASTER/control-tower/watcher.sh: line 77: ((: 08: value too great for base (error token is "08")
[2026-05-20T01:20:03+0800] 💓 Heartbeat — 01:20 — Watching for updates…
/Users/openclaw/Downloads/MYCHEF . MASTER/control-tower/watcher.sh: line 77: ((: 08: value too great for base (error token is "08")
[2026-05-20T01:21:04+0800] 💓 Heartbeat — 01:21 — Watching for updates…
/Users/openclaw/Downloads/MYCHEF . MASTER/control-tower/watcher.sh: line 77: ((: 09: value too great for base (error token is "09")
[2026-05-20T01:22:04+0800] 💓 Heartbeat — 01:22 — Watching for updates…
/Users/openclaw/Downloads/MYCHEF . MASTER/control-tower/watcher.sh: line 77: ((: 09: value too great for base (error token is "09")
[2026-05-20T01:23:00+0800] 💓 Heartbeat — 01:23 — Watching for updates…
[2026-05-20T01:24:00+0800] 💓 Heartbeat — 01:24 — Watching for updates…
[2026-05-20T01:25:00+0800] 💓 Heartbeat — 01:25 — Watching for updates…
[2026-05-20T01:26:00+0800] 💓 Heartbeat — 01:26 — Watching for updates…
[2026-05-20T01:27:01+0800] 💓 Heartbeat — 01:27 — Watching for updates…
[2026-05-20T01:28:01+0800] 💓 Heartbeat — 01:28 — Watching for updates…
[2026-05-20T01:29:01+0800] 💓 Heartbeat — 01:29 — Watching for updates…
[2026-05-20T01:30:02+0800] 💓 Heartbeat — 01:30 — Watching for updates…
[2026-05-20T01:31:02+0800] 💓 Heartbeat — 01:31 — Watching for updates…
[2026-05-20T01:32:02+0800] 💓 Heartbeat — 01:32 — Watching for updates…
[2026-05-20T01:33:03+0800] 💓 Heartbeat — 01:33 — Watching for updates…
/Users/openclaw/Downloads/MYCHEF . MASTER/control-tower/watcher.sh: line 77: ((: 08: value too great for base (error token is "08")
[2026-05-20T01:34:03+0800] 💓 Heartbeat — 01:34 — Watching for updates…
/Users/openclaw/Downloads/MYCHEF . MASTER/control-tower/watcher.sh: line 77: ((: 08: value too great for base (error token is "08")
[2026-05-20T01:35:03+0800] 💓 Heartbeat — 01:35 — Watching for updates…
/Users/openclaw/Downloads/MYCHEF . MASTER/control-tower/watcher.sh: line 77: ((: 08: value too great for base (error token is "08")
[2026-05-20T01:36:04+0800] 💓 Heartbeat — 01:36 — Watching for updates…
/Users/openclaw/Downloads/MYCHEF . MASTER/control-tower/watcher.sh: line 77: ((: 09: value too great for base (error token is "09")
[2026-05-20T01:37:04+0800] 💓 Heartbeat — 01:37 — Watching for updates…
/Users/openclaw/Downloads/MYCHEF . MASTER/control-tower/watcher.sh: line 77: ((: 09: value too great for base (error token is "09")
[2026-05-20T01:38:04+0800] 💓 Heartbeat — 01:38 — Watching for updates…
/Users/openclaw/Downloads/MYCHEF . MASTER/control-tower/watcher.sh: line 77: ((: 09: value too great for base (error token is "09")
[2026-05-20T01:39:04+0800] 💓 Heartbeat — 01:39 — Watching for updates…
/Users/openclaw/Downloads/MYCHEF . MASTER/control-tower/watcher.sh: line 77: ((: 09: value too great for base (error token is "09")
[2026-05-20T01:40:00+0800] 💓 Heartbeat — 01:40 — Watching for updates…
[2026-05-20T01:41:00+0800] 💓 Heartbeat — 01:41 — Watching for updates…
[2026-05-20T01:42:00+0800] 💓 Heartbeat — 01:42 — Watching for updates…
[2026-05-20T01:43:01+0800] 💓 Heartbeat — 01:43 — Watching for updates…
[2026-05-20T01:44:01+0800] 💓 Heartbeat — 01:44 — Watching for updates…
[2026-05-20T01:45:01+0800] 💓 Heartbeat — 01:45 — Watching for updates…
[2026-05-20T01:46:02+0800] 💓 Heartbeat — 01:46 — Watching for updates…
[2026-05-20T01:47:02+0800] 💓 Heartbeat — 01:47 — Watching for updates…
[2026-05-20T01:48:02+0800] 💓 Heartbeat — 01:48 — Watching for updates…
[2026-05-20T01:49:03+0800] 💓 Heartbeat — 01:49 — Watching for updates…
/Users/openclaw/Downloads/MYCHEF . MASTER/control-tower/watcher.sh: line 77: ((: 08: value too great for base (error token is "08")
[2026-05-20T01:50:03+0800] 💓 Heartbeat — 01:50 — Watching for updates…
/Users/openclaw/Downloads/MYCHEF . MASTER/control-tower/watcher.sh: line 77: ((: 08: value too great for base (error token is "08")
[2026-05-20T01:51:03+0800] 💓 Heartbeat — 01:51 — Watching for updates…
/Users/openclaw/Downloads/MYCHEF . MASTER/control-tower/watcher.sh: line 77: ((: 08: value too great for base (error token is "08")
[2026-05-20T01:52:04+0800] 💓 Heartbeat — 01:52 — Watching for updates…
/Users/openclaw/Downloads/MYCHEF . MASTER/control-tower/watcher.sh: line 77: ((: 09: value too great for base (error token is "09")
[2026-05-20T01:53:04+0800] 💓 Heartbeat — 01:53 — Watching for updates…
/Users/openclaw/Downloads/MYCHEF . MASTER/control-tower/watcher.sh: line 77: ((: 09: value too great for base (error token is "09")
[2026-05-20T01:54:04+0800] 💓 Heartbeat — 01:54 — Watching for updates…
/Users/openclaw/Downloads/MYCHEF . MASTER/control-tower/watcher.sh: line 77: ((: 09: value too great for base (error token is "09")
[2026-05-20T01:55:00+0800] 💓 Heartbeat — 01:55 — Watching for updates…
[2026-05-20T01:56:00+0800] 💓 Heartbeat — 01:56 — Watching for updates…
[2026-05-20T01:57:00+0800] 💓 Heartbeat — 01:57 — Watching for updates…
[2026-05-20T01:58:01+0800] 💓 Heartbeat — 01:58 — Watching for updates…
[2026-05-20T01:59:01+0800] 💓 Heartbeat — 01:59 — Watching for updates…
[2026-05-20T02:00:01+0800] 💓 Heartbeat — 02:00 — Watching for updates…
[2026-05-20T02:01:02+0800] 💓 Heartbeat — 02:01 — Watching for updates…
[2026-05-20T02:02:02+0800] 💓 Heartbeat — 02:02 — Watching for updates…
[2026-05-20T02:03:02+0800] 💓 Heartbeat — 02:03 — Watching for updates…
[2026-05-20T02:04:03+0800] 💓 Heartbeat — 02:04 — Watching for updates…
/Users/openclaw/Downloads/MYCHEF . MASTER/control-tower/watcher.sh: line 77: ((: 08: value too great for base (error token is "08")
[2026-05-20T02:05:03+0800] 💓 Heartbeat — 02:05 — Watching for updates…
/Users/openclaw/Downloads/MYCHEF . MASTER/control-tower/watcher.sh: line 77: ((: 08: value too great for base (error token is "08")
[2026-05-20T02:06:03+0800] 💓 Heartbeat — 02:06 — Watching for updates…
/Users/openclaw/Downloads/MYCHEF . MASTER/control-tower/watcher.sh: line 77: ((: 08: value too great for base (error token is "08")
[2026-05-20T02:07:04+0800] 💓 Heartbeat — 02:07 — Watching for updates…
/Users/openclaw/Downloads/MYCHEF . MASTER/control-tower/watcher.sh: line 77: ((: 09: value too great for base (error token is "09")
[2026-05-20T02:08:04+0800] 💓 Heartbeat — 02:08 — Watching for updates…
/Users/openclaw/Downloads/MYCHEF . MASTER/control-tower/watcher.sh: line 77: ((: 09: value too great for base (error token is "09")
[2026-05-20T02:09:04+0800] 💓 Heartbeat — 02:09 — Watching for updates…
/Users/openclaw/Downloads/MYCHEF . MASTER/control-tower/watcher.sh: line 77: ((: 09: value too great for base (error token is "09")
[2026-05-20T02:10:00+0800] 💓 Heartbeat — 02:10 — Watching for updates…
[2026-05-20T02:11:00+0800] 💓 Heartbeat — 02:11 — Watching for updates…
[2026-05-20T02:12:00+0800] 💓 Heartbeat — 02:12 — Watching for updates…
[2026-05-20T02:13:01+0800] 💓 Heartbeat — 02:13 — Watching for updates…
[2026-05-20T02:14:01+0800] 💓 Heartbeat — 02:14 — Watching for updates…
[2026-05-20T02:15:01+0800] 💓 Heartbeat — 02:15 — Watching for updates…
[2026-05-20T02:16:02+0800] 💓 Heartbeat — 02:16 — Watching for updates…
[2026-05-20T02:17:02+0800] 💓 Heartbeat — 02:17 — Watching for updates…
[2026-05-20T02:18:03+0800] 💓 Heartbeat — 02:18 — Watching for updates…
/Users/openclaw/Downloads/MYCHEF . MASTER/control-tower/watcher.sh: line 77: ((: 08: value too great for base (error token is "08")
[2026-05-20T02:19:03+0800] 💓 Heartbeat — 02:19 — Watching for updates…
/Users/openclaw/Downloads/MYCHEF . MASTER/control-tower/watcher.sh: line 77: ((: 08: value too great for base (error token is "08")
[2026-05-20T02:20:03+0800] 💓 Heartbeat — 02:20 — Watching for updates…
/Users/openclaw/Downloads/MYCHEF . MASTER/control-tower/watcher.sh: line 77: ((: 08: value too great for base (error token is "08")
[2026-05-20T02:21:03+0800] 💓 Heartbeat — 02:21 — Watching for updates…
/Users/openclaw/Downloads/MYCHEF . MASTER/control-tower/watcher.sh: line 77: ((: 08: value too great for base (error token is "08")
[2026-05-20T02:22:04+0800] 💓 Heartbeat — 02:22 — Watching for updates…
/Users/openclaw/Downloads/MYCHEF . MASTER/control-tower/watcher.sh: line 77: ((: 09: value too great for base (error token is "09")
[2026-05-20T02:23:04+0800] 💓 Heartbeat — 02:23 — Watching for updates…
/Users/openclaw/Downloads/MYCHEF . MASTER/control-tower/watcher.sh: line 77: ((: 09: value too great for base (error token is "09")
[2026-05-20T02:24:04+0800] 💓 Heartbeat — 02:24 — Watching for updates…
/Users/openclaw/Downloads/MYCHEF . MASTER/control-tower/watcher.sh: line 77: ((: 09: value too great for base (error token is "09")
[2026-05-20T02:25:00+0800] 💓 Heartbeat — 02:25 — Watching for updates…
[2026-05-20T02:26:00+0800] 💓 Heartbeat — 02:26 — Watching for updates…
[2026-05-20T02:27:00+0800] 💓 Heartbeat — 02:27 — Watching for updates…
[2026-05-20T02:28:01+0800] 💓 Heartbeat — 02:28 — Watching for updates…
[2026-05-20T02:29:01+0800] 💓 Heartbeat — 02:29 — Watching for updates…
[2026-05-20T02:30:01+0800] 💓 Heartbeat — 02:30 — Watching for updates…
[2026-05-20T02:31:02+0800] 💓 Heartbeat — 02:31 — Watching for updates…
[2026-05-20T02:32:02+0800] 💓 Heartbeat — 02:32 — Watching for updates…
[2026-05-20T02:33:03+0800] 💓 Heartbeat — 02:33 — Watching for updates…
/Users/openclaw/Downloads/MYCHEF . MASTER/control-tower/watcher.sh: line 77: ((: 08: value too great for base (error token is "08")
[2026-05-20T02:34:03+0800] 💓 Heartbeat — 02:34 — Watching for updates…
/Users/openclaw/Downloads/MYCHEF . MASTER/control-tower/watcher.sh: line 77: ((: 08: value too great for base (error token is "08")
[2026-05-20T02:35:03+0800] 💓 Heartbeat — 02:35 — Watching for updates…
/Users/openclaw/Downloads/MYCHEF . MASTER/control-tower/watcher.sh: line 77: ((: 08: value too great for base (error token is "08")
[2026-05-20T02:36:04+0800] 💓 Heartbeat — 02:36 — Watching for updates…
/Users/openclaw/Downloads/MYCHEF . MASTER/control-tower/watcher.sh: line 77: ((: 09: value too great for base (error token is "09")
[2026-05-20T02:37:04+0800] 💓 Heartbeat — 02:37 — Watching for updates…
/Users/openclaw/Downloads/MYCHEF . MASTER/control-tower/watcher.sh: line 77: ((: 09: value too great for base (error token is "09")
[2026-05-20T02:38:04+0800] 💓 Heartbeat — 02:38 — Watching for updates…
/Users/openclaw/Downloads/MYCHEF . MASTER/control-tower/watcher.sh: line 77: ((: 09: value too great for base (error token is "09")
[2026-05-20T02:39:04+0800] 💓 Heartbeat — 02:39 — Watching for updates…
[2026-05-20T02:40:00+0800] 💓 Heartbeat — 02:40 — Watching for updates…
[2026-05-20T02:41:04+0800] 💓 Heartbeat — 02:41 — Watching for updates…
/Users/openclaw/Downloads/MYCHEF . MASTER/control-tower/watcher.sh: line 77: ((: 09: value too great for base (error token is "09")
[2026-05-20T02:42:00+0800] 💓 Heartbeat — 02:42 — Watching for updates…
[2026-05-20T02:43:00+0800] 💓 Heartbeat — 02:43 — Watching for updates…
[2026-05-20T02:44:01+0800] 💓 Heartbeat — 02:44 — Watching for updates…
[2026-05-20T02:45:01+0800] 💓 Heartbeat — 02:45 — Watching for updates…
[2026-05-20T02:46:02+0800] 💓 Heartbeat — 02:46 — Watching for updates…
[2026-05-20T02:47:02+0800] 💓 Heartbeat — 02:47 — Watching for updates…
[2026-05-20T02:48:02+0800] 💓 Heartbeat — 02:48 — Watching for updates…
[2026-05-20T02:49:03+0800] 💓 Heartbeat — 02:49 — Watching for updates…
/Users/openclaw/Downloads/MYCHEF . MASTER/control-tower/watcher.sh: line 77: ((: 08: value too great for base (error token is "08")
[2026-05-20T02:50:03+0800] 💓 Heartbeat — 02:50 — Watching for updates…
/Users/openclaw/Downloads/MYCHEF . MASTER/control-tower/watcher.sh: line 77: ((: 08: value too great for base (error token is "08")
[2026-05-20T02:51:03+0800] 💓 Heartbeat — 02:51 — Watching for updates…
/Users/openclaw/Downloads/MYCHEF . MASTER/control-tower/watcher.sh: line 77: ((: 08: value too great for base (error token is "08")
[2026-05-20T02:52:04+0800] 💓 Heartbeat — 02:52 — Watching for updates…
/Users/openclaw/Downloads/MYCHEF . MASTER/control-tower/watcher.sh: line 77: ((: 09: value too great for base (error token is "09")
[2026-05-20T02:53:04+0800] 💓 Heartbeat — 02:53 — Watching for updates…
/Users/openclaw/Downloads/MYCHEF . MASTER/control-tower/watcher.sh: line 77: ((: 09: value too great for base (error token is "09")
[2026-05-20T02:54:04+0800] 💓 Heartbeat — 02:54 — Watching for updates…
/Users/openclaw/Downloads/MYCHEF . MASTER/control-tower/watcher.sh: line 77: ((: 09: value too great for base (error token is "09")
[2026-05-20T02:55:04+0800] 💓 Heartbeat — 02:55 — Watching for updates…
/Users/openclaw/Downloads/MYCHEF . MASTER/control-tower/watcher.sh: line 77: ((: 09: value too great for base (error token is "09")
[2026-05-20T02:56:00+0800] 💓 Heartbeat — 02:56 — Watching for updates…
[2026-05-20T02:57:00+0800] 💓 Heartbeat — 02:57 — Watching for updates…
[2026-05-20T02:58:01+0800] 💓 Heartbeat — 02:58 — Watching for updates…
[2026-05-20T02:59:01+0800] 💓 Heartbeat — 02:59 — Watching for updates…
[2026-05-20T03:00:01+0800] 💓 Heartbeat — 03:00 — Watching for updates…
[2026-05-20T03:01:03+0800] 💓 Heartbeat — 03:01 — Watching for updates…
/Users/openclaw/Downloads/MYCHEF . MASTER/control-tower/watcher.sh: line 77: ((: 08: value too great for base (error token is "08")
[2026-05-20T03:02:03+0800] 💓 Heartbeat — 03:02 — Watching for updates…
/Users/openclaw/Downloads/MYCHEF . MASTER/control-tower/watcher.sh: line 77: ((: 08: value too great for base (error token is "08")
[2026-05-20T03:03:04+0800] 💓 Heartbeat — 03:03 — Watching for updates…
/Users/openclaw/Downloads/MYCHEF . MASTER/control-tower/watcher.sh: line 77: ((: 09: value too great for base (error token is "09")
[2026-05-20T03:04:04+0800] 💓 Heartbeat — 03:04 — Watching for updates…
/Users/openclaw/Downloads/MYCHEF . MASTER/control-tower/watcher.sh: line 77: ((: 09: value too great for base (error token is "09")
[2026-05-20T03:05:04+0800] 💓 Heartbeat — 03:05 — Watching for updates…
/Users/openclaw/Downloads/MYCHEF . MASTER/control-tower/watcher.sh: line 77: ((: 09: value too great for base (error token is "09")
[2026-05-20T03:06:00+0800] 💓 Heartbeat — 03:06 — Watching for updates…
[2026-05-20T03:07:00+0800] 💓 Heartbeat — 03:07 — Watching for updates…
[2026-05-20T03:08:00+0800] 💓 Heartbeat — 03:08 — Watching for updates…
[2026-05-20T03:09:00+0800] 💓 Heartbeat — 03:09 — Watching for updates…
[2026-05-20T03:10:01+0800] 💓 Heartbeat — 03:10 — Watching for updates…
[2026-05-20T03:11:01+0800] 💓 Heartbeat — 03:11 — Watching for updates…
[2026-05-20T03:12:01+0800] 💓 Heartbeat — 03:12 — Watching for updates…
[2026-05-20T03:13:02+0800] 💓 Heartbeat — 03:13 — Watching for updates…
[2026-05-20T03:14:03+0800] 💓 Heartbeat — 03:14 — Watching for updates…
/Users/openclaw/Downloads/MYCHEF . MASTER/control-tower/watcher.sh: line 77: ((: 08: value too great for base (error token is "08")
[2026-05-20T03:15:03+0800] 💓 Heartbeat — 03:15 — Watching for updates…
/Users/openclaw/Downloads/MYCHEF . MASTER/control-tower/watcher.sh: line 77: ((: 08: value too great for base (error token is "08")
[2026-05-20T03:16:04+0800] 💓 Heartbeat — 03:16 — Watching for updates…
/Users/openclaw/Downloads/MYCHEF . MASTER/control-tower/watcher.sh: line 77: ((: 09: value too great for base (error token is "09")
[2026-05-20T03:17:04+0800] 💓 Heartbeat — 03:17 — Watching for updates…
/Users/openclaw/Downloads/MYCHEF . MASTER/control-tower/watcher.sh: line 77: ((: 09: value too great for base (error token is "09")
[2026-05-20T03:18:04+0800] 💓 Heartbeat — 03:18 — Watching for updates…
/Users/openclaw/Downloads/MYCHEF . MASTER/control-tower/watcher.sh: line 77: ((: 09: value too great for base (error token is "09")
[2026-05-20T03:19:00+0800] 💓 Heartbeat — 03:19 — Watching for updates…
[2026-05-20T03:20:00+0800] 💓 Heartbeat — 03:20 — Watching for updates…
[2026-05-20T03:21:00+0800] 💓 Heartbeat — 03:21 — Watching for updates…
[2026-05-20T03:22:00+0800] 💓 Heartbeat — 03:22 — Watching for updates…
[2026-05-20T03:23:01+0800] 💓 Heartbeat — 03:23 — Watching for updates…
[2026-05-20T03:24:01+0800] 💓 Heartbeat — 03:24 — Watching for updates…
[2026-05-20T03:25:01+0800] 💓 Heartbeat — 03:25 — Watching for updates…
[2026-05-20T03:26:01+0800] 💓 Heartbeat — 03:26 — Watching for updates…
[2026-05-20T03:27:02+0800] 💓 Heartbeat — 03:27 — Watching for updates…
[2026-05-20T03:28:02+0800] 💓 Heartbeat — 03:28 — Watching for updates…
[2026-05-20T03:29:02+0800] 💓 Heartbeat — 03:29 — Watching for updates…
[2026-05-20T03:30:03+0800] 💓 Heartbeat — 03:30 — Watching for updates…
/Users/openclaw/Downloads/MYCHEF . MASTER/control-tower/watcher.sh: line 77: ((: 08: value too great for base (error token is "08")
[2026-05-20T03:31:03+0800] 💓 Heartbeat — 03:31 — Watching for updates…
/Users/openclaw/Downloads/MYCHEF . MASTER/control-tower/watcher.sh: line 77: ((: 08: value too great for base (error token is "08")
[2026-05-20T03:32:03+0800] 💓 Heartbeat — 03:32 — Watching for updates…
/Users/openclaw/Downloads/MYCHEF . MASTER/control-tower/watcher.sh: line 77: ((: 08: value too great for base (error token is "08")
[2026-05-20T03:33:03+0800] 💓 Heartbeat — 03:33 — Watching for updates…
/Users/openclaw/Downloads/MYCHEF . MASTER/control-tower/watcher.sh: line 77: ((: 08: value too great for base (error token is "08")
[2026-05-20T03:34:04+0800] 💓 Heartbeat — 03:34 — Watching for updates…
/Users/openclaw/Downloads/MYCHEF . MASTER/control-tower/watcher.sh: line 77: ((: 09: value too great for base (error token is "09")
[2026-05-20T03:35:04+0800] 💓 Heartbeat — 03:35 — Watching for updates…
/Users/openclaw/Downloads/MYCHEF . MASTER/control-tower/watcher.sh: line 77: ((: 09: value too great for base (error token is "09")
[2026-05-20T03:36:04+0800] 💓 Heartbeat — 03:36 — Watching for updates…
/Users/openclaw/Downloads/MYCHEF . MASTER/control-tower/watcher.sh: line 77: ((: 09: value too great for base (error token is "09")
[2026-05-20T03:37:04+0800] 💓 Heartbeat — 03:37 — Watching for updates…
/Users/openclaw/Downloads/MYCHEF . MASTER/control-tower/watcher.sh: line 77: ((: 09: value too great for base (error token is "09")
[2026-05-20T03:38:00+0800] 💓 Heartbeat — 03:38 — Watching for updates…
[2026-05-20T03:39:00+0800] 💓 Heartbeat — 03:39 — Watching for updates…
[2026-05-20T03:40:00+0800] 💓 Heartbeat — 03:40 — Watching for updates…
[2026-05-20T03:41:01+0800] 💓 Heartbeat — 03:41 — Watching for updates…
[2026-05-20T03:42:01+0800] 💓 Heartbeat — 03:42 — Watching for updates…
[2026-05-20T03:43:01+0800] 💓 Heartbeat — 03:43 — Watching for updates…
[2026-05-20T03:44:01+0800] 💓 Heartbeat — 03:44 — Watching for updates…
[2026-05-20T03:45:02+0800] 💓 Heartbeat — 03:45 — Watching for updates…
[2026-05-20T03:46:02+0800] 💓 Heartbeat — 03:46 — Watching for updates…
[2026-05-20T03:47:02+0800] 💓 Heartbeat — 03:47 — Watching for updates…
[2026-05-20T03:48:02+0800] 💓 Heartbeat — 03:48 — Watching for updates…
[2026-05-20T03:49:03+0800] 💓 Heartbeat — 03:49 — Watching for updates…
/Users/openclaw/Downloads/MYCHEF . MASTER/control-tower/watcher.sh: line 77: ((: 08: value too great for base (error token is "08")
[2026-05-20T03:50:03+0800] 💓 Heartbeat — 03:50 — Watching for updates…
/Users/openclaw/Downloads/MYCHEF . MASTER/control-tower/watcher.sh: line 77: ((: 08: value too great for base (error token is "08")
[2026-05-20T03:51:03+0800] 💓 Heartbeat — 03:51 — Watching for updates…
/Users/openclaw/Downloads/MYCHEF . MASTER/control-tower/watcher.sh: line 77: ((: 08: value too great for base (error token is "08")
[2026-05-20T03:52:03+0800] 💓 Heartbeat — 03:52 — Watching for updates…
/Users/openclaw/Downloads/MYCHEF . MASTER/control-tower/watcher.sh: line 77: ((: 08: value too great for base (error token is "08")
[2026-05-20T03:53:04+0800] 💓 Heartbeat — 03:53 — Watching for updates…
/Users/openclaw/Downloads/MYCHEF . MASTER/control-tower/watcher.sh: line 77: ((: 09: value too great for base (error token is "09")
[2026-05-20T03:54:04+0800] 💓 Heartbeat — 03:54 — Watching for updates…
/Users/openclaw/Downloads/MYCHEF . MASTER/control-tower/watcher.sh: line 77: ((: 09: value too great for base (error token is "09")
[2026-05-20T03:55:04+0800] 💓 Heartbeat — 03:55 — Watching for updates…
/Users/openclaw/Downloads/MYCHEF . MASTER/control-tower/watcher.sh: line 77: ((: 09: value too great for base (error token is "09")
[2026-05-20T03:56:04+0800] 💓 Heartbeat — 03:56 — Watching for updates…
/Users/openclaw/Downloads/MYCHEF . MASTER/control-tower/watcher.sh: line 77: ((: 09: value too great for base (error token is "09")
[2026-05-20T03:57:00+0800] 💓 Heartbeat — 03:57 — Watching for updates…
[2026-05-20T03:58:00+0800] 💓 Heartbeat — 03:58 — Watching for updates…
[2026-05-20T03:59:00+0800] 💓 Heartbeat — 03:59 — Watching for updates…
[2026-05-20T04:00:01+0800] 💓 Heartbeat — 04:00 — Watching for updates…
[2026-05-20T04:01:01+0800] 💓 Heartbeat — 04:01 — Watching for updates…
[2026-05-20T04:02:01+0800] 💓 Heartbeat — 04:02 — Watching for updates…
[2026-05-20T04:03:02+0800] 💓 Heartbeat — 04:03 — Watching for updates…
[2026-05-20T04:04:02+0800] 💓 Heartbeat — 04:04 — Watching for updates…
[2026-05-20T04:05:02+0800] 💓 Heartbeat — 04:05 — Watching for updates…
[2026-05-20T04:06:02+0800] 💓 Heartbeat — 04:06 — Watching for updates…
[2026-05-20T04:07:03+0800] 💓 Heartbeat — 04:07 — Watching for updates…
/Users/openclaw/Downloads/MYCHEF . MASTER/control-tower/watcher.sh: line 77: ((: 08: value too great for base (error token is "08")
[2026-05-20T04:08:03+0800] 💓 Heartbeat — 04:08 — Watching for updates…
/Users/openclaw/Downloads/MYCHEF . MASTER/control-tower/watcher.sh: line 77: ((: 08: value too great for base (error token is "08")
[2026-05-20T04:09:03+0800] 💓 Heartbeat — 04:09 — Watching for updates…
/Users/openclaw/Downloads/MYCHEF . MASTER/control-tower/watcher.sh: line 77: ((: 08: value too great for base (error token is "08")
[2026-05-20T04:10:03+0800] 💓 Heartbeat — 04:10 — Watching for updates…
/Users/openclaw/Downloads/MYCHEF . MASTER/control-tower/watcher.sh: line 77: ((: 08: value too great for base (error token is "08")
[2026-05-20T04:11:04+0800] 💓 Heartbeat — 04:11 — Watching for updates…
/Users/openclaw/Downloads/MYCHEF . MASTER/control-tower/watcher.sh: line 77: ((: 09: value too great for base (error token is "09")
[2026-05-20T04:12:04+0800] 💓 Heartbeat — 04:12 — Watching for updates…
/Users/openclaw/Downloads/MYCHEF . MASTER/control-tower/watcher.sh: line 77: ((: 09: value too great for base (error token is "09")
[2026-05-20T04:13:04+0800] 💓 Heartbeat — 04:13 — Watching for updates…
/Users/openclaw/Downloads/MYCHEF . MASTER/control-tower/watcher.sh: line 77: ((: 09: value too great for base (error token is "09")
[2026-05-20T04:14:00+0800] 💓 Heartbeat — 04:14 — Watching for updates…
[2026-05-20T04:15:00+0800] 💓 Heartbeat — 04:15 — Watching for updates…
[2026-05-20T04:16:00+0800] 💓 Heartbeat — 04:16 — Watching for updates…
[2026-05-20T04:17:00+0800] 💓 Heartbeat — 04:17 — Watching for updates…
[2026-05-20T04:18:01+0800] 💓 Heartbeat — 04:18 — Watching for updates…
[2026-05-20T04:19:01+0800] 💓 Heartbeat — 04:19 — Watching for updates…
[2026-05-20T04:20:01+0800] 💓 Heartbeat — 04:20 — Watching for updates…
[2026-05-20T04:21:02+0800] 💓 Heartbeat — 04:21 — Watching for updates…
[2026-05-20T04:22:02+0800] 💓 Heartbeat — 04:22 — Watching for updates…
[2026-05-20T04:23:02+0800] 💓 Heartbeat — 04:23 — Watching for updates…
[2026-05-20T04:24:03+0800] 💓 Heartbeat — 04:24 — Watching for updates…
/Users/openclaw/Downloads/MYCHEF . MASTER/control-tower/watcher.sh: line 77: ((: 08: value too great for base (error token is "08")
[2026-05-20T04:25:03+0800] 💓 Heartbeat — 04:25 — Watching for updates…
/Users/openclaw/Downloads/MYCHEF . MASTER/control-tower/watcher.sh: line 77: ((: 08: value too great for base (error token is "08")
[2026-05-20T04:26:03+0800] 💓 Heartbeat — 04:26 — Watching for updates…
/Users/openclaw/Downloads/MYCHEF . MASTER/control-tower/watcher.sh: line 77: ((: 08: value too great for base (error token is "08")
[2026-05-20T04:27:04+0800] 💓 Heartbeat — 04:27 — Watching for updates…
/Users/openclaw/Downloads/MYCHEF . MASTER/control-tower/watcher.sh: line 77: ((: 09: value too great for base (error token is "09")
[2026-05-20T04:28:04+0800] 💓 Heartbeat — 04:28 — Watching for updates…
/Users/openclaw/Downloads/MYCHEF . MASTER/control-tower/watcher.sh: line 77: ((: 09: value too great for base (error token is "09")
[2026-05-20T04:29:05+0800] 💓 Heartbeat — 04:29 — Watching for updates…
[2026-05-20T04:30:00+0800] 💓 Heartbeat — 04:30 — Watching for updates…
[2026-05-20T04:31:00+0800] 💓 Heartbeat — 04:31 — Watching for updates…
[2026-05-20T04:32:01+0800] 💓 Heartbeat — 04:32 — Watching for updates…
[2026-05-20T04:33:01+0800] 💓 Heartbeat — 04:33 — Watching for updates…
[2026-05-20T04:34:01+0800] 💓 Heartbeat — 04:34 — Watching for updates…
[2026-05-20T04:35:01+0800] 💓 Heartbeat — 04:35 — Watching for updates…
[2026-05-20T04:36:02+0800] 💓 Heartbeat — 04:36 — Watching for updates…
[2026-05-20T04:37:02+0800] 💓 Heartbeat — 04:37 — Watching for updates…
[2026-05-20T04:38:02+0800] 💓 Heartbeat — 04:38 — Watching for updates…
[2026-05-20T04:39:03+0800] 💓 Heartbeat — 04:39 — Watching for updates…
/Users/openclaw/Downloads/MYCHEF . MASTER/control-tower/watcher.sh: line 77: ((: 08: value too great for base (error token is "08")
[2026-05-20T04:40:03+0800] 💓 Heartbeat — 04:40 — Watching for updates…
/Users/openclaw/Downloads/MYCHEF . MASTER/control-tower/watcher.sh: line 77: ((: 08: value too great for base (error token is "08")
[2026-05-20T04:41:03+0800] 💓 Heartbeat — 04:41 — Watching for updates…
/Users/openclaw/Downloads/MYCHEF . MASTER/control-tower/watcher.sh: line 77: ((: 08: value too great for base (error token is "08")
[2026-05-20T04:42:03+0800] 💓 Heartbeat — 04:42 — Watching for updates…
/Users/openclaw/Downloads/MYCHEF . MASTER/control-tower/watcher.sh: line 77: ((: 08: value too great for base (error token is "08")
[2026-05-20T04:43:04+0800] 💓 Heartbeat — 04:43 — Watching for updates…
/Users/openclaw/Downloads/MYCHEF . MASTER/control-tower/watcher.sh: line 77: ((: 09: value too great for base (error token is "09")
[2026-05-20T04:44:04+0800] 💓 Heartbeat — 04:44 — Watching for updates…
/Users/openclaw/Downloads/MYCHEF . MASTER/control-tower/watcher.sh: line 77: ((: 09: value too great for base (error token is "09")
[2026-05-20T04:45:04+0800] 💓 Heartbeat — 04:45 — Watching for updates…
/Users/openclaw/Downloads/MYCHEF . MASTER/control-tower/watcher.sh: line 77: ((: 09: value too great for base (error token is "09")
[2026-05-20T04:46:04+0800] 💓 Heartbeat — 04:46 — Watching for updates…
[2026-05-20T04:47:00+0800] 💓 Heartbeat — 04:47 — Watching for updates…
[2026-05-20T04:48:00+0800] 💓 Heartbeat — 04:48 — Watching for updates…
[2026-05-20T04:49:00+0800] 💓 Heartbeat — 04:49 — Watching for updates…
[2026-05-20T04:50:01+0800] 💓 Heartbeat — 04:50 — Watching for updates…
[2026-05-20T04:51:01+0800] 💓 Heartbeat — 04:51 — Watching for updates…
[2026-05-20T04:52:01+0800] 💓 Heartbeat — 04:52 — Watching for updates…
[2026-05-20T04:53:02+0800] 💓 Heartbeat — 04:53 — Watching for updates…
[2026-05-20T04:54:02+0800] 💓 Heartbeat — 04:54 — Watching for updates…
[2026-05-20T04:55:02+0800] 💓 Heartbeat — 04:55 — Watching for updates…
[2026-05-20T04:56:02+0800] 💓 Heartbeat — 04:56 — Watching for updates…
[2026-05-20T04:57:03+0800] 💓 Heartbeat — 04:57 — Watching for updates…
/Users/openclaw/Downloads/MYCHEF . MASTER/control-tower/watcher.sh: line 77: ((: 08: value too great for base (error token is "08")
[2026-05-20T04:58:03+0800] 💓 Heartbeat — 04:58 — Watching for updates…
/Users/openclaw/Downloads/MYCHEF . MASTER/control-tower/watcher.sh: line 77: ((: 08: value too great for base (error token is "08")
[2026-05-20T04:59:03+0800] 💓 Heartbeat — 04:59 — Watching for updates…
/Users/openclaw/Downloads/MYCHEF . MASTER/control-tower/watcher.sh: line 77: ((: 08: value too great for base (error token is "08")
[2026-05-20T05:00:03+0800] 💓 Heartbeat — 05:00 — Watching for updates…
/Users/openclaw/Downloads/MYCHEF . MASTER/control-tower/watcher.sh: line 77: ((: 08: value too great for base (error token is "08")
[2026-05-20T05:01:04+0800] 💓 Heartbeat — 05:01 — Watching for updates…
/Users/openclaw/Downloads/MYCHEF . MASTER/control-tower/watcher.sh: line 77: ((: 09: value too great for base (error token is "09")
[2026-05-20T05:02:04+0800] 💓 Heartbeat — 05:02 — Watching for updates…
/Users/openclaw/Downloads/MYCHEF . MASTER/control-tower/watcher.sh: line 77: ((: 09: value too great for base (error token is "09")
[2026-05-20T05:03:04+0800] 💓 Heartbeat — 05:03 — Watching for updates…
/Users/openclaw/Downloads/MYCHEF . MASTER/control-tower/watcher.sh: line 77: ((: 09: value too great for base (error token is "09")
[2026-05-20T05:05:00+0800] 💓 Heartbeat — 05:05 — Watching for updates…
[2026-05-20T05:06:00+0800] 💓 Heartbeat — 05:06 — Watching for updates…
[2026-05-20T05:07:00+0800] 💓 Heartbeat — 05:07 — Watching for updates…
[2026-05-20T05:08:01+0800] 💓 Heartbeat — 05:08 — Watching for updates…
[2026-05-20T05:09:01+0800] 💓 Heartbeat — 05:09 — Watching for updates…
[2026-05-20T05:10:01+0800] 💓 Heartbeat — 05:10 — Watching for updates…
[2026-05-20T05:11:01+0800] 💓 Heartbeat — 05:11 — Watching for updates…
[2026-05-20T05:12:02+0800] 💓 Heartbeat — 05:12 — Watching for updates…
[2026-05-20T05:13:02+0800] 💓 Heartbeat — 05:13 — Watching for updates…
[2026-05-20T05:14:03+0800] 💓 Heartbeat — 05:14 — Watching for updates…
/Users/openclaw/Downloads/MYCHEF . MASTER/control-tower/watcher.sh: line 77: ((: 08: value too great for base (error token is "08")
[2026-05-20T05:15:03+0800] 💓 Heartbeat — 05:15 — Watching for updates…
/Users/openclaw/Downloads/MYCHEF . MASTER/control-tower/watcher.sh: line 77: ((: 08: value too great for base (error token is "08")
[2026-05-20T05:16:03+0800] 💓 Heartbeat — 05:16 — Watching for updates…
/Users/openclaw/Downloads/MYCHEF . MASTER/control-tower/watcher.sh: line 77: ((: 08: value too great for base (error token is "08")
[2026-05-20T05:17:03+0800] 💓 Heartbeat — 05:17 — Watching for updates…
/Users/openclaw/Downloads/MYCHEF . MASTER/control-tower/watcher.sh: line 77: ((: 08: value too great for base (error token is "08")
[2026-05-20T05:18:04+0800] 💓 Heartbeat — 05:18 — Watching for updates…
/Users/openclaw/Downloads/MYCHEF . MASTER/control-tower/watcher.sh: line 77: ((: 09: value too great for base (error token is "09")
[2026-05-20T05:19:04+0800] 💓 Heartbeat — 05:19 — Watching for updates…
/Users/openclaw/Downloads/MYCHEF . MASTER/control-tower/watcher.sh: line 77: ((: 09: value too great for base (error token is "09")
[2026-05-20T05:20:04+0800] 💓 Heartbeat — 05:20 — Watching for updates…
/Users/openclaw/Downloads/MYCHEF . MASTER/control-tower/watcher.sh: line 77: ((: 09: value too great for base (error token is "09")
[2026-05-20T05:22:00+0800] 💓 Heartbeat — 05:22 — Watching for updates…
[2026-05-20T05:23:00+0800] 💓 Heartbeat — 05:23 — Watching for updates…
[2026-05-20T05:24:00+0800] 💓 Heartbeat — 05:24 — Watching for updates…
[2026-05-20T05:25:01+0800] 💓 Heartbeat — 05:25 — Watching for updates…
[2026-05-20T05:26:01+0800] 💓 Heartbeat — 05:26 — Watching for updates…
[2026-05-20T05:27:01+0800] 💓 Heartbeat — 05:27 — Watching for updates…
[2026-05-20T05:28:01+0800] 💓 Heartbeat — 05:28 — Watching for updates…
[2026-05-20T05:29:02+0800] 💓 Heartbeat — 05:29 — Watching for updates…
[2026-05-20T05:30:02+0800] 💓 Heartbeat — 05:30 — Watching for updates…
[2026-05-20T05:31:02+0800] 💓 Heartbeat — 05:31 — Watching for updates…
[2026-05-20T05:32:03+0800] 💓 Heartbeat — 05:32 — Watching for updates…
/Users/openclaw/Downloads/MYCHEF . MASTER/control-tower/watcher.sh: line 77: ((: 08: value too great for base (error token is "08")
[2026-05-20T05:33:03+0800] 💓 Heartbeat — 05:33 — Watching for updates…
/Users/openclaw/Downloads/MYCHEF . MASTER/control-tower/watcher.sh: line 77: ((: 08: value too great for base (error token is "08")
[2026-05-20T05:34:03+0800] 💓 Heartbeat — 05:34 — Watching for updates…
/Users/openclaw/Downloads/MYCHEF . MASTER/control-tower/watcher.sh: line 77: ((: 08: value too great for base (error token is "08")
[2026-05-20T05:35:04+0800] 💓 Heartbeat — 05:35 — Watching for updates…
/Users/openclaw/Downloads/MYCHEF . MASTER/control-tower/watcher.sh: line 77: ((: 09: value too great for base (error token is "09")
[2026-05-20T05:36:04+0800] 💓 Heartbeat — 05:36 — Watching for updates…
/Users/openclaw/Downloads/MYCHEF . MASTER/control-tower/watcher.sh: line 77: ((: 09: value too great for base (error token is "09")
[2026-05-20T05:37:04+0800] 💓 Heartbeat — 05:37 — Watching for updates…
/Users/openclaw/Downloads/MYCHEF . MASTER/control-tower/watcher.sh: line 77: ((: 09: value too great for base (error token is "09")
[2026-05-20T05:38:04+0800] 💓 Heartbeat — 05:38 — Watching for updates…
/Users/openclaw/Downloads/MYCHEF . MASTER/control-tower/watcher.sh: line 77: ((: 09: value too great for base (error token is "09")
[2026-05-20T05:39:00+0800] 💓 Heartbeat — 05:39 — Watching for updates…
[2026-05-20T05:40:00+0800] 💓 Heartbeat — 05:40 — Watching for updates…
[2026-05-20T05:41:00+0800] 💓 Heartbeat — 05:41 — Watching for updates…
[2026-05-20T05:42:01+0800] 💓 Heartbeat — 05:42 — Watching for updates…
[2026-05-20T05:43:01+0800] 💓 Heartbeat — 05:43 — Watching for updates…
[2026-05-20T05:44:01+0800] 💓 Heartbeat — 05:44 — Watching for updates…
[2026-05-20T05:45:02+0800] 💓 Heartbeat — 05:45 — Watching for updates…
[2026-05-20T05:46:02+0800] 💓 Heartbeat — 05:46 — Watching for updates…
[2026-05-20T05:47:02+0800] 💓 Heartbeat — 05:47 — Watching for updates…
[2026-05-20T05:48:03+0800] 💓 Heartbeat — 05:48 — Watching for updates…
/Users/openclaw/Downloads/MYCHEF . MASTER/control-tower/watcher.sh: line 77: ((: 08: value too great for base (error token is "08")
[2026-05-20T05:49:03+0800] 💓 Heartbeat — 05:49 — Watching for updates…
/Users/openclaw/Downloads/MYCHEF . MASTER/control-tower/watcher.sh: line 77: ((: 08: value too great for base (error token is "08")
[2026-05-20T05:50:03+0800] 💓 Heartbeat — 05:50 — Watching for updates…
/Users/openclaw/Downloads/MYCHEF . MASTER/control-tower/watcher.sh: line 77: ((: 08: value too great for base (error token is "08")
[2026-05-20T05:51:03+0800] 💓 Heartbeat — 05:51 — Watching for updates…
/Users/openclaw/Downloads/MYCHEF . MASTER/control-tower/watcher.sh: line 77: ((: 08: value too great for base (error token is "08")
[2026-05-20T05:52:04+0800] 💓 Heartbeat — 05:52 — Watching for updates…
/Users/openclaw/Downloads/MYCHEF . MASTER/control-tower/watcher.sh: line 77: ((: 09: value too great for base (error token is "09")
[2026-05-20T05:53:04+0800] 💓 Heartbeat — 05:53 — Watching for updates…
/Users/openclaw/Downloads/MYCHEF . MASTER/control-tower/watcher.sh: line 77: ((: 09: value too great for base (error token is "09")
[2026-05-20T05:54:04+0800] 💓 Heartbeat — 05:54 — Watching for updates…
/Users/openclaw/Downloads/MYCHEF . MASTER/control-tower/watcher.sh: line 77: ((: 09: value too great for base (error token is "09")
[2026-05-20T05:55:04+0800] 💓 Heartbeat — 05:55 — Watching for updates…
/Users/openclaw/Downloads/MYCHEF . MASTER/control-tower/watcher.sh: line 77: ((: 09: value too great for base (error token is "09")
[2026-05-20T05:56:00+0800] 💓 Heartbeat — 05:56 — Watching for updates…
[2026-05-20T05:57:00+0800] 💓 Heartbeat — 05:57 — Watching for updates…
[2026-05-20T05:58:00+0800] 💓 Heartbeat — 05:58 — Watching for updates…
[2026-05-20T05:59:00+0800] 💓 Heartbeat — 05:59 — Watching for updates…
[2026-05-20T06:00:01+0800] 💓 Heartbeat — 06:00 — Watching for updates…
[2026-05-20T06:01:01+0800] 💓 Heartbeat — 06:01 — Watching for updates…
[2026-05-20T06:02:01+0800] 💓 Heartbeat — 06:02 — Watching for updates…
[2026-05-20T06:03:02+0800] 💓 Heartbeat — 06:03 — Watching for updates…
[2026-05-20T06:04:02+0800] 💓 Heartbeat — 06:04 — Watching for updates…
[2026-05-20T06:05:02+0800] 💓 Heartbeat — 06:05 — Watching for updates…
[2026-05-20T06:06:02+0800] 💓 Heartbeat — 06:06 — Watching for updates…
[2026-05-20T06:07:03+0800] 💓 Heartbeat — 06:07 — Watching for updates…
/Users/openclaw/Downloads/MYCHEF . MASTER/control-tower/watcher.sh: line 77: ((: 08: value too great for base (error token is "08")
[2026-05-20T06:08:03+0800] 💓 Heartbeat — 06:08 — Watching for updates…
/Users/openclaw/Downloads/MYCHEF . MASTER/control-tower/watcher.sh: line 77: ((: 08: value too great for base (error token is "08")
[2026-05-20T06:09:03+0800] 💓 Heartbeat — 06:09 — Watching for updates…
/Users/openclaw/Downloads/MYCHEF . MASTER/control-tower/watcher.sh: line 77: ((: 08: value too great for base (error token is "08")
[2026-05-20T06:10:03+0800] 💓 Heartbeat — 06:10 — Watching for updates…
/Users/openclaw/Downloads/MYCHEF . MASTER/control-tower/watcher.sh: line 77: ((: 08: value too great for base (error token is "08")
[2026-05-20T06:11:04+0800] 💓 Heartbeat — 06:11 — Watching for updates…
/Users/openclaw/Downloads/MYCHEF . MASTER/control-tower/watcher.sh: line 77: ((: 09: value too great for base (error token is "09")
[2026-05-20T06:12:04+0800] 💓 Heartbeat — 06:12 — Watching for updates…
/Users/openclaw/Downloads/MYCHEF . MASTER/control-tower/watcher.sh: line 77: ((: 09: value too great for base (error token is "09")
[2026-05-20T06:13:04+0800] 💓 Heartbeat — 06:13 — Watching for updates…
/Users/openclaw/Downloads/MYCHEF . MASTER/control-tower/watcher.sh: line 77: ((: 09: value too great for base (error token is "09")
[2026-05-20T06:14:00+0800] 💓 Heartbeat — 06:14 — Watching for updates…
[2026-05-20T06:15:00+0800] 💓 Heartbeat — 06:15 — Watching for updates…
[2026-05-20T06:16:00+0800] 💓 Heartbeat — 06:16 — Watching for updates…
[2026-05-20T06:17:00+0800] 💓 Heartbeat — 06:17 — Watching for updates…
[2026-05-20T06:18:01+0800] 💓 Heartbeat — 06:18 — Watching for updates…
[2026-05-20T06:19:01+0800] 💓 Heartbeat — 06:19 — Watching for updates…
[2026-05-20T06:20:01+0800] 💓 Heartbeat — 06:20 — Watching for updates…
[2026-05-20T06:21:01+0800] 💓 Heartbeat — 06:21 — Watching for updates…
[2026-05-20T06:22:02+0800] 💓 Heartbeat — 06:22 — Watching for updates…
[2026-05-20T06:23:02+0800] 💓 Heartbeat — 06:23 — Watching for updates…
[2026-05-20T06:24:02+0800] 💓 Heartbeat — 06:24 — Watching for updates…
[2026-05-20T06:25:03+0800] 💓 Heartbeat — 06:25 — Watching for updates…
/Users/openclaw/Downloads/MYCHEF . MASTER/control-tower/watcher.sh: line 77: ((: 08: value too great for base (error token is "08")
[2026-05-20T06:26:03+0800] 💓 Heartbeat — 06:26 — Watching for updates…
/Users/openclaw/Downloads/MYCHEF . MASTER/control-tower/watcher.sh: line 77: ((: 08: value too great for base (error token is "08")
[2026-05-20T06:27:03+0800] 💓 Heartbeat — 06:27 — Watching for updates…
/Users/openclaw/Downloads/MYCHEF . MASTER/control-tower/watcher.sh: line 77: ((: 08: value too great for base (error token is "08")
[2026-05-20T06:28:03+0800] 💓 Heartbeat — 06:28 — Watching for updates…
/Users/openclaw/Downloads/MYCHEF . MASTER/control-tower/watcher.sh: line 77: ((: 08: value too great for base (error token is "08")
[2026-05-20T06:29:04+0800] 💓 Heartbeat — 06:29 — Watching for updates…
/Users/openclaw/Downloads/MYCHEF . MASTER/control-tower/watcher.sh: line 77: ((: 09: value too great for base (error token is "09")
[2026-05-20T06:30:04+0800] 💓 Heartbeat — 06:30 — Watching for updates…
/Users/openclaw/Downloads/MYCHEF . MASTER/control-tower/watcher.sh: line 77: ((: 09: value too great for base (error token is "09")
[2026-05-20T06:31:04+0800] 💓 Heartbeat — 06:31 — Watching for updates…
/Users/openclaw/Downloads/MYCHEF . MASTER/control-tower/watcher.sh: line 77: ((: 09: value too great for base (error token is "09")
[2026-05-20T06:33:00+0800] 💓 Heartbeat — 06:33 — Watching for updates…
[2026-05-20T06:34:00+0800] 💓 Heartbeat — 06:34 — Watching for updates…
[2026-05-20T06:35:00+0800] 💓 Heartbeat — 06:35 — Watching for updates…
[2026-05-20T06:36:01+0800] 💓 Heartbeat — 06:36 — Watching for updates…
[2026-05-20T06:37:01+0800] 💓 Heartbeat — 06:37 — Watching for updates…
[2026-05-20T06:38:01+0800] 💓 Heartbeat — 06:38 — Watching for updates…
[2026-05-20T06:39:01+0800] 💓 Heartbeat — 06:39 — Watching for updates…
[2026-05-20T06:40:02+0800] 💓 Heartbeat — 06:40 — Watching for updates…
[2026-05-20T06:41:02+0800] 💓 Heartbeat — 06:41 — Watching for updates…
[2026-05-20T06:42:02+0800] 💓 Heartbeat — 06:42 — Watching for updates…
[2026-05-20T06:43:03+0800] 💓 Heartbeat — 06:43 — Watching for updates…
/Users/openclaw/Downloads/MYCHEF . MASTER/control-tower/watcher.sh: line 77: ((: 08: value too great for base (error token is "08")
[2026-05-20T06:44:03+0800] 💓 Heartbeat — 06:44 — Watching for updates…
/Users/openclaw/Downloads/MYCHEF . MASTER/control-tower/watcher.sh: line 77: ((: 08: value too great for base (error token is "08")
[2026-05-20T06:45:03+0800] 💓 Heartbeat — 06:45 — Watching for updates…
/Users/openclaw/Downloads/MYCHEF . MASTER/control-tower/watcher.sh: line 77: ((: 08: value too great for base (error token is "08")
[2026-05-20T06:46:03+0800] 💓 Heartbeat — 06:46 — Watching for updates…
/Users/openclaw/Downloads/MYCHEF . MASTER/control-tower/watcher.sh: line 77: ((: 08: value too great for base (error token is "08")
[2026-05-20T06:47:04+0800] 💓 Heartbeat — 06:47 — Watching for updates…
/Users/openclaw/Downloads/MYCHEF . MASTER/control-tower/watcher.sh: line 77: ((: 09: value too great for base (error token is "09")
[2026-05-20T06:48:04+0800] 💓 Heartbeat — 06:48 — Watching for updates…
/Users/openclaw/Downloads/MYCHEF . MASTER/control-tower/watcher.sh: line 77: ((: 09: value too great for base (error token is "09")
[2026-05-20T06:49:04+0800] 💓 Heartbeat — 06:49 — Watching for updates…
/Users/openclaw/Downloads/MYCHEF . MASTER/control-tower/watcher.sh: line 77: ((: 09: value too great for base (error token is "09")
[2026-05-20T06:50:04+0800] 💓 Heartbeat — 06:50 — Watching for updates…
/Users/openclaw/Downloads/MYCHEF . MASTER/control-tower/watcher.sh: line 77: ((: 09: value too great for base (error token is "09")
[2026-05-20T06:51:00+0800] 💓 Heartbeat — 06:51 — Watching for updates…
[2026-05-20T06:52:00+0800] 💓 Heartbeat — 06:52 — Watching for updates…
[2026-05-20T06:53:00+0800] 💓 Heartbeat — 06:53 — Watching for updates…
[2026-05-20T06:54:01+0800] 💓 Heartbeat — 06:54 — Watching for updates…
[2026-05-20T06:55:01+0800] 💓 Heartbeat — 06:55 — Watching for updates…
[2026-05-20T06:56:01+0800] 💓 Heartbeat — 06:56 — Watching for updates…
[2026-05-20T06:57:01+0800] 💓 Heartbeat — 06:57 — Watching for updates…
[2026-05-20T06:58:02+0800] 💓 Heartbeat — 06:58 — Watching for updates…
[2026-05-20T06:59:02+0800] 💓 Heartbeat — 06:59 — Watching for updates…
[2026-05-20T07:00:02+0800] 💓 Heartbeat — 07:00 — Watching for updates…
[2026-05-20T07:01:02+0800] 💓 Heartbeat — 07:01 — Watching for updates…
[2026-05-20T07:02:03+0800] 💓 Heartbeat — 07:02 — Watching for updates…
/Users/openclaw/Downloads/MYCHEF . MASTER/control-tower/watcher.sh: line 77: ((: 08: value too great for base (error token is "08")
[2026-05-20T07:03:03+0800] 💓 Heartbeat — 07:03 — Watching for updates…
/Users/openclaw/Downloads/MYCHEF . MASTER/control-tower/watcher.sh: line 77: ((: 08: value too great for base (error token is "08")
[2026-05-20T07:04:03+0800] 💓 Heartbeat — 07:04 — Watching for updates…
/Users/openclaw/Downloads/MYCHEF . MASTER/control-tower/watcher.sh: line 77: ((: 08: value too great for base (error token is "08")
[2026-05-20T07:05:03+0800] 💓 Heartbeat — 07:05 — Watching for updates…
/Users/openclaw/Downloads/MYCHEF . MASTER/control-tower/watcher.sh: line 77: ((: 08: value too great for base (error token is "08")
[2026-05-20T07:06:04+0800] 💓 Heartbeat — 07:06 — Watching for updates…
/Users/openclaw/Downloads/MYCHEF . MASTER/control-tower/watcher.sh: line 77: ((: 09: value too great for base (error token is "09")
[2026-05-20T07:07:04+0800] 💓 Heartbeat — 07:07 — Watching for updates…
/Users/openclaw/Downloads/MYCHEF . MASTER/control-tower/watcher.sh: line 77: ((: 09: value too great for base (error token is "09")
[2026-05-20T07:08:04+0800] 💓 Heartbeat — 07:08 — Watching for updates…
/Users/openclaw/Downloads/MYCHEF . MASTER/control-tower/watcher.sh: line 77: ((: 09: value too great for base (error token is "09")
[2026-05-20T07:09:00+0800] 💓 Heartbeat — 07:09 — Watching for updates…
[2026-05-20T07:10:00+0800] 💓 Heartbeat — 07:10 — Watching for updates…
[2026-05-20T07:11:00+0800] 💓 Heartbeat — 07:11 — Watching for updates…
[2026-05-20T07:12:00+0800] 💓 Heartbeat — 07:12 — Watching for updates…
[2026-05-20T07:13:01+0800] 💓 Heartbeat — 07:13 — Watching for updates…
[2026-05-20T07:14:01+0800] 💓 Heartbeat — 07:14 — Watching for updates…
[2026-05-20T07:15:01+0800] 💓 Heartbeat — 07:15 — Watching for updates…
[2026-05-20T07:16:02+0800] 💓 Heartbeat — 07:16 — Watching for updates…
[2026-05-20T07:17:02+0800] 💓 Heartbeat — 07:17 — Watching for updates…
[2026-05-20T07:18:02+0800] 💓 Heartbeat — 07:18 — Watching for updates…
[2026-05-20T07:19:03+0800] 💓 Heartbeat — 07:19 — Watching for updates…
/Users/openclaw/Downloads/MYCHEF . MASTER/control-tower/watcher.sh: line 77: ((: 08: value too great for base (error token is "08")
[2026-05-20T07:20:03+0800] 💓 Heartbeat — 07:20 — Watching for updates…
/Users/openclaw/Downloads/MYCHEF . MASTER/control-tower/watcher.sh: line 77: ((: 08: value too great for base (error token is "08")
[2026-05-20T07:21:03+0800] 💓 Heartbeat — 07:21 — Watching for updates…
/Users/openclaw/Downloads/MYCHEF . MASTER/control-tower/watcher.sh: line 77: ((: 08: value too great for base (error token is "08")
[2026-05-20T07:22:03+0800] 💓 Heartbeat — 07:22 — Watching for updates…
/Users/openclaw/Downloads/MYCHEF . MASTER/control-tower/watcher.sh: line 77: ((: 08: value too great for base (error token is "08")
[2026-05-20T07:23:04+0800] 💓 Heartbeat — 07:23 — Watching for updates…
/Users/openclaw/Downloads/MYCHEF . MASTER/control-tower/watcher.sh: line 77: ((: 09: value too great for base (error token is "09")
[2026-05-20T07:24:04+0800] 💓 Heartbeat — 07:24 — Watching for updates…
/Users/openclaw/Downloads/MYCHEF . MASTER/control-tower/watcher.sh: line 77: ((: 09: value too great for base (error token is "09")
[2026-05-20T07:25:04+0800] 💓 Heartbeat — 07:25 — Watching for updates…
/Users/openclaw/Downloads/MYCHEF . MASTER/control-tower/watcher.sh: line 77: ((: 09: value too great for base (error token is "09")
[2026-05-20T07:26:04+0800] 💓 Heartbeat — 07:26 — Watching for updates…
/Users/openclaw/Downloads/MYCHEF . MASTER/control-tower/watcher.sh: line 77: ((: 09: value too great for base (error token is "09")
[2026-05-20T07:27:00+0800] 💓 Heartbeat — 07:27 — Watching for updates…
[2026-05-20T07:28:00+0800] 💓 Heartbeat — 07:28 — Watching for updates…
[2026-05-20T07:29:00+0800] 💓 Heartbeat — 07:29 — Watching for updates…
[2026-05-20T07:30:00+0800] 💓 Heartbeat — 07:30 — Watching for updates…
[2026-05-20T07:31:01+0800] 💓 Heartbeat — 07:31 — Watching for updates…
[2026-05-20T07:32:01+0800] 💓 Heartbeat — 07:32 — Watching for updates…
[2026-05-20T07:33:01+0800] 💓 Heartbeat — 07:33 — Watching for updates…
[2026-05-20T07:34:01+0800] 💓 Heartbeat — 07:34 — Watching for updates…
[2026-05-20T07:35:02+0800] 💓 Heartbeat — 07:35 — Watching for updates…
[2026-05-20T07:36:02+0800] 💓 Heartbeat — 07:36 — Watching for updates…
[2026-05-20T07:37:02+0800] 💓 Heartbeat — 07:37 — Watching for updates…
[2026-05-20T07:38:02+0800] 💓 Heartbeat — 07:38 — Watching for updates…
[2026-05-20T07:39:03+0800] 💓 Heartbeat — 07:39 — Watching for updates…
/Users/openclaw/Downloads/MYCHEF . MASTER/control-tower/watcher.sh: line 77: ((: 08: value too great for base (error token is "08")
[2026-05-20T07:40:03+0800] 💓 Heartbeat — 07:40 — Watching for updates…
/Users/openclaw/Downloads/MYCHEF . MASTER/control-tower/watcher.sh: line 77: ((: 08: value too great for base (error token is "08")
[2026-05-20T07:41:03+0800] 💓 Heartbeat — 07:41 — Watching for updates…
/Users/openclaw/Downloads/MYCHEF . MASTER/control-tower/watcher.sh: line 77: ((: 08: value too great for base (error token is "08")
[2026-05-20T07:42:03+0800] 💓 Heartbeat — 07:42 — Watching for updates…
/Users/openclaw/Downloads/MYCHEF . MASTER/control-tower/watcher.sh: line 77: ((: 08: value too great for base (error token is "08")
[2026-05-20T07:43:04+0800] 💓 Heartbeat — 07:43 — Watching for updates…
/Users/openclaw/Downloads/MYCHEF . MASTER/control-tower/watcher.sh: line 77: ((: 09: value too great for base (error token is "09")
[2026-05-20T07:44:04+0800] 💓 Heartbeat — 07:44 — Watching for updates…
/Users/openclaw/Downloads/MYCHEF . MASTER/control-tower/watcher.sh: line 77: ((: 09: value too great for base (error token is "09")
[2026-05-20T07:45:04+0800] 💓 Heartbeat — 07:45 — Watching for updates…
/Users/openclaw/Downloads/MYCHEF . MASTER/control-tower/watcher.sh: line 77: ((: 09: value too great for base (error token is "09")
[2026-05-20T07:46:04+0800] 💓 Heartbeat — 07:46 — Watching for updates…
/Users/openclaw/Downloads/MYCHEF . MASTER/control-tower/watcher.sh: line 77: ((: 09: value too great for base (error token is "09")
[2026-05-20T07:47:00+0800] 💓 Heartbeat — 07:47 — Watching for updates…
[2026-05-20T07:48:00+0800] 💓 Heartbeat — 07:48 — Watching for updates…
[2026-05-20T07:49:00+0800] 💓 Heartbeat — 07:49 — Watching for updates…
[2026-05-20T07:50:00+0800] 💓 Heartbeat — 07:50 — Watching for updates…
[2026-05-20T07:51:01+0800] 💓 Heartbeat — 07:51 — Watching for updates…
[2026-05-20T07:52:01+0800] 💓 Heartbeat — 07:52 — Watching for updates…
[2026-05-20T07:53:01+0800] 💓 Heartbeat — 07:53 — Watching for updates…
[2026-05-20T07:54:02+0800] 💓 Heartbeat — 07:54 — Watching for updates…
[2026-05-20T07:55:02+0800] 💓 Heartbeat — 07:55 — Watching for updates…
[2026-05-20T07:56:02+0800] 💓 Heartbeat — 07:56 — Watching for updates…
[2026-05-20T07:57:03+0800] 💓 Heartbeat — 07:57 — Watching for updates…
/Users/openclaw/Downloads/MYCHEF . MASTER/control-tower/watcher.sh: line 77: ((: 08: value too great for base (error token is "08")
[2026-05-20T07:58:03+0800] 💓 Heartbeat — 07:58 — Watching for updates…
/Users/openclaw/Downloads/MYCHEF . MASTER/control-tower/watcher.sh: line 77: ((: 08: value too great for base (error token is "08")
[2026-05-20T07:59:03+0800] 💓 Heartbeat — 07:59 — Watching for updates…
/Users/openclaw/Downloads/MYCHEF . MASTER/control-tower/watcher.sh: line 77: ((: 08: value too great for base (error token is "08")
[2026-05-20T08:00:04+0800] 💓 Heartbeat — 08:00 — Watching for updates…
/Users/openclaw/Downloads/MYCHEF . MASTER/control-tower/watcher.sh: line 77: ((: 09: value too great for base (error token is "09")
[2026-05-20T08:01:04+0800] 💓 Heartbeat — 08:01 — Watching for updates…
/Users/openclaw/Downloads/MYCHEF . MASTER/control-tower/watcher.sh: line 77: ((: 09: value too great for base (error token is "09")
[2026-05-20T08:02:04+0800] 💓 Heartbeat — 08:02 — Watching for updates…
/Users/openclaw/Downloads/MYCHEF . MASTER/control-tower/watcher.sh: line 77: ((: 09: value too great for base (error token is "09")
[2026-05-20T08:03:04+0800] 💓 Heartbeat — 08:03 — Watching for updates…
/Users/openclaw/Downloads/MYCHEF . MASTER/control-tower/watcher.sh: line 77: ((: 09: value too great for base (error token is "09")
[2026-05-20T08:04:04+0800] 💓 Heartbeat — 08:04 — Watching for updates…
[2026-05-20T08:05:00+0800] 💓 Heartbeat — 08:05 — Watching for updates…
[2026-05-20T08:06:00+0800] 💓 Heartbeat — 08:06 — Watching for updates…
[2026-05-20T08:07:00+0800] 💓 Heartbeat — 08:07 — Watching for updates…
[2026-05-20T08:08:01+0800] 💓 Heartbeat — 08:08 — Watching for updates…
[2026-05-20T08:09:01+0800] 💓 Heartbeat — 08:09 — Watching for updates…
[2026-05-20T08:10:01+0800] 💓 Heartbeat — 08:10 — Watching for updates…
[2026-05-20T08:11:02+0800] 💓 Heartbeat — 08:11 — Watching for updates…
[2026-05-20T08:12:02+0800] 💓 Heartbeat — 08:12 — Watching for updates…
[2026-05-20T08:13:03+0800] 💓 Heartbeat — 08:13 — Watching for updates…
/Users/openclaw/Downloads/MYCHEF . MASTER/control-tower/watcher.sh: line 77: ((: 08: value too great for base (error token is "08")
[2026-05-20T08:14:03+0800] 💓 Heartbeat — 08:14 — Watching for updates…
/Users/openclaw/Downloads/MYCHEF . MASTER/control-tower/watcher.sh: line 77: ((: 08: value too great for base (error token is "08")
[2026-05-20T08:15:03+0800] 💓 Heartbeat — 08:15 — Watching for updates…
/Users/openclaw/Downloads/MYCHEF . MASTER/control-tower/watcher.sh: line 77: ((: 08: value too great for base (error token is "08")
[2026-05-20T08:16:03+0800] 💓 Heartbeat — 08:16 — Watching for updates…
/Users/openclaw/Downloads/MYCHEF . MASTER/control-tower/watcher.sh: line 77: ((: 08: value too great for base (error token is "08")
[2026-05-20T08:17:04+0800] 💓 Heartbeat — 08:17 — Watching for updates…
/Users/openclaw/Downloads/MYCHEF . MASTER/control-tower/watcher.sh: line 77: ((: 09: value too great for base (error token is "09")
[2026-05-20T08:18:04+0800] 💓 Heartbeat — 08:18 — Watching for updates…
/Users/openclaw/Downloads/MYCHEF . MASTER/control-tower/watcher.sh: line 77: ((: 09: value too great for base (error token is "09")
[2026-05-20T08:19:04+0800] 💓 Heartbeat — 08:19 — Watching for updates…
/Users/openclaw/Downloads/MYCHEF . MASTER/control-tower/watcher.sh: line 77: ((: 09: value too great for base (error token is "09")
[2026-05-20T08:20:00+0800] 💓 Heartbeat — 08:20 — Watching for updates…
[2026-05-20T08:21:00+0800] 💓 Heartbeat — 08:21 — Watching for updates…
[2026-05-20T08:22:00+0800] 💓 Heartbeat — 08:22 — Watching for updates…
[2026-05-20T08:23:00+0800] 💓 Heartbeat — 08:23 — Watching for updates…
[2026-05-20T08:24:01+0800] 💓 Heartbeat — 08:24 — Watching for updates…
[2026-05-20T08:25:01+0800] 💓 Heartbeat — 08:25 — Watching for updates…
[2026-05-20T08:26:01+0800] 💓 Heartbeat — 08:26 — Watching for updates…
[2026-05-20T08:27:01+0800] 💓 Heartbeat — 08:27 — Watching for updates…
[2026-05-20T08:28:02+0800] 💓 Heartbeat — 08:28 — Watching for updates…
[2026-05-20T08:29:02+0800] 💓 Heartbeat — 08:29 — Watching for updates…
[2026-05-20T08:30:02+0800] 💓 Heartbeat — 08:30 — Watching for updates…
[2026-05-20T08:31:02+0800] 💓 Heartbeat — 08:31 — Watching for updates…
[2026-05-20T08:32:03+0800] 💓 Heartbeat — 08:32 — Watching for updates…
/Users/openclaw/Downloads/MYCHEF . MASTER/control-tower/watcher.sh: line 77: ((: 08: value too great for base (error token is "08")
[2026-05-20T08:33:03+0800] 💓 Heartbeat — 08:33 — Watching for updates…
/Users/openclaw/Downloads/MYCHEF . MASTER/control-tower/watcher.sh: line 77: ((: 08: value too great for base (error token is "08")
[2026-05-20T08:34:03+0800] 💓 Heartbeat — 08:34 — Watching for updates…
/Users/openclaw/Downloads/MYCHEF . MASTER/control-tower/watcher.sh: line 77: ((: 08: value too great for base (error token is "08")
[2026-05-20T08:35:04+0800] 💓 Heartbeat — 08:35 — Watching for updates…
/Users/openclaw/Downloads/MYCHEF . MASTER/control-tower/watcher.sh: line 77: ((: 09: value too great for base (error token is "09")
[2026-05-20T08:36:04+0800] 💓 Heartbeat — 08:36 — Watching for updates…
/Users/openclaw/Downloads/MYCHEF . MASTER/control-tower/watcher.sh: line 77: ((: 09: value too great for base (error token is "09")
[2026-05-20T08:37:04+0800] 💓 Heartbeat — 08:37 — Watching for updates…
/Users/openclaw/Downloads/MYCHEF . MASTER/control-tower/watcher.sh: line 77: ((: 09: value too great for base (error token is "09")
[2026-05-20T08:38:00+0800] 💓 Heartbeat — 08:38 — Watching for updates…
[2026-05-20T08:39:00+0800] 💓 Heartbeat — 08:39 — Watching for updates…
[2026-05-20T08:40:00+0800] 💓 Heartbeat — 08:40 — Watching for updates…
[2026-05-20T08:41:00+0800] 💓 Heartbeat — 08:41 — Watching for updates…
[2026-05-20T08:42:01+0800] 💓 Heartbeat — 08:42 — Watching for updates…
[2026-05-20T08:43:01+0800] 💓 Heartbeat — 08:43 — Watching for updates…
[2026-05-20T08:44:01+0800] 💓 Heartbeat — 08:44 — Watching for updates…
[2026-05-20T08:45:01+0800] 💓 Heartbeat — 08:45 — Watching for updates…
[2026-05-20T08:46:02+0800] 💓 Heartbeat — 08:46 — Watching for updates…
[2026-05-20T08:47:02+0800] 💓 Heartbeat — 08:47 — Watching for updates…
[2026-05-20T08:48:02+0800] 💓 Heartbeat — 08:48 — Watching for updates…
[2026-05-20T08:49:03+0800] 💓 Heartbeat — 08:49 — Watching for updates…
/Users/openclaw/Downloads/MYCHEF . MASTER/control-tower/watcher.sh: line 77: ((: 08: value too great for base (error token is "08")
[2026-05-20T08:50:03+0800] 💓 Heartbeat — 08:50 — Watching for updates…
/Users/openclaw/Downloads/MYCHEF . MASTER/control-tower/watcher.sh: line 77: ((: 08: value too great for base (error token is "08")
[2026-05-20T08:51:04+0800] 💓 Heartbeat — 08:51 — Watching for updates…
/Users/openclaw/Downloads/MYCHEF . MASTER/control-tower/watcher.sh: line 77: ((: 09: value too great for base (error token is "09")
[2026-05-20T08:52:04+0800] 💓 Heartbeat — 08:52 — Watching for updates…
/Users/openclaw/Downloads/MYCHEF . MASTER/control-tower/watcher.sh: line 77: ((: 09: value too great for base (error token is "09")
[2026-05-20T08:53:04+0800] 💓 Heartbeat — 08:53 — Watching for updates…
/Users/openclaw/Downloads/MYCHEF . MASTER/control-tower/watcher.sh: line 77: ((: 09: value too great for base (error token is "09")
[2026-05-20T08:54:04+0800] 💓 Heartbeat — 08:54 — Watching for updates…
[2026-05-20T08:55:00+0800] 💓 Heartbeat — 08:55 — Watching for updates…
[2026-05-20T08:56:00+0800] 💓 Heartbeat — 08:56 — Watching for updates…
[2026-05-20T08:57:00+0800] 💓 Heartbeat — 08:57 — Watching for updates…
[2026-05-20T08:58:01+0800] 💓 Heartbeat — 08:58 — Watching for updates…
[2026-05-20T08:59:01+0800] 💓 Heartbeat — 08:59 — Watching for updates…
[2026-05-20T09:00:01+0800] 💓 Heartbeat — 09:00 — Watching for updates…
[2026-05-20T09:01:01+0800] 💓 Heartbeat — 09:01 — Watching for updates…
[2026-05-20T09:02:02+0800] 💓 Heartbeat — 09:02 — Watching for updates…
[2026-05-20T09:03:02+0800] 💓 Heartbeat — 09:03 — Watching for updates…
[2026-05-20T09:04:02+0800] 💓 Heartbeat — 09:04 — Watching for updates…
/Users/openclaw/Downloads/MYCHEF . MASTER/control-tower/watcher.sh: line 77: ((: 08: value too great for base (error token is "08")
[2026-05-20T09:05:03+0800] 💓 Heartbeat — 09:05 — Watching for updates…
/Users/openclaw/Downloads/MYCHEF . MASTER/control-tower/watcher.sh: line 77: ((: 08: value too great for base (error token is "08")
[2026-05-20T09:06:03+0800] 💓 Heartbeat — 09:06 — Watching for updates…
/Users/openclaw/Downloads/MYCHEF . MASTER/control-tower/watcher.sh: line 77: ((: 08: value too great for base (error token is "08")
[2026-05-20T09:07:03+0800] 💓 Heartbeat — 09:07 — Watching for updates…
/Users/openclaw/Downloads/MYCHEF . MASTER/control-tower/watcher.sh: line 77: ((: 08: value too great for base (error token is "08")
[2026-05-20T09:08:04+0800] 💓 Heartbeat — 09:08 — Watching for updates…
/Users/openclaw/Downloads/MYCHEF . MASTER/control-tower/watcher.sh: line 77: ((: 09: value too great for base (error token is "09")
[2026-05-20T09:09:04+0800] 💓 Heartbeat — 09:09 — Watching for updates…
/Users/openclaw/Downloads/MYCHEF . MASTER/control-tower/watcher.sh: line 77: ((: 09: value too great for base (error token is "09")
[2026-05-20T09:11:00+0800] 💓 Heartbeat — 09:11 — Watching for updates…
[2026-05-20T09:12:00+0800] 💓 Heartbeat — 09:12 — Watching for updates…
[2026-05-20T09:13:00+0800] 💓 Heartbeat — 09:13 — Watching for updates…
[2026-05-20T09:14:01+0800] 💓 Heartbeat — 09:14 — Watching for updates…
[2026-05-20T09:15:01+0800] 💓 Heartbeat — 09:15 — Watching for updates…
[2026-05-20T09:16:01+0800] 💓 Heartbeat — 09:16 — Watching for updates…
[2026-05-20T09:17:02+0800] 💓 Heartbeat — 09:17 — Watching for updates…
[2026-05-20T09:18:02+0800] 💓 Heartbeat — 09:18 — Watching for updates…
[2026-05-20T09:19:02+0800] 💓 Heartbeat — 09:19 — Watching for updates…
[2026-05-20T09:20:02+0800] 💓 Heartbeat — 09:20 — Watching for updates…
[2026-05-20T09:21:03+0800] 💓 Heartbeat — 09:21 — Watching for updates…
/Users/openclaw/Downloads/MYCHEF . MASTER/control-tower/watcher.sh: line 77: ((: 08: value too great for base (error token is "08")
[2026-05-20T09:22:03+0800] 💓 Heartbeat — 09:22 — Watching for updates…
/Users/openclaw/Downloads/MYCHEF . MASTER/control-tower/watcher.sh: line 77: ((: 08: value too great for base (error token is "08")
[2026-05-20T09:23:03+0800] 💓 Heartbeat — 09:23 — Watching for updates…
/Users/openclaw/Downloads/MYCHEF . MASTER/control-tower/watcher.sh: line 77: ((: 08: value too great for base (error token is "08")
[2026-05-20T09:24:04+0800] 💓 Heartbeat — 09:24 — Watching for updates…
/Users/openclaw/Downloads/MYCHEF . MASTER/control-tower/watcher.sh: line 77: ((: 09: value too great for base (error token is "09")
[2026-05-20T09:25:04+0800] 💓 Heartbeat — 09:25 — Watching for updates…
/Users/openclaw/Downloads/MYCHEF . MASTER/control-tower/watcher.sh: line 77: ((: 09: value too great for base (error token is "09")
[2026-05-20T09:26:04+0800] 💓 Heartbeat — 09:26 — Watching for updates…
/Users/openclaw/Downloads/MYCHEF . MASTER/control-tower/watcher.sh: line 77: ((: 09: value too great for base (error token is "09")
[2026-05-20T09:28:00+0800] 💓 Heartbeat — 09:28 — Watching for updates…
[2026-05-20T09:29:00+0800] 💓 Heartbeat — 09:29 — Watching for updates…
[2026-05-20T09:30:00+0800] 💓 Heartbeat — 09:30 — Watching for updates…
[2026-05-20T09:31:01+0800] 💓 Heartbeat — 09:31 — Watching for updates…
[2026-05-20T09:32:01+0800] 💓 Heartbeat — 09:32 — Watching for updates…
[2026-05-20T09:33:01+0800] 💓 Heartbeat — 09:33 — Watching for updates…
[2026-05-20T09:34:01+0800] 💓 Heartbeat — 09:34 — Watching for updates…
[2026-05-20T09:35:02+0800] 💓 Heartbeat — 09:35 — Watching for updates…
[2026-05-20T09:36:02+0800] 💓 Heartbeat — 09:36 — Watching for updates…
[2026-05-20T09:37:02+0800] 💓 Heartbeat — 09:37 — Watching for updates…
[2026-05-20T09:38:03+0800] 💓 Heartbeat — 09:38 — Watching for updates…
/Users/openclaw/Downloads/MYCHEF . MASTER/control-tower/watcher.sh: line 77: ((: 08: value too great for base (error token is "08")
[2026-05-20T09:39:03+0800] 💓 Heartbeat — 09:39 — Watching for updates…
/Users/openclaw/Downloads/MYCHEF . MASTER/control-tower/watcher.sh: line 77: ((: 08: value too great for base (error token is "08")
[2026-05-20T09:40:03+0800] 💓 Heartbeat — 09:40 — Watching for updates…
/Users/openclaw/Downloads/MYCHEF . MASTER/control-tower/watcher.sh: line 77: ((: 08: value too great for base (error token is "08")
[2026-05-20T09:41:04+0800] 💓 Heartbeat — 09:41 — Watching for updates…
/Users/openclaw/Downloads/MYCHEF . MASTER/control-tower/watcher.sh: line 77: ((: 09: value too great for base (error token is "09")
[2026-05-20T09:42:04+0800] 💓 Heartbeat — 09:42 — Watching for updates…
/Users/openclaw/Downloads/MYCHEF . MASTER/control-tower/watcher.sh: line 77: ((: 09: value too great for base (error token is "09")
[2026-05-20T09:43:04+0800] 💓 Heartbeat — 09:43 — Watching for updates…
/Users/openclaw/Downloads/MYCHEF . MASTER/control-tower/watcher.sh: line 77: ((: 09: value too great for base (error token is "09")
[2026-05-20T09:44:04+0800] 💓 Heartbeat — 09:44 — Watching for updates…
/Users/openclaw/Downloads/MYCHEF . MASTER/control-tower/watcher.sh: line 77: ((: 09: value too great for base (error token is "09")
[2026-05-20T09:45:00+0800] 💓 Heartbeat — 09:45 — Watching for updates…
[2026-05-20T09:46:00+0800] 💓 Heartbeat — 09:46 — Watching for updates…
[2026-05-20T09:47:00+0800] 💓 Heartbeat — 09:47 — Watching for updates…
[2026-05-20T09:48:01+0800] 💓 Heartbeat — 09:48 — Watching for updates…
[2026-05-20T09:49:01+0800] 💓 Heartbeat — 09:49 — Watching for updates…
[2026-05-20T09:50:01+0800] 💓 Heartbeat — 09:50 — Watching for updates…
[2026-05-20T09:51:02+0800] 💓 Heartbeat — 09:51 — Watching for updates…
[2026-05-20T09:52:02+0800] 💓 Heartbeat — 09:52 — Watching for updates…
[2026-05-20T09:53:03+0800] 💓 Heartbeat — 09:53 — Watching for updates…
/Users/openclaw/Downloads/MYCHEF . MASTER/control-tower/watcher.sh: line 77: ((: 08: value too great for base (error token is "08")
[2026-05-20T09:54:03+0800] 💓 Heartbeat — 09:54 — Watching for updates…
/Users/openclaw/Downloads/MYCHEF . MASTER/control-tower/watcher.sh: line 77: ((: 08: value too great for base (error token is "08")
[2026-05-20T09:55:04+0800] 💓 Heartbeat — 09:55 — Watching for updates…
/Users/openclaw/Downloads/MYCHEF . MASTER/control-tower/watcher.sh: line 77: ((: 09: value too great for base (error token is "09")
[2026-05-20T09:56:04+0800] 💓 Heartbeat — 09:56 — Watching for updates…
/Users/openclaw/Downloads/MYCHEF . MASTER/control-tower/watcher.sh: line 77: ((: 09: value too great for base (error token is "09")
[2026-05-20T09:57:04+0800] 💓 Heartbeat — 09:57 — Watching for updates…
/Users/openclaw/Downloads/MYCHEF . MASTER/control-tower/watcher.sh: line 77: ((: 09: value too great for base (error token is "09")
[2026-05-20T09:58:00+0800] 💓 Heartbeat — 09:58 — Watching for updates…
[2026-05-20T09:59:00+0800] 💓 Heartbeat — 09:59 — Watching for updates…
[2026-05-20T10:00:00+0800] 💓 Heartbeat — 10:00 — Watching for updates…
[2026-05-20T10:01:00+0800] 💓 Heartbeat — 10:01 — Watching for updates…
[2026-05-20T10:02:01+0800] 💓 Heartbeat — 10:02 — Watching for updates…
[2026-05-20T10:03:01+0800] 💓 Heartbeat — 10:03 — Watching for updates…
[2026-05-20T10:04:01+0800] 💓 Heartbeat — 10:04 — Watching for updates…
[2026-05-20T10:05:01+0800] 💓 Heartbeat — 10:05 — Watching for updates…
[2026-05-20T10:06:02+0800] 💓 Heartbeat — 10:06 — Watching for updates…
[2026-05-20T10:07:02+0800] 💓 Heartbeat — 10:07 — Watching for updates…
[2026-05-20T10:08:02+0800] 💓 Heartbeat — 10:08 — Watching for updates…
[2026-05-20T10:09:03+0800] 💓 Heartbeat — 10:09 — Watching for updates…
/Users/openclaw/Downloads/MYCHEF . MASTER/control-tower/watcher.sh: line 77: ((: 08: value too great for base (error token is "08")
[2026-05-20T10:10:03+0800] 💓 Heartbeat — 10:10 — Watching for updates…
/Users/openclaw/Downloads/MYCHEF . MASTER/control-tower/watcher.sh: line 77: ((: 08: value too great for base (error token is "08")
[2026-05-20T10:11:03+0800] 💓 Heartbeat — 10:11 — Watching for updates…
/Users/openclaw/Downloads/MYCHEF . MASTER/control-tower/watcher.sh: line 77: ((: 08: value too great for base (error token is "08")
[2026-05-20T10:12:03+0800] 💓 Heartbeat — 10:12 — Watching for updates…
/Users/openclaw/Downloads/MYCHEF . MASTER/control-tower/watcher.sh: line 77: ((: 08: value too great for base (error token is "08")
[2026-05-20T10:13:04+0800] 💓 Heartbeat — 10:13 — Watching for updates…
/Users/openclaw/Downloads/MYCHEF . MASTER/control-tower/watcher.sh: line 77: ((: 09: value too great for base (error token is "09")
[2026-05-20T10:14:04+0800] 💓 Heartbeat — 10:14 — Watching for updates…
/Users/openclaw/Downloads/MYCHEF . MASTER/control-tower/watcher.sh: line 77: ((: 09: value too great for base (error token is "09")
[2026-05-20T10:15:04+0800] 💓 Heartbeat — 10:15 — Watching for updates…
/Users/openclaw/Downloads/MYCHEF . MASTER/control-tower/watcher.sh: line 77: ((: 09: value too great for base (error token is "09")
[2026-05-20T10:16:00+0800] 💓 Heartbeat — 10:16 — Watching for updates…
[2026-05-20T10:17:00+0800] 💓 Heartbeat — 10:17 — Watching for updates…
[2026-05-20T10:18:00+0800] 💓 Heartbeat — 10:18 — Watching for updates…
[2026-05-20T10:19:01+0800] 💓 Heartbeat — 10:19 — Watching for updates…
[2026-05-20T10:20:02+0800] 💓 Heartbeat — 10:20 — Watching for updates…
[2026-05-20T10:21:03+0800] 💓 Heartbeat — 10:21 — Watching for updates…
/Users/openclaw/Downloads/MYCHEF . MASTER/control-tower/watcher.sh: line 77: ((: 08: value too great for base (error token is "08")
[2026-05-20T10:22:04+0800] 💓 Heartbeat — 10:22 — Watching for updates…
[2026-05-20T10:23:03+0800] 💓 Heartbeat — 10:23 — Watching for updates…
